{
    "name": "凋零蜜蜂",
    "icon": "productivebees:wither_skull_chip",
    "read_by_default": true,
    "category": "productivebees:bees_hive",
    "flag": "productivebees:withered",
    "pages": [
        {
            "type": "patchouli:text",
            "title": "Withered Bee",
            "text": "用凋零玫瑰喂食 $(l:bees/hive/skeletal)骷髅蜜蜂$(/l).获得",
            "anchor": "withered"
        },
        {
            "type": "patchouli:entity",
            "entity": "productivebees:configurable_bee{type:'productivebees:withered'}"
        }
    ]
}