{
    "name": "巴西黑丝绒" , 
    "icon": "untamedwilds:textures/icon/tarantula/black.png" , 
    "category": "untamedwilds:tarantula_category" , 
    "pages": [
        {
            "type": "text" , 
            "title": "巴西黑丝绒" , 
            "text": "Grammostola pulchra是一种狼蛛。($(o)狼蛛科$())，原产于巴西。$(br2)它以其坚硬的黑色身体而闻名，这使它成为宠物贸易中一种极具吸引力的狼蛛。"
        } , 
        {
            "type": "entity" , 
            "entity": "untamedwilds:tarantula{Variant: 0, Size: 1}" , 
            "text": ""
        } , 
        {
            "type": "text" , 
            "title": "巴西黑丝绒" , 
            "text": "相对大小：\u2605\u2605\u2606\u2606\u2606$(br2)始终活动$(br2)1种肤色$(br2)最喜欢的食物：minecraft:chicken$(br2)种类数量：4$(br2)成长时间：6天"
        }
    ]
}