{
  "name": "AR控制器",
  "icon": "advancedperipherals:ar_controller",
  "category": "advancedperipherals:peripherals",
  "pages": [
    {
      "type": "text",
      "text": "AR控制器用于无线控制你的$(9)$(l:items/ar_goggles)AR护目镜$(/l)$()。你可以把你想要的东西绘制在一个叠加显示层上，只要你戴着$(9)$(l:items/ar_goggles)AR护目镜$(/l)$()就可以看到。$(p)要获取完整文档请参阅$(9)$(l:https://docs.intelligence-modding.de/peripherals/ar_controller/)官方wiki页面$(/l)$()!"
    },
    {
      "type": "crafting",
      "recipe": "advancedperipherals:ar_controller"
    },
    {
      "type": "multiblock",
      "multiblock": {
        "mapping": {
          "0": "computercraft:computer_advanced",
          "P": "advancedperipherals:ar_controller"
        },
        "pattern": [
          [
            "0P"
          ]
        ]
      },
      "text": "把你的AR控制器连接到电脑上就可以使用它了！"
    }
  ]
}
