{
  "name": "能量探测器",
  "icon": "advancedperipherals:energy_detector",
  "category": "advancedperipherals:peripherals",
  "pages": [
    {
      "type": "text",
      "text": "能量探测器可以探测能量流并且充当电阻。你可以定义最大流量来将它当作电阻使用。$(p)要获取完整文档请参阅$(9)$(l:https://docs.intelligence-modding.de/peripherals/energy_detector/)官方wiki页面$(/l)$()！"
    },
    {
      "type": "crafting",
      "recipe": "advancedperipherals:energy_detector"
    },
    {
      "type": "multiblock",
      "multiblock": {
        "mapping": {
          "0": "computercraft:computer_advanced",
          "P": "advancedperipherals:energy_detector"
        },
        "pattern": [
          [
            "0P"
          ]
        ]
      },
      "text": "把你的能量探测器连接到电脑上就可以使用它了！"
    }
  ]
}
