{
  "name": "物品栏管理器",
  "icon": "advancedperipherals:inventory_manager",
  "category": "advancedperipherals:peripherals",
  "pages": [
    {
      "type": "text",
      "text": "物品栏管理器可以与玩家的物品栏通信。你需要右键$(9)$(l:items/memory_card)存储卡$(/l)$()然后把卡放到扫描仪里面来使用它。$(p)要获取完整文档请参阅$(9)$(l:https://docs.intelligence-modding.de/peripherals/inventory_manager/)官方wiki页面$(/l)$()！"
    },
    {
      "type": "crafting",
      "recipe": "advancedperipherals:inventory_manager"
    },
    {
      "type": "multiblock",
      "multiblock": {
        "mapping": {
          "0": "computercraft:computer_advanced",
          "P": "advancedperipherals:inventory_manager"
        },
        "pattern": [
          [
            "0P"
          ]
        ]
      },
      "text": "把你的物品栏管理器连接到电脑上就可以使用它了！"
    }
  ]
}
