{
  "name": "ME桥接器",
  "icon": "advancedperipherals:me_bridge",
  "category": "advancedperipherals:peripherals",
  "pages": [
    {
      "type": "text",
      "text": "ME桥接器可以与应用能源2模组互动。你可以取出物品、合成物品、获取物品列表等。ME桥接器需要占用一个频道。$(p)要获取完整文档请参阅$(9)$(l:https://docs.intelligence-modding.de/peripherals/me_bridge/)官方wiki页面$(/l)$()！"
    },
    {
      "type": "crafting",
      "recipe": "advancedperipherals:me_bridge"
    },
    {
      "type": "multiblock",
      "multiblock": {
        "mapping": {
          "0": "computercraft:computer_advanced",
          "P": "advancedperipherals:me_bridge"
        },
        "pattern": [
          [
            "0P"
          ]
        ]
      },
      "text": "把你的ME桥接器连接到电脑上就可以使用它了！"
    }
  ]
}
