{
  "name": "NBT存储器",
  "icon": "advancedperipherals:nbt_storage",
  "category": "advancedperipherals:peripherals",
  "pages": [
    {
      "type": "text",
      "text": "NBT存储器是一个可自定义的方块，允许输入/输出自定义数据。一般是用来提供ID方面的支持。$(p)要获取完整文档请参阅$(9)$(l:https://docs.intelligence-modding.de/peripherals/nbt_storage/)官方wiki页面$(/l)$()！"
    },
    {
      "type": "crafting",
      "recipe": "advancedperipherals:nbt_storage"
    },
    {
      "type": "multiblock",
      "multiblock": {
        "mapping": {
          "0": "computercraft:computer_advanced",
          "P": "advancedperipherals:nbt_storage"
        },
        "pattern": [
          [
            "0P"
          ]
        ]
      },
      "text": "把你的NBT存储器连接到电脑上就可以使用它了！"
    }
  ]
}
