{
  "name": "红石整合器",
  "icon": "advancedperipherals:redstone_integrator",
  "category": "advancedperipherals:peripherals",
  "pages": [
    {
      "type": "text",
      "text": "红石整合器可以与红石交互。你可以在红石整合器上用和在电脑上一样的代码。$(p)在你需要用更多面输出红石信号，超过一般的电脑能提供的面数的时候，你可能会需要这个外设。$(p)要获取完整文档请参阅$(9)$(l:https://docs.intelligence-modding.de/peripherals/redstone_integrator/)官方wiki页面$(/l)$()！"
    },
    {
      "type": "crafting",
      "recipe": "advancedperipherals:redstone_integrator"
    },
    {
      "type": "multiblock",
      "multiblock": {
        "mapping": {
          "0": "computercraft:computer_advanced",
          "P": "advancedperipherals:redstone_integrator"
        },
        "pattern": [
          [
            "0P"
          ]
        ]
      },
      "text": "把你的红石整合器连接到电脑上就可以使用它了！"
    }
  ]
}
