{
  "name": "裂空基座",
  "icon": "reactive:rending_plinth",
  "category": "reactive:items",
  "advancement": "reactive:get_rending_plinth",
  "pages": [
    {
      "type": "patchouli:spotlight",
      "item": "reactive:rending_plinth",
      "text": "$(6)你是第一个制造这种设备的人，但了解其工作原理也非常重要。我可以提供帮助。$(p)此设备在闲置状态下表现为惰性。使用时必须先制造一个$(l:reactive:results/teleportation)链缚折跃之瓶$(/l)。如果你在这一步卡住了，可先研究$(thing)末影珍珠$(6)。"
    },
    {
      "type": "patchouli:text",
      "text": "$(6)手持这种能量之瓶，再把它的内容物倒在基座上。基座便会捕获并扩张其中裂隙，而后稳定为可无限次穿越的传送门，其目标即为瓶中的目的地，甚至可跨越维度传送。$(p)只要基座不被拆除，裂隙就可一直存在。"
    }
  ]
}
