{
	"blue_skies.blue_journal.turn_page": "翻页",
	"blue_skies.blue_journal.back": "返回",
	"blue_skies.blue_journal.read_page": "阅读此页",

	"blue_skies.blue_journal.tagline": "旅人指南\n ⸺守门人",
	"blue_skies.blue_journal.welcome": "这本旅记有助于新手在永昼之地和恒晓之地中的旅行。如果某样东西有特殊的作用，我可能会在这本书中提到。随着你步步深入，你会发现新的旅记条目，所以记得定期翻开看看。我在书的侧面加上了书签来标记各个部分。",

	"blue_skies.section.search": "搜索",
	"blue_skies.section.everbright": "永昼之地",
	"blue_skies.section.everdawn": "恒晓之地",
	"blue_skies.section.general": "综合",
	
	"blue_skies.everbright.everbright_portal.title": "永昼之地传送门",
	"blue_skies.everbright.everbright_portal.lore": "通往永昼之地维度的入口。它由绿松岩砖制成，需用御风火石点亮。永昼之地似乎一直是白天，但总保持着凉爽清冷的状态。这个维度里有许多皮毛厚实的大型动物，大量的雪，以及类似魂灵的敌人。在下雪期间，更多敌人会出来“晒太阳”，因为它们喜欢寒冷的天气。",

	"blue_skies.everbright.brewberry_bush.title": "酿莓丛",
	"blue_skies.everbright.brewberry_bush.lore": "一种在永昼之地中发现的植被。成熟后会长出酿莓。经过进一步调查，这种灌木长出酿莓的类型会受到种植的方块的影响，但也并不意味着你必定能采到对应的酿莓。彗星草方块上的酿莓丛会结出粉红色酿莓，食用它可获得短暂的生命恢复效果。在菌丝体上生长的灌木似乎会结出黑色酿莓，这种酿莓对中毒效果有着很好的疗效。我还发现，在耕地和灰化土一类的肥沃土壤上种植酿莓，就能让它额外结出若干浆果。",

	"blue_skies.everbright.snowcap_mushroom.title": "雪帽菇",
	"blue_skies.everbright.snowcap_mushroom.lore": "这个世界比主世界寒冷得多，所以热源难以找到。好在我做了一些实验，我发现某些植物可以作为燃料使用。最值得注意的是雪帽菇。它能吸收热量，使周围变冷。它产生的低温甚至偶尔能低到让熔岩硬化。事实证明，这种热量可在熔炉中释放，产生与煤炭类似的火焰。",

	"blue_skies.everbright.snowcap_pinhead.title": "雪帽针菇",
	"blue_skies.everbright.snowcap_pinhead.lore": "小型的雪帽菇。它可被压缩为巨大的蘑菇方块，这种蘑菇方块和雪帽菇一样都是很好的燃料。",

	"blue_skies.everbright.snowcap_oven.title": "雪帽烤炉",
	"blue_skies.everbright.snowcap_oven.lore": "通过这一发明，我便能利用雪帽菇的加热和冷却能力。通过抽出物体的热量，它能烧炼放在里面的任何东西，偶尔也会留下燃料的寒冷副产物。你甚至能把水之类的东西当作燃料使用，尽管效率不高。",

	"blue_skies.everbright.brumble.title": "泡棘藻",
	"blue_skies.everbright.brumble.lore": "永昼之地中少有的几种海洋植被之一。它暗红的颜色与海洋的其他部分产生了鲜明的对比，看到这样的颜色交织在永昼之地的蔚蓝与淡紫之中，是件非常有趣的事情。我确信烧炼之后，它就能成为美丽的建筑材料。",

	"blue_skies.everbright.taratite.title": "碧石",
	"blue_skies.everbright.taratite.lore": "一种平滑的、近乎薄荷色的蓝绿色岩石。打磨之后必定是种不错的建筑材料。",

	"blue_skies.everbright.rimestone.title": "寒石",
	"blue_skies.everbright.rimestone.lore": "一种粗糙的冰质岩石。打磨之后必定是种不错的建筑材料。",

	"blue_skies.everbright.ventium.title": "威红铁",
	"blue_skies.everbright.ventium.lore": "一种红色的金属，可在永昼之地的大多是非山地生物群系中找到。在这个维度里，它似乎承担着与铁相当的作用。威红铁可以用来制造桶、剪刀和工具盒等东西。",

	"blue_skies.everbright.falsite.title": "谬铁",
	"blue_skies.everbright.falsite.lore": "这种奇特的金属可在永昼之地的大多是非山地生物群系中找到。它具有奇特的属性，可在工具盒中用来增强永昼之地、恒晓之地各种工具的耐久度。",

	"blue_skies.everbright.pearl.title": "珍珠",
	"blue_skies.everbright.pearl.lore": "从海蛤蜊的口中获得。这颗闪亮的珍珠有着某种神秘的属性。大多数敌人都不喜欢我举着它。我也许能把它与谬铁结合起来，创造出更强大的东西。",

	"blue_skies.everbright.warding_pearl.title": "守护珍珠",
	"blue_skies.everbright.warding_pearl.lore": "将一颗海蛤蜊的珍珠、一片灵魂残片和谬铁组合就得到了这个，它能够防止敌对生物在大范围内出现。它在这个维度里很有帮助，因为像月光石这样的光源并不能像在主世界那样阻止生物出现。",

	"blue_skies.everbright.soul_fragment.title": "灵魂残片",
	"blue_skies.everbright.soul_fragment.lore": "一种邪恶灵魂的残片。永昼之地中的幽灵类敌人非常常见，也正因此这个物品也相当常见。利用它能力的一种方式便是与珍珠和谬铁合成为守护珍珠。想到我是在旅程的前期获得的它，可能它还有更多的用途我没有发现。",

	"blue_skies.everbright.azulfo_horn.title": "阿祖福牛角",
	"blue_skies.everbright.azulfo_horn.lore": "壮硕的阿祖福牛的角。就和大多种类的骨头一样，我能用这些角制造骨粉。我的耕作效率也因此大大提高了。",

	"blue_skies.everbright.summoning_table.title": "召唤台",
	"blue_skies.everbright.summoning_table.lore": "在探索了惑乱高塔之后，我成功得到了一个召唤台。拿到这个东西已能算是幸运，而我也可以用它改变新找到的召唤之书的模式。我可以选择发射一个波动球体，或是召唤一个人造傀儡协助作战。我大概会在另一条目深入记述召唤之书的有关内容。",

	"blue_skies.everbright.soulbound_spear.title": "缚魂之矛",
	"blue_skies.everbright.soulbound_spear.lore": "在我探索永昼之地惑乱高塔的过程中，我找到了一把缚魂之矛。这把矛和普通的矛似乎没什么不同，但它在被投出后总会飞回到我身上。在对付这个世界上的大多数敌人时，这根矛可能会派上用场。",

	"blue_skies.everbright.summoning_tome.title": "召唤之书",
	"blue_skies.everbright.summoning_tome.lore": "在永昼之地的惑乱高塔里，我找到了许多有用的工具，其中就包括一本召唤之书。这本书让我能使用召唤师的某些法术。刚获得这本书时，它就拥有发射波动球体的能力。这种球体会攻击特定范围内的所有东西，由此就能用单个弹射物击中多个敌人了。然而，当我在召唤台上研究这本书时，我惊奇地发现它还有另一种能力！我可以使用它召唤出一只人造傀儡，让它与自己并肩作战。不过，这个傀儡似乎是暂时的，只能维持一分钟左右，所以我最好把握使用它的时机！",

	"blue_skies.everbright.nature_dungeon.title": "自然城堡",
	"blue_skies.everbright.nature_dungeon.lore": "我在覆雪松林中穿行，偶然遇到了一座巨大的绿色金字塔状结构。进去之后，居民向我“打了招呼”。他们似乎是完全由该结构的石头聚合而成的巨像，被星荧藤蔓捆绑在一起。当我攀登接近地牢的顶部时，我才意识到这座建筑的质量在不断提高！底层的建筑已非常陈旧⸺岩石破裂、被风化；而上层则几乎完好无损。这里的每层似乎都有一把地牢钥匙。我想，也许就和惑乱高塔一样，隧道尽头会有一个钥匙孔。不过，由于我曾听过的某些传言，我大概不会亲自去验证了。总之我决定将这个巨大的结构称作§o自然城堡§r。",

	"blue_skies.everbright.crushing_hammer.title": "破碎之锤",
	"blue_skies.everbright.crushing_hammer.lore": "这把锤子似乎就是星荧粉碎者手中的那一把！它有着震击地面的力量，就和传言中的星荧粉碎者一样。挥动它时它会击伤我周围的所有东西，还会将敌人击向天空！这东西也有相当大的威力，能造成高额的近战伤害，不过它似乎很重。",

	"blue_skies.everdawn.everdawn_portal.title": "恒晓之地传送门",
	"blue_skies.everdawn.everdawn_portal.lore": "通往恒晓之地维度的入口，它由明月岩砖制成，需用御风火石点亮。这个世界总是炎热而潮湿的，但时间却定格在日出时分。昆虫在此处肆意繁殖，尤其是在下雨的时候，更多的昆虫会外出觅食。这些昆虫已经长到了十分可怕的体型，有的已经是我身体一半大小！这里的雨似乎没那么大，通常只是微微细雨。这里的动物大多是爬行动物，只有少数例外。",

	"blue_skies.everdawn.baneful_mushroom.title": "邪恶菇",
	"blue_skies.everdawn.baneful_mushroom.lore": "我总是小心翼翼地在阴暗林地里探索。这次我发现了一只看似无害的紫色蘑菇，但经过仔细观察，我发现它具有毒性。当有人接触它时，它会散发出有毒孢子作为自身防御机制。我应当谨慎，避免接触这种蘑菇。",

	"blue_skies.everdawn.crystal_flower.title": "水晶花",
	"blue_skies.everdawn.crystal_flower.lore": "这种花的结构很奇妙。它在某种程度上是水晶和植物的混合体。经过进一步研究，如果用骨粉之类的东西施肥的话，它就能够长成一棵树！",

	"blue_skies.everdawn.spider_webbing.title": "缘壁蜘蛛网",
	"blue_skies.everdawn.spider_webbing.lore": "一种有趣的蛛网。与普通的蛛网不同的是它可以附着在角落，但只能与同类型的蛛网或墙壁连接。",

	"blue_skies.everdawn.crescent_fruit.title": "新月果",
	"blue_skies.everdawn.crescent_fruit.lore": "由于气候温暖，恒晓之地能够孕育出一些颇具热带特色的果实，新月果就是其中一种。我发现这种果实可以长在任何新月果树叶下方，只要叶子开花，就可以无限地采摘。",

	"blue_skies.everdawn.sunstone_crystal.title": "日光石水晶",
	"blue_skies.everdawn.sunstone_crystal.lore": "这些晶体摸起来很热而且发出橙光。它们可以作为任何熔炉的燃料，也可以为炙铁锻炉供能。这些晶体可以在落日枫林和灼热草原的深处找到。",

	"blue_skies.everdawn.horizonite_forge.title": "炙铁锻炉",
	"blue_skies.everdawn.horizonite_forge.lore": "终于完成了！我可以利用炙铁内部的能量了！有了这个，我就能在没有任何燃料的情况下烧炼东西。不过确实需要一点时间重新充能，也可以用由炙铁组成的物品来瞬间充能。我还能用日光石之类的其他方式让其充能更快。这种熔炉只会在没烧炼东西的时候才会充能。这玩意最好还是多多益善。",

	"blue_skies.everdawn.cinderstone.title": "余烬石",
	"blue_skies.everdawn.cinderstone.lore": "这种像是岩浆的岩石是种不错的建筑材料。我确信它打磨之后也很美观。",

	"blue_skies.everdawn.umber.title": "焦石",
	"blue_skies.everdawn.umber.lore": "一种平滑的棕色岩石。或许能将其打磨为更平滑的建筑材料。",

	"blue_skies.everdawn.crystallized_tree.title": "水晶树",
	"blue_skies.everdawn.crystallized_tree.lore": "这种树具有令人难以置信的奇怪特性。它不能被制成木棍，也不会燃烧。树干似乎完全由水晶制成，甚至有些透明。凭借这样的特性，我可以利用这种原木制成的墙来代替栅栏。由于这种树并不是真正的植物，所以并不能获取树苗。我发现如果用骨粉为种在相应沙子上的水晶花施肥，它就能长成这种树。",

	"blue_skies.everdawn.horizonite.title": "炙铁",
	"blue_skies.everdawn.horizonite.lore": "我不敢相信这种在水晶沙丘中发现的炙热金属居然没被熔化！我不知道它是如何存储这么多热量的。我发现用它制造的任何工具都可以直接烧炼矿石！我还能够用这些东西制造一个熔炉，我称之为炙铁锻炉。",

	"blue_skies.everdawn.moonstone_shield.title": "月光石盾牌",
	"blue_skies.everdawn.moonstone_shield.lore": "这面盾牌比普通的木盾牌更耐用，它还具有透明月光石一样的透明外观，可以透过它看东西。",

	"blue_skies.everdawn.fox_pelt.title": "狐皮",
	"blue_skies.everdawn.fox_pelt.lore": "由宇宙狐掉落，可用于制作骆驼鞍和赃物袋。",

	"blue_skies.everdawn.spike_shield.title": "尖刺盾牌",
	"blue_skies.everdawn.spike_shield.lore": "在探索了恒晓之地的惑乱高塔之后，我成功得到了一面尖刺盾牌。这面盾牌比木盾牌和月光石盾牌都要耐用。它似乎能造成少量的近战伤害，也因此能兼作稍弱的武器。",

	"blue_skies.everdawn.alchemy_table.title": "炼金台",
	"blue_skies.everdawn.alchemy_table.lore": "在我探索恒晓之地惑乱高塔的过程中，我幸运地拿到了炼金师的炼金台。这东西现在已经不算常见了，能拿到一个还是挺开心的。我能通过这个将大多数恒晓之地材料转换为永昼之地材料，反之亦然。很显然这在建筑时很有用。如果有多余的明月岩，我就可以将它们变为绿松岩。似乎我还可以将岩石和饰品组合为各式地牢石。其他饰品肯定也能用，只是我现在还没有⋯⋯",

	"blue_skies.everdawn.alchemy_scroll.title": "炼金卷轴",
	"blue_skies.everdawn.alchemy_scroll.lore": "在我探索恒晓之地惑乱高塔的过程中，我极其幸运地找到了一份炼金卷轴，也就是地牢中最稀有的宝藏。我能用它模仿炼金师的腐朽尖刺法术。它会在我所指的方向上生成一列腐朽尖刺。我还能在潜行时使用第二种攻击方式，在我周围生成一圈向上的尖刺，并击飞近处的敌人。",

	"blue_skies.everdawn.poison_dungeon.title": "猛毒地牢",
	"blue_skies.everdawn.poison_dungeon.lore": "在探索落日枫林的过程中，我注意到了一株长相诡异的树。它的树干上缠绕着蛛网。令我惊讶的是，树洞里面竟然是一个巨大的蜘蛛巢！这里是许多猛毒蜘蛛的领地。主世界的洞穴蜘蛛也会出现在这里，相当令人惊奇。这里的每层似乎都有一把地牢钥匙。我想，也许就和惑乱高塔一样，隧道尽头会有一个钥匙孔。整座地牢的回廊和大厅里都能听见某种响亮的嘶嘶声，我无法想象隧道尽头会是什么⋯⋯我大概会将这里称为§o猛毒地牢§r。",

	"blue_skies.everdawn.venom_sac.title": "毒液囊",
	"blue_skies.everdawn.venom_sac.lore": "在穿过猛毒地牢之后，我获得了毒液囊。我能用它射出毒液滴，就和传言中的幽咽蛛王一样。弹射物的伤害不高，但它能让触碰到的生物染上致命的剧毒。",

	"blue_skies.everdawn.different_sword.title": "奇异之剑",
	"blue_skies.everdawn.different_sword.lore": "一把很有趣的剑，为迅捷战斗而生。这把武器似乎是为了尽快杀死目标而设计的。如果我在击中目标后等待太久，它们会恢复比我造成的伤害更多的生命值，所以要避免用这把剑来攻击更健壮的生物。",

	"blue_skies.general.blinding_dungeon.title": "惑乱高塔",
	"blue_skies.general.blinding_dungeon.lore": "在我的旅行中，我找到一种巨大的塔式结构。我决定将其称为§o惑乱高塔§r。这个高塔好像有两种版本，一种在永昼之地，一种在恒晓之地。两者都是灾厄村民的营地。召唤师驻扎在永昼之地，炼金师驻扎在恒晓之地。在他们的高塔顶端钥匙孔中放入四把惑乱高塔钥匙就能拜访这两位。我本人不打算与他们中的任何一人进行过多的斗争。",

	"blue_skies.general.moonstone.title": "月光石",
	"blue_skies.general.moonstone.lore": "在两个世界的地下都可以找到，它似乎只是一种可利用的光源。它可以在水下发光，并且可以制成更大的发光方块。我在这些世界的一些洞穴中还发现了晶体变体。它们虽然就像日光石水晶那样没有什么特别之处，但看起来很漂亮。",

	"blue_skies.general.pyrope.title": "榴石",
	"blue_skies.general.pyrope.lore": "这种宝石可以在两个世界的地下找到。用这种材料制作的工具似乎很轻，所以我可以很快地挥动它们。不过这些工具似乎不是很耐用，所以我最好谨慎使用它们。这种材料本身比较软，无法挖掘这些世界中最好的装备材料，例如透辉石和绛紫晶。",

	"blue_skies.general.aquite.title": "水蓝石",
	"blue_skies.general.aquite.lore": "论及工具和盔甲，这种水蓝色的矿物和主世界的铁比较类似。经实验测试，它的附魔能力确实远在铁之上。",

	"blue_skies.general.diopside.title": "透辉石",
	"blue_skies.general.diopside.lore": "一种尖锐的水晶状黄绿色宝石。我在两个世界的地底深处都发现了它。它制成的盔甲和工具§o极其§r坚固耐用。这些工具因沉重而有力，会对我击中的任何目标造成极大的伤害。不过需要注意的是，正是因为它们很重，所以它们比大多数工具更难挥动。所以在面对快速移动的目标时，我必须更小心。这套工具和盔甲可以与绛紫晶媲美⸺工具较慢但更耐用，攻击更重；盔甲则能更好地处理重击。就目前而言，这种材料制成的工具能够挖掘两个世界中的所有东西。",

	"blue_skies.general.charoite.title": "绛紫晶",
	"blue_skies.general.charoite.lore": "更为均衡的盔甲和工具材料，和主世界的钻石在大多数方面都很类似。这套装备可以与透辉石媲美⸺工具更快但更弱，盔甲则能更好地处理轻击。就目前而言，这种材料制成的工具能够挖掘两个世界中的所有东西。",

	"blue_skies.general.star_emitter.title": "星辰发射源",
	"blue_skies.general.star_emitter.lore": "通常出现在观星者村民周围。这种有趣的装置是星盘的使用对象。对它使用星盘就允许持有者直接传送回它在的位置。我会在星盘自己的条目里详细描述这些内容。",

	"blue_skies.general.trough.title": "料槽",
	"blue_skies.general.trough.lore": "一个简单的木料槽。幼年动物靠近时有概率吃掉里面的食物。动物吃掉里面的食物后会成长得更快。可向其中放入大多数动物繁殖物品，胡萝卜、马铃薯、鳞果、褐松果之类都在其列。在它周围工作的村民会成为牧人。",

	"blue_skies.general.tool_box.title": "工具盒",
	"blue_skies.general.tool_box.lore": "这个工作台可用于增强和升级工具。可用谬铁增加两个世界中几乎所有工具的耐久度，这似乎是谬铁的主要用途。还可在此将工具的手柄换成两个世界中的木棍。每种木棍的用途都不同，我得看看每种木棍适合用在怎样的工具上。",

	"blue_skies.general.bag_of_spoils.title": "赃物袋",
	"blue_skies.general.bag_of_spoils.lore": "一个可以装任何东西的小袋子。它至多可存放五种物品。我发现我可以潜行并在村民不注意的情况下使用它来偷窃。他们看到我这么做会相当不高兴，村里的铁傀儡甚至攻击了我。我唯一不会也不能偷窃的村民是守夜人，因为是他把袋子给了我。我大概是不会再去§o那座§r村庄了⋯⋯",

	"blue_skies.general.food_prep_table.title": "食物准备台",
	"blue_skies.general.food_prep_table.lore": "用于准备食物的桌子。它最多可以容纳五种食物材料，而制作餐品则需要最少三种材料。通过搭配许多独特的食材，我能够做出比平时更香的食物。材料越丰富，这份餐品的份量就越多。而了解这一点后，使用肉类应该是制作大量食物的最好选择了。\n\n而在里面放入花作为调料，似乎就能发挥出其潜在的药水效果。我听说主世界也有人这么做炖菜，不过我很确定我的方法更高级。\n\n为了获得更持久或更强力的效果，也可将药水作为酱汁加入。不过我似乎只能加入一种，否则会造成不稳定⋯⋯\n\n经实验验证，我发现酿莓可以增强所有效果的效果，延长持续时间。所以只使用赋予效果的材料来制作拌菜是可行的。这么做出来的拌菜没什么饱腹感，但却是某些情况下最需要的。如果我能找到一朵能让我的食物更丰盛的花就再好不过了。",

	"blue_skies.general.astrolabe.title": "星盘",
	"blue_skies.general.astrolabe.lore": "我与村庄里的观星者交易得到了这个有用的物品。将其与星辰发射源配合使用，就能将我传送回发射源所在的位置。不过我并不能随时使用，因为星盘的充能时间与传送过的距离有关。",

	"blue_skies.general.spears.title": "矛",
	"blue_skies.general.spears.lore": "一种非常有用的工具，用于从远处投掷来伤害目标。它是主世界的三叉戟和弓的混合体，制造成本低，也可在水下使用。我发现矛可以被附魔上忠诚和穿透等魔咒。",

	"blue_skies.general.stick_variations.title": "木棍变种",
	"blue_skies.general.stick_variations.lore": "今天我有了个不可思议的发现。这些世界的木材有着不同的性质，一些是因为树龄不同，还有些是因为树木的生存环境不同。这些木材的性质体现在了木棍上，也就是说我可以改变工具的性质了！\n\n从最基础的蓝辉木和明月木说起。这两种木材与主世界的普通木棍类似。工具也会具有普通性质，中等重量，中等力度。如果我需要一些可靠的工具，就不能只用这些木棍。\n\n而论及更为有趣的，就是霜耀木和枫木了。这些木材非常沉重。用它们制成的工具更为耐用，但挥动起来也更困难。了解这一点后，就可得出这两种木棍更适合工具而非武器的结论了。这一性质也会影响矛，让它们更难投掷，同时更为耐用。\n\n最后则是星荧木和暮光木。这两种木材应当是两个维度中最古老的。它们很轻也很脆弱，用它们制成的工具应该不能用很长时间⋯⋯不过用它们制作武器则还是值得的，武器会因此更好挥动，矛则会更好投掷。\n\n实际上还有一种木棍种类，也是最稀有的种类⸺彗星木。这种难以捉摸的木材是前文所提霜耀木和枫木的全面升级。它增加了工具武器的力量和耐用性，但又不会像那两种木材一样沉重。",

	"blue_skies.general.arcs.title": "饰品",
	"blue_skies.general.arcs.lore": "居住在这些世界的人们的民间传说中，提到了被称为饰品的传奇物件。传言中这些物件只为地牢的守护者所持有。据说每件饰品都会给佩戴者带来特殊的能力。",

	"blue_skies.general.enchanting.title": "附魔",
	"blue_skies.general.enchanting.lore": "和其他世界一样，永昼之地和恒晓之地中也能附魔。若只使用这些世界中的材料，则需要采集绛紫晶用作钻石的替代，从恒晓之地中获取黑曜石，并从永昼之地中获取谬铁。\n\n我发现谬铁在附魔台中作为催化剂的性质与青金石类似，但一整锭有点太多了。将锭拆解为粒，就可像青金石一样使用了。",

	"blue_skies.everbright.azulfo.title": "阿祖福牛",
	"blue_skies.everbright.azulfo.lore": "永昼之地规模最大的动物群。我在旅途中发现了很多这种生物。它们组成很庞大的牛群，并且会跟随一位首领。狩猎它们可能非常困难，因为与主世界的动物不同，它们不会坐以待毙。实际上攻击一只牛会激怒整个牛群。我发现矛是用来猎杀它们的最有用的工具。",

	"blue_skies.everbright.stardust_ram.title": "星尘羊",
	"blue_skies.everbright.stardust_ram.lore": "永昼之地最常见的动物群。这些毛茸茸的生物与主世界的绵羊非常相似。你可以剪下它们的羊毛，也可以猎杀获取羊肉。这种生物可用本土的褐松果繁殖。",

	"blue_skies.everbright.reindeer.title": "雪鹿",
	"blue_skies.everbright.reindeer.lore": "雪鹿是我在永昼之地发现的最为有用的动物之一。可用褐松果驯服它们，还可安上鞍。它们会以适中的速度奔跑，并且可以跳跃大约两格高。我只在开阔的多雪地区找到这种动物，例如极昼之地和覆雪松林。也可以猎杀雪鹿来获得鹿肉，但由于它们比较稀少，我通常会避免这样做。",

	"blue_skies.everbright.snow_owl.title": "雪鸮",
	"blue_skies.everbright.snow_owl.lore": "这些发出悦耳声音的生物只会出现在霜冻森林中。它们通常生活中生物群系中的林冠上部。它们的鸣叫声可以从很远的地方听到，为霜冻森林平添一份神秘感。",

	"blue_skies.everbright.grittle_flatfish.title": "深板比目鱼",
	"blue_skies.everbright.grittle_flatfish.lore": "作为海洋中最独特的鱼类之一，深板比目鱼非常胆小。它往往很容易受到惊吓，会攻击靠近的任何人，并在不久之后逃跑。它的攻击并不痛，但每当我不小心吓到它时，我都会感到些许愧疚。但别说，这种鱼是真香，比任何其他鱼都更好吃。",

	"blue_skies.everbright.armored_frost_spirit.title": "裹冰霜灵",
	"blue_skies.everbright.armored_frost_spirit.lore": "霜灵是我在旅途中发现的最常见的敌人之一。这些生物并不像它们看起来的那样好斗易怒，但事实上在冰层外壳之下的是一只弱小无助的小霜灵。一旦冰层破裂，它就会试图逃跑，可能会躲避你对它的大部分攻击。击杀它会得到一两片魂魄碎片。我发现镐子能更快地凿开裹冰霜灵的外壳，比剑要快得多。",

	"blue_skies.everbright.crynocerous.title": "冰晶犀牛",
	"blue_skies.everbright.crynocerous.lore": "我并没有经常看到它们，冰晶犀牛似乎是一种更大更强的裹冰霜灵变种，它们具有许多类似的特点。它的攻击范围和力量都比裹冰霜灵要强。我只能在白雪皑皑的环境中找到这种野兽，比如极昼之地。就像霜灵一样，用镐对它造成的伤害比剑更高。",

	"blue_skies.everbright.polargeist.title": "极地熊灵",
	"blue_skies.everbright.polargeist.lore": "在旅途中，我遇到了一只幽灵熊。这种生物速度惊人，大多数情况下跑得比我快。它的长着冰做的獠牙，腹部挂着冰锥。攻击时，它会站立起来，猛砸目标。我发现如果你能很快地击退它，它就无法攻击，因为它需要时间才能站起来。",

	"blue_skies.everbright.whistleshell_crab.title": "哨兵蟹",
	"blue_skies.everbright.whistleshell_crab.lore": "这种大型螃蟹生物能够在陆地和水中移动。它的钳子看起来像一张长满尖锐牙齿的嘴巴。在陆地上，它移动得非常快，我几乎没有时间逃跑。但是虽然它们速度很快，攻击距离却不远，所以在陆地上可以很容易闪避它的攻击。在水中，它的速度要慢一些，但在海床上移动时会冲刺。它不会游泳，所以在水中解决它最好的方法是浮在高处。",

	"blue_skies.everbright.shrumpty.title": "雪帽蘑菇人",
	"blue_skies.everbright.shrumpty.lore": "我探索泥泞之地时经常会被雪帽蘑菇人吓到。这些鬼鬼祟祟的东西伪装成雪帽蘑菇，并在外来者靠近时发动攻击。它们的攻击非常寒冷，受击者会被冻结并减速。它们攻击时还会发出阵阵诡异的笑声，真是奇怪⋯⋯",

	"blue_skies.everbright.diophyde_prowler.title": "徘徊雪狼",
	"blue_skies.everbright.diophyde_prowler.lore": "在永昼之地面对过的众多敌人中，没有一个的攻击方式类似徘徊雪狼。它会环绕猎物奔跑，并且在适当的时候猛扑过来。我发现躲避它攻击最简单的方法是朝着它移动的相反方向移动。它的速度太快了，因此逃跑没有意义，与其搏一搏才更值得。我还发现恒晓之地的某面盾牌可以制止它的行动，给予我反击的时间。",

	"blue_skies.everbright.seclam.title": "海蛤蜊",
	"blue_skies.everbright.seclam.lore": "当我漫游永昼之地的深海时，我偶尔会遇到海蛤蜊。这种安静的生物完全不会移动，而只是炫耀着它自己美丽的珍珠。每当捕食者接近它时，它就会合上嘴，防止任何生物偷走它的珍珠。我发现在攻击它几次后，它的嘴会张开，我就可以安全地从它嘴里取出珍珠。但我必须小心，如果我的动作太慢，它就会直接合上嘴，并造成大量的伤害。",

	"blue_skies.everbright.stonelet.title": "石人",
	"blue_skies.everbright.stonelet.lore": "在我探索自然城堡期间，我遇到了许多看起来很奇怪的敌人。它们是地牢的守护者，攻击任何胆敢闯入其中的人。和霜灵类似，这种生物受到镐子的伤害比其他武器都多。知道了这一点，我就可以轻松地探索地牢了。",

	"blue_skies.everbright.spewter.title": "吐射花",
	"blue_skies.everbright.spewter.lore": "在探索自然城堡的过程中，我发现了这些生长在顶层花园中的有趣植物。每当我接近它们时，它们就会向我吐射种子炸弹，所以我必须保持距离。",

	"blue_skies.everbright.summoner.title": "召唤师",
	"blue_skies.everbright.summoner_pre.lore": "在永昼之地惑乱高塔的顶端，我与一位穿着紫色有领大衣的人发生了争斗。他用魔力召唤了由地牢石构成的傀儡。我发现大多数时候当我接近他时，他会将自己传送到房间的另一边。然而，如果他碰巧在施法，我便可以安全接近并攻击他。只要我将傀儡的数量维持在一以上，又在他召唤的个数以下，他就会一直尝试召唤。我将此作为反击的重要时间。不幸的是，我探索地牢的旅途被这位强大的巫师打断了，我不得不尽早的逃跑。",
	"blue_skies.everbright.summoner_post.lore": "结合我自己的一手资料和当地人的故事，我终于可以更详细地描述这位被称呼为“召唤师”的巫师了。这位巫师住在永昼之地惑乱高塔的顶层。和炼金师不同，他会召唤傀儡为他战斗。首先他使用魔法召唤傀儡，令其向胆敢踏进高塔顶层的人发射子弹。然后则会召唤几个近战傀儡一起攻击。这些傀儡被称为人造傀儡。他喜欢在周围留有几个人造傀儡。如果在召唤师没有施法的情况下接近他，他也会传送到安全的地方。了解这些后，只要击败一些傀儡，召唤师就会因召唤新傀儡而露出破绽。通常情况下，召唤师会使用称作波动球体的魔法球攻击任何向他靠近的东西。有一点需要注意，如果在他准备球体时接近地过快，召唤师就会转而释放强大的诡异闪电，产生悬浮的蓝火。在学习并整理所有这些信息后，我不禁想起我以前竟与他交手过。",

	"blue_skies.everbright.starlit_crusher.title": "星荧粉碎者",
	"blue_skies.everbright.starlit_crusher_pre.lore": "我只听说过传奇般的自然城堡守护者。他们说守护者会用高大的木墙保护自己，还会召唤其他植物类的敌人协助战斗。我听说人们发现能伤害它的唯一方法是在砍倒一面护墙后，向它投掷尖锐的东西，比如矛。如果是我，肯定会带着斧来砍它。",
	"blue_skies.everbright.starlit_crusher_post.lore": "我终于对星荧粉碎者有了足够的了解！我了解到它在战斗中会立起四堵木墙来保护自己免受任何攻击。当木墙竖起时，星荧粉碎者会长出树根、吐射花，木雪鸮等来协助它进行战斗。一旦受到足够的伤害，它的树根就会变大。其中一堵墙被摧毁后，它就会开始愤怒地捶打地面，让自己暴露在矛之类的攻击下。它被击晕后就可以用任何武器攻击，据说斧是击败它的理想选择。",

	"blue_skies.everdawn.cosmic_fox.title": "宇宙狐",
	"blue_skies.everdawn.cosmic_fox.lore": "宇宙狐是我在恒晓之地中发现的最小的动物之一。我在开阔地区找到了这种小动物，比如灼热草原和诡异山谷。我能够使用新月果驯服这些小家伙，这样无论我走到哪里，它都会跟着我，甚至听从我的命令！",

	"blue_skies.everdawn.crystal_camel.title": "水晶骆驼",
	"blue_skies.everdawn.crystal_camel.lore": "美丽的水晶骆驼。这种令人难以置信的生物仅生活于沙地生物群系中，它在水晶沙丘中漫步，享受该地区的炎热气候。我发现它喜欢吃褐松果，我可以用此驯服一只。在制作了骆驼鞍之后，我就可以骑上它了。我发现我可以在它的背上挂一只箱子，这样就可以轻松携带很多物品。但是骆驼并不是跑得最快的动物，所以我只能骑着它以较慢的速度移动。",

	"blue_skies.everdawn.shade_monitor.title": "岩蜥",
	"blue_skies.everdawn.shade_monitor.lore": "作为恒晓之地中最常见的动物，它们应当是大多数人主要狩猎选择。它们会适应所在的任何区域，并根据生物群系披上不同的伪装外观。但是，如果你试图猎杀这种动物时，请注意，因为它们不会不战而退！它们的速度在恒晓之地中没有对手。尽管它们不如永昼之地的阿祖福牛那样强大，但仍能对轻装上阵的人造成相当多的伤害。",

	"blue_skies.everdawn.crogre.title": "克罗格蛙",
	"blue_skies.everdawn.crogre.lore": "克罗格蛙，我最爱的生物。一种几乎完全生活在月耀潭中的巨型青蛙。它们跳得非常高⸺大约四到五格的高度。恒晓之地的巨型昆虫似乎不太喜欢这个家伙，通常克罗格蛙一靠近就会逃跑。它们很喜欢吃昆虫内脏，我也能用这种东西驯服它们。之后我就可以装上鞍并骑上它！我发现在水上也可以骑乘它，这样我就可以轻松地穿越月耀潭的沼泽和湖泊了！",

	"blue_skies.everdawn.nyctofly.title": "夜凌蜻蜓",
	"blue_skies.everdawn.nyctofly.lore": "夜凌蜻蜓是我在恒晓之地时遇到的最大的问题之一。这种会飞的昆虫生活在树木繁茂的地区，例如阴暗林地。它的视觉非常敏锐，能够从很远的地方看到目标。每当我听到它振翅的声音时，我就知道是时候要与之对战了。根据我的经验，在开阔的地方对战会困难得多，所以我建议呆在狭小的空间里。",

	"blue_skies.everdawn.venom_spider.title": "猛毒蜘蛛",
	"blue_skies.everdawn.venom_spider.lore": "猛毒蜘蛛是我在恒晓之地中面对的常见敌人之一。它们往往非常聪明，会根据你所在的位置改变它们的攻击策略。如果我选择正面攻击它，那么它会试图用毒牙咬我。如果我与之保持距离，它就会向我吐射毒液。在与这种生物战斗时，一面盾牌在大多数情况下都很有用处。",

	"blue_skies.everdawn.emberback.title": "余烬虫",
	"blue_skies.everdawn.emberback.lore": "在你不了解这种巨大的甲虫生物战斗策略的情况下挑战它很是困难。余烬虫会径直飞向目标。一旦靠近，它就会下降，从甲壳中喷出炙热的气体。这种昆虫非常聪明，可以知道你是否饮用了抗火药水，并且它会以较低的伤害咬你。对付这种昆虫的一种简单方法是使用盾牌，或者将它们引诱到水中。",

	"blue_skies.everdawn.infested_swarmer.title": "异化蚂蚁",
	"blue_skies.everdawn.infested_swarmer.lore": "这种罕见的昆虫只能在地下在或者晶体很多的地区找到，例如水晶山地。这些巨型蚂蚁没有太多的战斗策略，它们的优势在于速度和体型。我总是会为它们身上发生的变异感到些许遗憾。",

	"blue_skies.everdawn.nested_spider.title": "巢穴蜘蛛",
	"blue_skies.everdawn.nested_spider.lore": "在我探索猛毒地牢的后程，我遇到了像蜘蛛巢穴一样的地方。我偶尔会看到一只巢穴蜘蛛露出头来，所以我认为这应该是小蜘蛛们休息的地方。",

	"blue_skies.everdawn.alchemist.title": "炼金师",
	"blue_skies.everdawn.alchemist_pre.lore": "在恒晓之地惑乱高塔的顶端，我与一位穿着红色兜帽斗篷的人发生了争斗。他用魔力变出了箭，又用当地的岩石聚合成了岩质尖刺。盾牌可以轻易挡住箭束。他还会在房间的角落处制造药水云，这是他给自己留的退路。我注意到，那些看上去压根挡不住的攻击，实际上都很容易闪开。他最强的攻击方式似乎是使用尖刺刺击，因为它们可以穿透盔甲。这场短暂的战斗对我很不利，所以在我还没了解他更多之前我不得不逃跑。我需要与本地居民交流以获得更多信息。",
	"blue_skies.everdawn.alchemist_post.lore": "在听了当地人的故事后，我对被称呼为“炼金师”的巫师有了更多的了解。这位巫师住在恒晓之地惑乱高塔的顶层。和永昼之地的召唤师不同，炼金师通常亲自参与战斗，投掷弹射物，并进行药水云那样大小的范围攻击。与召唤师类似，炼金师会传送远离任何接近的东西。不过他没法在施法时传送，这个时候他最为脆弱。\n\n从弹射物谈起，就我自己的遭遇而言，腐朽尖刺能穿透盔甲，造成的伤害不小。对炼金师不幸的是，这些可以被轻易躲过去。但如果你靠近得太快，他脚边便会形成一圈向上的尖刺。炼金师还会使用箭束这种弹射物。这种箭的冲击力很大，能直接把你打到房间的另一边。根据本地人所言，炼金师越虚弱，就会有越来越多的箭被点燃。好在大部分时间房间里都有喷泉。这些喷泉不会一直存在，因为炼金师可能会运用自己的另一种能力⸺流体转换。炼金师能将水变成熔岩，反过来也行。如果你被他点燃了，战斗局势会因此迅速改变。\n\n现在我要提一句炼金师剩下其他能做的事了。他能让房间里的所有人暂时失明，传言中这一效果只会短暂持续，所以我并不算担心。他还会在虚弱的时候治疗自己。而因为他治疗的时候完全不做防御，配上合适的武器和攻击性，即可轻易抵消他的恢复效果。在收集并整理所有这些信息后，我不禁感觉到我以前竟与他交手过。",

	"blue_skies.everdawn.arachnarch.title": "幽咽蛛王",
	"blue_skies.everdawn.arachnarch_pre.lore": "我听说过一些关于这只巨型蜘蛛的传说，我害怕面对它。据我所知，它在地面上时会利用其巨大的体型冲击目标。根据从恒晓之地中大多数捕食者处学到的知识，盾牌在与它对战时很有用处。我还听说它和世界上的其他巨型蜘蛛不一样，这一只能倒悬在天花板上躲避大多数攻击。",
	"blue_skies.everdawn.arachnarch_post.lore": "有了一些新信息，我终于可以写一篇幽咽蛛王的完整介绍了。这只令人毛骨悚然的蜘蛛能够在天花板上爬行，以此避开大多数攻击。在这种状态下，它似乎更注重防御，此时攻击它造成的效果不强。如果这是真的，我建议要拖延时间直到它下落。在地面上时，我也听说它会借助自己巨大的体型向目标猛冲。就和恒晓之地的大多数敌人一样，我一般使用盾牌对付这种攻击。就我所知，与盾牌的碰撞会击晕它，使其容易受到攻击。"
}