{
  "name": "灌注钻石",
  "icon": "arsomega:infused_diamond",
  "category": "arsomega:arcane_equipment",
  "pages": [
    {
      "type": "text",
      "text": "灌注钻石是灌注室中制成的一种合成原料。可在附魔装置中升级为附魔钻石，最终可升级至奥术钻石。"
    },
    {
      "type": "imbuement_recipe",
      "recipe": "arsomega:infused_diamond"
    },
    {
      "type": "apparatus_recipe",
      "recipe": "arsomega:enchanted_diamond"
    },
    {
      "type": "apparatus_recipe",
      "recipe": "arsomega:arcane_diamond"
    }
  ]
}