{
  "name": "自然的复仇",
  "advancement": "hexcasting:enlightenment",
  "category": "hexcasting:patterns",
  "icon": "arrow",
  "pages": [
    "不、不、不。我⸺我还觉得“可怕的东西”已经够糟了⸺没法从意识中消除⸺不⸺不⸺好痛⸺必须绘制⸺画不出来⸺我都做了什么⸺自然为什么要这样⸺",
    {
      "type": "hexcasting:pattern",
      "op_id": "hexic:whatthefuck",
      "anchor": "hexic:whatthefuck",
      "input": "???",
      "output": "???",
      "text": "到底要怎么画啊？"
    }
  ]
}