{
    "name": "棕熊" , 
    "icon": "untamedwilds:textures/icon/bear/brown.png" , 
    "category": "untamedwilds:bear_category" ,
    "pages": [
        {
            "type": "text" , 
            "title": "棕熊" , 
            "text": "棕熊($(o)Ursus arctos$())是一种分布在亚欧大陆和北美洲的大型熊。$(br2)在北美，棕熊种群被称为灰熊，而栖息在阿拉斯加的科迪亚克岛的亚种被称为科迪亚克熊。"
        } , 
        {
            "type": "entity" , 
            "entity": "untamedwilds:bear{Variant: 2, Size: 1, hasHump: 1}" ,
            "text": ""
        } , 
        {
            "type": "text" , 
            "title": "棕熊" , 
            "text": "相对大小：\u2605\u2605\u2605\u2606\u2606$(br2)日间活动$(br2)4种肤色$(br2)最喜欢的食物：minecraft:salmon$(br2)种类数量：1$(br2)成长时间：8天"
        }
    ]
}