{
    "name": "北极熊" , 
    "icon": "untamedwilds:textures/icon/bear/polar.png" , 
    "category": "untamedwilds:bear_category" ,
    "pages": [
        {
            "type": "text" , 
            "title": "北极熊" , 
            "text": "北极熊($(o)Ursus maritimus$())是一种超级食肉熊，其原生地范围主要在北极圈内，包括北冰洋、极其周围海域和陆地。$(br2)它是现存的熊物种中最大的，也是现存最大的陆地食肉动物。"
        } , 
        {
            "type": "entity" , 
            "entity": "untamedwilds:bear{Variant: 5, Size: 1}" , 
            "text": ""
        } , 
        {
            "type": "text" , 
            "title": "北极熊" , 
            "text": "相对大小：\u2605\u2605\u2605\u2606\u2606$(br2)黎明/黄昏时最活跃$(br2)1种肤色$(br2)最喜欢的食物：untamedwilds:material_blubber$(br2)种类数量：1$(br2)成长时间：10天"
        }
    ]
}