{
  "name": "蜜渍木板",
  "icon": "complicated_bees:honeyed_planks",
  "category": "complicated_bees:other",
  "advancement": "complicated_bees:recipes/building_blocks/honeyed_planks",
  "pages": [
    {
      "type": "patchouli:text",
      "text": "以蜂蜜涂抹木材会改变其颜色，用到建筑中去便是一抹灿金。$(br2)可以进一步合成为台阶、楼梯、门之类的常见变种。"
    },
    {
      "type": "patchouli:crafting",
      "recipe": "complicated_bees:honeyed_planks"
    }
  ]
}