{
  "name": "高级方块破坏器",
  "sortnum": 4,
  "category": "justdirethings:machines",
  "icon": "justdirethings:blockbreakert2",
  "pages": [
    {
      "type": "patchouli:text",
      "text": "高级方块破坏器是$(l:justdirethings:mach_blockbreakert1)初级方块破坏器$(/l)的升级版。它破坏方块的区域远大于初级破坏器。界面中各特性的详细信息如下。$(br2)$(l)过滤方块或过滤物品$()$(br2)用于控制破坏何种方块。"
    },
    {
      "type": "patchouli:text",
      "text": "在“过滤器：方块”模式下，各过滤项代表可以破坏的$(l)方块$()。比如放入圆石，破坏器便只会破坏圆石。$(br2)在“过滤器：物品”模式下，过滤项代表可以掉落何种物品。比如放入圆石，破坏器则可破坏石头和圆石，因为这两者的掉落物均是圆石（除非有精准采集）。"
    },
    {
      "type": "patchouli:text",
      "text": "$(l)方向按钮$()$(br2)用于设定从哪一面开始破坏方块。通常情况下作用不大；但如果工具加装有类似“重锤”的能力，此设置项便可以选定破坏方块的哪一“面”，以此控制重锤的方向。"
    },
    {
      "type": "patchouli:crafting",
      "title": "高级方块破坏器",
      "recipe": "justdirethings:blockbreakert2"
    }
  ]
}
