{
  "name": "蓄势效果",
  "icon": "arcanuscontinuum:textures/spell_components/effects/colored/stockpile_effect.png",
  "category": "arcanuscontinuum:spellcraft",
  "sortnum": 111,
  "advancement": "arcanuscontinuum:arcane/wizard_level_6",
  "pages": [
    {
      "type": "patchouli:text",
      "text": "重量：无$(br)魔力消耗：4.5$(br)冷却时间：0秒$(br2)描述：$(br)当该效果激活时，如果使用者遭受了重击，将为其下次附加倍增伤害。链式该效果会使持续时间更久。"
    },
    {
      "type": "patchouli:image",
      "border": true,
      "images": [
        "arcanuscontinuum:textures/gui/patchouli/entries/effects/stockpile_effect.png"
      ]
    }
  ]
}
