{
    "name": "座头鲸" , 
    "icon": "untamedwilds:textures/icon/baleen_whale/humpback.png" , 
    "category": "untamedwilds:baleen_whale_category" , 
    "pages": [
        {
            "type": "text" , 
            "title": "座头鲸" , 
            "text": "座头鲸($(o)Megaptera novaeangliae$())是一种须鲸，$(br2)它是一个长须鲸；是须鲸科的一员。$(br2)成年灰鲸的身长大约14\u201317米($(o)46\u201356英尺$())，重达40公吨($(o)44短吨)."
        } , 
        {
            "type": "entity" , 
            "entity": "untamedwilds:baleen_whale{Variant: 3, Size: 1}" , 
            "text": ""
        } , 
        {
            "type": "text" , 
            "title": "Humpback Whale" , 
            "text": "相对大小：\u2605\u2605\u2605\u2606\u2606$(br2)始终活动$(br2)1种肤色$(br2)最喜欢的食物：untamedwilds:chum$(br2)种类数量：1$(br2)成长时间：12天"
        }
    ]
}