{
    "name": "装瓶机",
    "icon": "productivebees:bottler",
    "category": "productivebees:blocks",
    "pages": [
        {
            "type": "patchouli:spotlight",
            "item": "productivebees:bottler",
            "text": "用于装瓶蜂蜜和其他液体。蜂蜜可以泵入侧面，也可以放在离心机旁边自动填充.$(br2)装瓶机和活塞也可用于装瓶蜜蜂，参见 $(l:genetics/transferring)遗传学页面$(/l)."
        },
        {
            "type": "multiblock",
            "name": "Bottler with Centrifuge",
            "multiblock": {
                "mapping": {
                    "H": "productivebees:centrifuge",
                    "E": "productivebees:bottler"
                },
                "pattern": [
                    [
                        "H",
                        "E"
                    ],
                    [
                        "0",
                        " "
                    ]
                ],
                "symmetrical": true,
                "offset": [
                    0,
                    1,
                    0
                ]
            },
            "enable_visualize": false
        }
    ]
}