{
    "name": "煤炭蜜蜂",
    "icon": "minecraft:coal",
    "read_by_default": true,
    "category": "productivebees:bees_hive",
    "flag": "productivebees:coal",
    "pages": [
        {
            "type": "patchouli:text",
            "title": "Coal Bee",
            "text": "由 $(l:bees/hive/redstone)红石蜜蜂$(/l) 和 $(l:bees/solitary/leafcutter)切叶蜜蜂$(/l).繁殖",
            "anchor": "coal"
        },
        {
            "type": "patchouli:entity",
            "entity": "productivebees:configurable_bee{type:'productivebees:coal'}"
        }
    ]
}