{
    "name": "钻石蜜蜂",
    "icon": "minecraft:diamond",
    "read_by_default": true,
    "category": "productivebees:bees_hive",
    "flag": "productivebees:diamond",
    "pages": [
        {
            "type": "patchouli:text",
            "title": "Diamond Bee",
            "text": "由 $(l:bees/wild/ender)末影蜜蜂$(/l) 和 $(l:bees/hive/lapis)青金石蜜蜂$(/l).繁殖",
            "anchor": "diamond"
        },
        {
            "type": "patchouli:entity",
            "entity": "productivebees:configurable_bee{type:'productivebees:diamond'}"
        }
    ]
}