{
  "name": "改造魔法盔甲",
  "category": "ars_nouveau:equipment",
  "icon": "ars_nouveau:archmage_robes",
  "pages": [
    {
      "text": "可在附魔装置中改造魔法盔甲。其上魔咒会被保留。",
      "type": "patchouli:text"
    },
    {
      "type": "ars_nouveau:apparatus_recipe",
      "recipe": "ars_instrumentum:apparatus/novice_hood_from_apprentice"
    },
    {
      "type": "ars_nouveau:apparatus_recipe",
      "recipe": "ars_instrumentum:apparatus/novice_robes_from_apprentice"
    },
    {
      "type": "ars_nouveau:apparatus_recipe",
      "recipe": "ars_instrumentum:apparatus/novice_leggings_from_apprentice"
    },
    {
      "type": "ars_nouveau:apparatus_recipe",
      "recipe": "ars_instrumentum:apparatus/novice_boots_from_apprentice"
    },
    {
      "type": "ars_nouveau:apparatus_recipe",
      "recipe": "ars_instrumentum:apparatus/novice_hood_from_archmage"
    },
    {
      "type": "ars_nouveau:apparatus_recipe",
      "recipe": "ars_instrumentum:apparatus/novice_robes_from_archmage"
    },
    {
      "type": "ars_nouveau:apparatus_recipe",
      "recipe": "ars_instrumentum:apparatus/novice_leggings_from_archmage"
    },
    {
      "type": "ars_nouveau:apparatus_recipe",
      "recipe": "ars_instrumentum:apparatus/novice_boots_from_archmage"
    },
    {
      "type": "ars_nouveau:apparatus_recipe",
      "recipe": "ars_instrumentum:apparatus/apprentice_hood_from_novice"
    },
    {
      "type": "ars_nouveau:apparatus_recipe",
      "recipe": "ars_instrumentum:apparatus/apprentice_robes_from_novice"
    },
    {
      "type": "ars_nouveau:apparatus_recipe",
      "recipe": "ars_instrumentum:apparatus/apprentice_leggings_from_novice"
    },
    {
      "type": "ars_nouveau:apparatus_recipe",
      "recipe": "ars_instrumentum:apparatus/apprentice_boots_from_novice"
    },
    {
      "type": "ars_nouveau:apparatus_recipe",
      "recipe": "ars_instrumentum:apparatus/apprentice_hood_from_archmage"
    },
    {
      "type": "ars_nouveau:apparatus_recipe",
      "recipe": "ars_instrumentum:apparatus/apprentice_robes_from_archmage"
    },
    {
      "type": "ars_nouveau:apparatus_recipe",
      "recipe": "ars_instrumentum:apparatus/apprentice_leggings_from_archmage"
    },
    {
      "type": "ars_nouveau:apparatus_recipe",
      "recipe": "ars_instrumentum:apparatus/apprentice_boots_from_archmage"
    },
    {
      "type": "ars_nouveau:apparatus_recipe",
      "recipe": "ars_instrumentum:apparatus/archmage_hood_from_novice"
    },
    {
      "type": "ars_nouveau:apparatus_recipe",
      "recipe": "ars_instrumentum:apparatus/archmage_robes_from_novice"
    },
    {
      "type": "ars_nouveau:apparatus_recipe",
      "recipe": "ars_instrumentum:apparatus/archmage_leggings_from_novice"
    },
    {
      "type": "ars_nouveau:apparatus_recipe",
      "recipe": "ars_instrumentum:apparatus/archmage_boots_from_novice"
    },
    {
      "type": "ars_nouveau:apparatus_recipe",
      "recipe": "ars_instrumentum:apparatus/archmage_hood_from_apprentice"
    },
    {
      "type": "ars_nouveau:apparatus_recipe",
      "recipe": "ars_instrumentum:apparatus/archmage_robes_from_apprentice"
    },
    {
      "type": "ars_nouveau:apparatus_recipe",
      "recipe": "ars_instrumentum:apparatus/archmage_leggings_from_apprentice"
    },
    {
      "type": "ars_nouveau:apparatus_recipe",
      "recipe": "ars_instrumentum:apparatus/archmage_boots_from_apprentice"
    }
  ]
}