{
  "name": "回响母岩",
  "sortnum": 2,
  "category": "justdirethings:justdynathings",
  "icon": "justdynathings:echoing_budding_amethyst",
  "pages": [
    {
      "type": "patchouli:text",
      "text": "这些母岩只需要$(bold)时间流体$()和$(bold)能量$()就能长出晶簇。"
    },
    {
      "type": "patchouli:crafting",
      "title": "Minecraft，紫水晶",
      "recipe": "justdynathings:echoing_budding_amethyst"
    },
    {
      "type": "patchouli:crafting",
      "title": "JustDireThings，时间水晶",
      "recipe": "justdynathings:echoing_budding_time"
    },
    {
      "type": "patchouli:crafting",
      "title": "Applied Energistics 2",
      "recipe": "justdynathings:echoing_budding_certus"
    },
    {
      "type": "patchouli:crafting",
      "title": "Extended AE",
      "recipe": "justdynathings:echoing_budding_entro"
    },
    {
      "type": "patchouli:crafting",
      "title": "Phasorite Networks",
      "recipe": "justdynathings:echoing_budding_phasorite"
    }
  ]
}
