{
  "name": "奥术法术书与奥术法杖",
  "icon": "arsomega:arcane_book",
  "category": "arsomega:arcane_equipment",
  "pages": [
    {
      "type": "text",
      "text": "奥术法术书使得法师能将法术的力量推至极限。但是，制作它需要许多虚幻难寻的物品，少有人能获得其一。"
    },
    {
      "type": "crafting",
      "recipe": "arsomega:arcane_book_upgrade"
    },
    {
      "type": "text",
      "text": "奥术法杖是最为强力的法杖，能给多数法术带来极强的力量。"
    },
    {
      "type": "apparatus_recipe",
      "recipe": "arsomega:arcane_staff"
    }
  ]
}