{
  "name": "酿造",
  "category": "cauldron_and_brewing",
  "icon": "bewitchment:witches_cauldron",
  "pages": [
	{
	  "type": "text",
	  "text": "当然，女巫使用釜锅的主要原因是为了调制或好或坏的魔法药剂"
	},
	{
	  "type": "text",
	  "title": "酿造",
	  "text": "为了让你的釜锅进行酿造, 曼陀罗根必须最先放入其中. 在这之后, 加入其它你想要加入的其他魔法试剂, 但是你加的越多，酿造成本也就越昂贵, 要注意把握好度."
	},
	{
	  "type": "text",
	  "text": "红石可以增加特定时长的药水效果荧石则是增加药水功效, 乌鸦的羽毛则可以取消药水的粒子效果，投入火药可以让药水变为喷溅型, 如果再继续加入猫头鹰的翅膀，它就会变成滞留型药水"
	},
	{
	  "type": "bewitchment:brew",
	  "recipe": "bewitchment:instant_health",
	  "text": "治疗生物，伤害亡灵"
	},
	{
	  "type": "bewitchment:brew",
	  "recipe": "bewitchment:instant_damage",
	  "text": "对生物造成伤害，治愈亡灵"
	},
	{
	  "type": "bewitchment:brew",
	  "recipe": "bewitchment:regeneration",
	  "text": "使目标生物再生, 对非生物没有效果"
	},
	{
	  "type": "bewitchment:brew",
	  "recipe": "bewitchment:poison",
	  "text": "使目标中毒, 对非生物没有效果"
	},
	{
	  "type": "bewitchment:brew",
	  "recipe": "bewitchment:wither",
	  "text": "与剧毒药水类似，但会致死，并且对亡灵同样有效果"
	},
	{
	  "type": "bewitchment:brew",
	  "recipe": "bewitchment:night_vision",
	  "text": "让目标在昏暗区域看得更清楚，加入远古之眼可以让药水额外获得水下呼吸效果"
	},
	{
	  "type": "bewitchment:brew",
	  "recipe": "bewitchment:blindness",
	  "text": "模糊目标的视线，并使他们无法冲刺"
	},
	{
	  "type": "bewitchment:brew",
	  "recipe": "bewitchment:strength",
	  "text": "增强目标的臂力, 使他们近战伤害提高"
	},
	{
	  "type": "bewitchment:brew",
	  "recipe": "bewitchment:weakness",
	  "text": "削弱目标的臂力，使他们减少近战伤害"
	},
	{
	  "type": "bewitchment:brew",
	  "recipe": "bewitchment:resistance",
	  "text": "强化目标的皮肤，可以降低非魔法伤害"
	},
	{
	  "type": "bewitchment:brew",
	  "recipe": "bewitchment:fire_resistance",
	  "text": "使得目标对火焰与熔岩伤害免疫"
	},
	{
	  "type": "bewitchment:brew",
	  "recipe": "bewitchment:absorption",
	  "text": "给予目标暂时性的血量提高"
	},
	{
	  "type": "bewitchment:brew",
	  "recipe": "bewitchment:jump_boost",
	  "text": "增强目标的腿部力量, 使得他们跳的更高"
	},
	{
	  "type": "bewitchment:brew",
	  "recipe": "bewitchment:speed",
	  "text": "增强目标的腿部力量, 使得他们跑得更快"
	},
	{
	  "type": "bewitchment:brew",
	  "recipe": "bewitchment:slowness",
	  "text": "使目标的腿部无力化, 降低他们的移速"
	},
	{
	  "type": "bewitchment:brew",
	  "recipe": "bewitchment:haste",
	  "text": "增强目标的手臂力量, 允许他们更快地采掘或攻击"
	},
	{
	  "type": "bewitchment:brew",
	  "recipe": "bewitchment:mining_fatigue",
	  "text": "是目标的手臂陷入虚弱, 降低他们采掘 或攻击的速度"
	},
	{
	  "type": "bewitchment:brew",
	  "recipe": "bewitchment:luck",
	  "text": "使目标更有可能获得好的战利品"
	},
	{
	  "type": "bewitchment:brew",
	  "recipe": "bewitchment:unluck",
	  "text": "降低目标获得好的战利品的几率"
	},
	{
	  "type": "bewitchment:brew",
	  "recipe": "bewitchment:water_breathing",
	  "text": "使目标长出一副临时的腮, 让它们得以在液体中呼吸. 加入远古之眼会额外使得药水获得夜视效果"
	},
	{
	  "type": "bewitchment:brew",
	  "recipe": "bewitchment:invisibility",
	  "text": "所有的光会直接穿过目标, 使其不可见. 然而，目标的盔甲和手里的物品并不会受此药水影响"
	},
	{
	  "type": "bewitchment:brew",
	  "recipe": "bewitchment:hunger",
	  "text": "使目标陷入饥饿"
	},
	{
	  "type": "bewitchment:brew",
	  "recipe": "bewitchment:nausea",
	  "text": "使目标晕头转向"
	},
	{
	  "type": "bewitchment:brew",
	  "recipe": "bewitchment:glowing",
	  "text": "使目标发光"
	},
	{
	  "type": "bewitchment:brew",
	  "recipe": "bewitchment:levitation",
	  "text": "使目标缓慢地升入空中"
	},
	{
	  "type": "bewitchment:brew",
	  "recipe": "bewitchment:absence",
	  "text": "清除目标所有的药水效果"
	},
	{
	  "type": "bewitchment:brew",
	  "recipe": "bewitchment:purification",
	  "text": "清除目标的负面药水效果"
	},
	{
	  "type": "bewitchment:brew",
	  "recipe": "bewitchment:corruption",
	  "text": "清除目标的正面药水效果"
	},
	{
	  "type": "bewitchment:brew",
	  "recipe": "bewitchment:magic_resistance",
	  "text": "减少目标受到的魔法伤害"
	},
	{
	  "type": "bewitchment:brew",
	  "recipe": "bewitchment:magic_weakness",
	  "text": "目标将承受更多的魔法伤害"
	},
	{
	  "type": "bewitchment:brew",
	  "recipe": "bewitchment:hellworld",
	  "text": "将周边区域转化为类似于下界的环境, 并会随机的在地上生成火焰，在其中的生物也不例外——如果他足够不幸的话"
	},
	{
	  "type": "bewitchment:brew",
	  "recipe": "bewitchment:iceworld",
	  "text": "使周围的环境转化为一片冰雪奇境, 熄灭周围和人身上的火焰. 在此过程中，一种不会融化的冰——永恒之冰——可能会出现。 而永恒之冰可以被制作为憎恶方砖，这种方砖与石砖十分相似"
	},
	{
	  "type": "bewitchment:brew",
	  "recipe": "bewitchment:rubedo",
	  "text": "将周围的沙子以及已经染色的方块染红"
	},
	{
	  "type": "bewitchment:brew",
	  "recipe": "bewitchment:citrinitas",
	  "text": "将周围的沙子以及已经染色的方块染黄"
	},
	{
	  "type": "bewitchment:brew",
	  "recipe": "bewitchment:desertification",
	  "text": "将周围的各种植物转变为它们在沙漠中生成的版本"
	},
	{
	  "type": "bewitchment:brew",
	  "recipe": "bewitchment:fertility",
	  "text": "使得动物繁殖以及植物加速生长"
	},
	{
	  "type": "bewitchment:brew",
	  "recipe": "bewitchment:harvest",
	  "text": "立即收获作物并重新种植该作物的种子, 还可以使树叶掉落苹果以及催生南瓜"
	},
	{
	  "type": "bewitchment:brew",
	  "recipe": "bewitchment:spore_cloud",
	  "text": "使蘑菇、菌丝、蕨类植物和藤蔓加速生长. 我希望你不会对这些东西过敏⋯⋯"
	},
	{
	  "type": "bewitchment:brew",
	  "recipe": "bewitchment:blight",
	  "text": "破坏周围的植物和作物，并削弱范围内的生物"
	},
	{
	  "type": "bewitchment:brew",
	  "recipe": "bewitchment:ruin",
	  "text": "使得多种方块腐烂并损毁"
	},
	{
	  "type": "bewitchment:brew",
	  "recipe": "bewitchment:pesticide",
	  "text": "对节肢生物伤害"
	},
	{
	  "type": "bewitchment:brew",
	  "recipe": "bewitchment:arachnophobia",
	  "text": "用蜘蛛网困住目标, 并召唤蜘蛛来攻击他们"
	},
	{
	  "type": "bewitchment:brew",
	  "recipe": "bewitchment:mending",
	  "text": "把泥土和菌丝变成草方块，并且可以治愈僵尸村民"
	},
	{
	  "type": "bewitchment:brew",
	  "recipe": "bewitchment:holy_water",
	  "text": "仅次于神圣手雷！净化那些不纯洁之物, 譬如亡灵以及恶魔"
	},
	{
	  "type": "bewitchment:brew",
	  "recipe": "bewitchment:wolfsbane",
	  "text": "对狼和其他犬科动物伤害"
	},
	{
	  "type": "bewitchment:brew",
	  "recipe": "bewitchment:deviants_decomposure",
	  "text": "对那些被逐出族群的人造成伤害, 譬如灾厄村民以及女巫. 对狩巫人没有影响"
	},
	{
	  "type": "bewitchment:brew",
	  "recipe": "bewitchment:sleeping",
	  "text": "减速并致盲目标, 如果目标血量足够低，有可能致死"
	},
	{
	  "type": "bewitchment:brew",
	  "recipe": "bewitchment:volatility",
	  "text": "大爆炸！受到伤害时发生爆炸. 不会破坏方块"
	},
	{
	  "type": "bewitchment:brew",
	  "recipe": "bewitchment:grace",
	  "text": "降低目标的摔落伤害"
	},
	{
	  "type": "bewitchment:brew",
	  "recipe": "bewitchment:shell_armor",
	  "text": "对伤害目标的对象造成伤害"
	},
	{
	  "type": "bewitchment:brew",
	  "recipe": "bewitchment:deflection",
	  "text": "叮！使得目标能够反弹箭矢以及其它弹射物"
	},
	{
	  "type": "bewitchment:brew",
	  "recipe": "bewitchment:revealing",
	  "text": "使得被攻击到的实体解除隐形"
	},
	{
	  "type": "bewitchment:brew",
	  "recipe": "bewitchment:disrobing",
	  "text": "卸除目标的护甲以及饰品"
	},
	{
	  "type": "bewitchment:brew",
	  "recipe": "bewitchment:sinking",
	  "text": "使得目标难以跳跃，哪怕是再强大的力量也难以摆脱"
	},
	{
	  "type": "bewitchment:brew",
	  "recipe": "bewitchment:cursed_leaps",
	  "text": "将目标抛至空中, 使得他们无法在空中做出任何操作，并承受掉落伤害"
	}
  ]
}
