{
  "name": "粉笔",
  "category": "cauldron_and_brewing",
  "icon": "bewitchment:focal_chalk",
  "pages": [
	{
	  "type": "text",
	  "text": "粉笔被应用于 [圆环仪式] , 其目的是汇集和引导仪式中的能量. 粉笔与仪式中所添加的魔法试剂一样，都是不可或缺的。"
	},
	{
	  "type": "crafting",
	  "recipe": "bewitchment:ritual_chalk",
	  "text": "粉笔的第一种形式, 它已经可以被用于仪式当中，当然也可以作为其它粉笔的合成基础."
	},
	{
	  "type": "bewitchment:cauldron_recipe",
	  "recipe": "bewitchment:focal_chalk",
	  "text": "圆环仪式的核心."
	},
	{
	  "type": "bewitchment:cauldron_recipe",
	  "recipe": "bewitchment:fiery_chalk",
	  "text": "用于那些本质上较为残忍的仪式."
	},
	{
	  "type": "bewitchment:cauldron_recipe",
	  "recipe": "bewitchment:phasing_chalk",
	  "text": "用于需要与其他维度或跨较大区域沟通的仪式."
	}
  ]
}
