{
	"name": "山羊皮",
	"category": "armor",
	"icon": "craftandhunt:goat_hide",
	"pages": [
		{
			"type": "spotlight",
			"item": "craftandhunt:goat_hide",
			"text": "来自高岭之上山羊的皮。穿上由它制成的套装，让人们感受到来自山羊的力量和击退力！"
		},
		{
			"type": "crafting",
			"recipe": 	"craftandhunt:goat_helmet",
			"recipe2": 	"craftandhunt:goat_chestplate"
		},
		{
			"type": "crafting",
			"recipe": 	"craftandhunt:goat_leggings",
			"recipe2": 	"craftandhunt:goat_boots"
		}
	]
}