{
	"name": "蜘蛛甲壳质",
	"category": "armor",
	"icon": "craftandhunt:spider_chitin",
	"pages": [
		{
			"type": "spotlight",
			"item": "craftandhunt:spider_chitin",
			"text": "蜘蛛的外骨骼。当有人穿戴一整套时，将获得夜视能力。"
		},
		{
			"type": "crafting",
			"recipe": 	"craftandhunt:spider_helmet",
			"recipe2": 	"craftandhunt:spider_chestplate"
		},
		{
			"type": "crafting",
			"recipe": 	"craftandhunt:spider_leggings",
			"recipe2": 	"craftandhunt:spider_boots"
		}
	]
}