{
	"name": "黑熊皮",
	"category": "armor",
	"icon": "craftandhunt:bear_black_leather",
	"pages": [
		{
			"type": "spotlight",
			"item": "craftandhunt:bear_black_leather",
			"text": "由黑熊皮制成的套装。如果有人穿上一整套黑熊套装，他将感觉自己拥有黑熊的力量。黑熊套装会赋予穿戴者力量2。如果找不到黑熊，可以随时向流浪商人购置皮革。"
		},
		{
			"type": "crafting",
			"recipe": "craftandhunt:bear_black_helmet",
			"recipe2": "craftandhunt:bear_black_chestplate"
		},
		{
			"type": "crafting",
			"recipe": "craftandhunt:bear_black_leggings",
			"recipe2": "craftandhunt:bear_black_boots"
		}
	]
}