{
	"name": "甲壳类装备",
	"category": "armor",
	"icon": "craftandhunt:textures/item/crab_shell.png",
	"pages": [
		{
			"type": "text",
			"text": "所有的甲壳类装备在潜行时都能获得抗性提升。这三套都可以按照本书中的方法制作，也可以在锻造台上升级。有关这些配方，请详见升级部分。"
		},
		{
			"type": "crafting",
			"recipe": 	"craftandhunt:crab_helmet",
			"recipe2": 	"craftandhunt:crab_chestplate"
		},
		{
			"type": "crafting",
			"recipe": 	"craftandhunt:crab_leggings",
			"recipe2": 	"craftandhunt:crab_boots"
		},
		{
			"type": "spotlight",
			"item": "minecraft:nautilus_shell",
			"text": "下一级甲壳可以使用鹦鹉螺壳。这种材料可以通过钓鱼获得。"
		},
		{
			"type": "crafting",
			"recipe": "craftandhunt:naut_helmet",
			"recipe2": "craftandhunt:naut_chestplate"
		},
		{
			"type": "crafting",
			"recipe": "craftandhunt:naut_leggings",
			"recipe2": "craftandhunt:naut_boots"
		},
		{
			"type": "spotlight",
			"item": "minecraft:scute",
			"text": "甲壳类的最后一层是鳞甲。这是一种坚硬的材料，可以通过饲养海龟获得。这种盔甲在防御方面更胜于铁。"
		},
		{
			"type": "crafting",
			"recipe": "minecraft:turtle_helmet",
			"recipe2": "craftandhunt:shell_chestplate"
		},
		{
			"type": "crafting",
			"recipe": "craftandhunt:shell_leggings",
			"recipe2": "craftandhunt:shell_boots"
		}
	]
}