{
  "name": "空无一物之处",
  "icon": "minecraft:black_concrete_powder",
  "category": "reactive:objects_of_study",
  "advancement": "reactive:see_synthesis",
  "turnin": "reactive:get_motion_salts",
  "pages": [
    {
      "type": "patchouli:text",
      "text": "空无的本性是什么？$(p)这一问题萦于哲学头顶，久久不散，实践研究也难逃其困。目前共有两种空无的理论。$(p)其一认为空无实际是$(thing)空气$(0)。空气是一种隐形的方块，会自动填充空无一物之处。"
    },
    {
      "type": "patchouli:text",
      "text": "我不相信$(thing)空气$(0)理论。主要原因在于空气无法被破坏或放置，而这些又是方块必然具有的性质。此外，假如空气能自动生成，为何它不会如火和水一样蔓延并推离其他物质呢？$(p)我对这谜团的看法？$(item)标格$(0)。"
    },
    {
      "type": "patchouli:text",
      "text": "标格是一种隐形的超结构，它对齐了宇宙的方方面面。每一格胞都是完美的正方体，且正好能容纳一个方块。这也能解释多方块放置为何不可行。$(p)可惜的是，我没有证明$(item)标格$(0)存在的证据。不过，我确信这一证据就在反应炼金术的领域之内。"
    },
    {
      "type": "patchouli:text",
      "text": "如果标格如我所想，在我们的世界中无所不在，则其必然与一种能量对齐。如果不是与基础能量对齐，则必然与$(4)隐秘能量$(0)对齐。$(p)$(4)在黄金印记的光耀之中$(0)，我确信这种与标格对齐的隐秘能量会发生某种显著的反应。"
    },
    {
      "type": "patchouli:text",
      "text": "而如果这种反应会扰乱标格，则它必然会在坩埚口产生某种$(4)有形的副产物$(0)。我将探寻这种证据材料。"
    }
  ]
}