{
  "name": "丝线",
  "icon": "mysticalworld:silk_thread",
  "category": "items",
  "pages": [
    {
      "type": "crafting",
      "recipe": "mysticalworld:silk_thread",
      "link_recipe": true,
      "text": "丝线可以通过处理$(l:items/silk_cocoons)蚕茧获得$()。蚕茧产出丝线的数量极大地取决于具体方法。"
    },
    {
      "type": "crafting",
      "recipe": "mysticalworld:spindle",
      "recipe2": "mysticalworld:silk_thread_spindle",
      "text": "利用纺锤处理蚕茧能产出最多的丝线，不过这会消耗纺锤一点耐久。"
    }
  ]
}
