{
  "name": "存储卡",
  "icon": "advancedperipherals:memory_card",
  "category": "advancedperipherals:items",
  "pages": [
    {
      "type": "text",
      "text": "存储卡可以用来与$(9)$(l:peripherals/inventory_manager)物品栏管理器$(/l)$()配合使用，以与玩家的物品栏通信。$(p)手持存储卡右键以将它分配给你自己。$(p)要获取完整文档请参阅$(9)$(l:https://docs.intelligence-modding.de/items/memory_card/)官方wiki页面$(/l)$()！"
    },
    {
      "type": "crafting",
      "recipe": "advancedperipherals:memory_card"
    }
  ]
}
