{
  "name": "巨蜥",
  "icon": "mythicmounts:textures/gui/book/dash.png",
  "category": "mythicmounts:creatures",
  "read_by_default": true,
  "pages": [
    {
      "type": "patchouli:text",
      "text": "这些温顺的巨型野兽偏爱浅层的地下洞穴系统，它们大声吼叫，寻找同类动物。$(br2)巨蜥以其巨大的食欲而闻名，传说这些生物异常喜欢南瓜，以至于他们几乎吃完了整个世界的南瓜。$(br2)他们的视力很差，可能会尝试食用与食物只有模糊相似的不可食用的东西。"
    },
    {
      "type": "patchouli:entity",
      "entity": "mythicmounts:geckotoalizard",
      "title": "巨蜥",
      "text": "$(br)一只巨蜥。",
      "scale": 0.5,
      "offset": 0.2,
      "rotate": true,
      "border": true
    },
    {
      "type": "mythicmounts:server_page",
      "page_title": "栖息地",
      "entity_id": "mythicmounts:geckotoalizard"
    },
    {
      "type": "mythicmounts:server_page",
      "page_title": "驯服物品",
      "entity_id": "mythicmounts:geckotoalizard"
    },
    {
      "type": "mythicmounts:server_page",
      "page_title": "食物",
      "entity_id": "mythicmounts:geckotoalizard"
    },
    {
      "type": "mythicmounts:server_page",
      "page_title": "繁殖物品",
      "entity_id": "mythicmounts:geckotoalizard"
    },
    {
      "type": "mythicmounts:server_page",
      "page_title": "基本状态",
      "entity_id": "mythicmounts:geckotoalizard"
    }
  ]
}