{
  "category": "ars_nouveau:turrets",
  "icon": "ars_artillery:abjuration_turret_crate",
  "name": "防护之炮塔",
  "pages": [
    {
      "type": "patchouli:text",
      "text": "防护之炮塔会为周围炮塔提供防御性正面效果。升级会增加炮塔的作用范围，也会额外加入新正面效果。"
    },
    {
      "type": "patchouli:entity",
      "entity": "ars_artillery:abjuration_turret_1"
    },
    {
      "type": "ars_nouveau:apparatus_recipe",
      "recipe": "ars_artillery:abjuration_turret_1_crate_recipe"
    },
    {
      "type": "patchouli:crafting",
      "recipe": "ars_artillery:abjuration_salvage"
    }
  ]
}