{
    "name": "亚历山大女皇鸟翼凤蝶" , 
    "icon": "untamedwilds:textures/icon/butterfly/birdwing.png" , 
    "category": "untamedwilds:butterfly_category" , 
    "pages": [
        {
            "type": "text" , 
            "title": "亚历山大女皇鸟翼凤蝶" , 
            "text": "这种鸟翼蝶仅存于巴布亚新几内亚东部的北部省的森林中"
        } , 
        {
            "type": "entity" , 
            "entity": "untamedwilds:butterfly{Variant: 0, Size: 1}" , 
            "text": ""
        } , 
        {
            "type": "text" , 
            "title": "亚历山大女皇鸟翼凤蝶" , 
            "text": "相对大小：\u2605\u2605\u2605\u2606\u2606$(br2)始终活动$(br2)1种肤色$(br2)最喜欢的食物：minecraft:dandelion$(br2)种类数量：4$(br2)成长时间：无天数"
        }
    ]
}