{
  "name": "旋转力压缩机",
  "icon": "compressedcreativity:rotational_compressor",
  "category": "pneumaticcraft:compressors",
  "advancement": "pneumaticcraft:pressure_tube",
  "pages": [
    {
      "type": "text",
      "text": "$(item)旋转力压缩机$()是一种使用机械动力的旋转力产生压力的压缩机。"
    },
    {
      "type": "crafting",
      "recipe": "compressedcreativity:crafting/rotational_compressor",
      "text": "$(item)旋转力压缩机$()的合成表"
    }
  ]
}