{
    "name": "基岩镐",
    "icon": "turtlemancy:bedrock_pickaxe",
    "category": "turtlemancy:items",
    "flag": "turtlemancy:bedrockPickaxeEnabled",
    "pages": [
        { 
        	"type": "spotlight",
        	"item": "turtlemancy:bedrock_pickaxe",
        	"title": "基岩镐",
        	"text": "这种由基岩和烈焰棒制成的镐能够瞬间破坏基岩（消耗大量耐久）。但是当心你的脚下，基岩下方是虚空，可以结束你的生命。",
        	"link_recipe": true
        },
        { 
        	"type": "crafting",
        	"recipe": "turtlemancy:bedrock_pickaxe",
        	"title": "基岩镐"
        }
    ]
}