{
    "name": "恶人珍珠",
    "icon": "turtlemancy:evil_human_pearl",
    "category": "turtlemancy:items",
    "pages": [
        { 
        	"type": "spotlight",
        	"item": "turtlemancy:evil_human_pearl",
        	"title": "恶人珍珠",
        	"text": "恶人珍珠可以作为末影之眼使用，它会搜索最近的$(thing)掠夺者前哨站$()。",
        	"link_recipe": true
        },
        { 
        	"type": "turtlemancy:common_ritual_recipe",
            "recipe": "turtlemancy:evil_human_pearl",
            "title": "前哨站仪式",
            "description": "腐蚀人类珍珠就好像人类很容易堕落一样简单。"
        }
    ]
}