{
    "name": "人类珍珠",
    "icon": "turtlemancy:human_pearl",
    "category": "turtlemancy:items",
    "pages": [
        { 
        	"type": "spotlight",
        	"item": "turtlemancy:human_pearl",
        	"title": "人类珍珠",
        	"text": "人类珍珠可以作为末影之眼使用，它会搜索最近的$(thing)村庄$()。",
        	"link_recipe": true
        },
        { 
        	"type": "turtlemancy:turtlemy_recipe",
            "recipe": "turtlemancy:human_pearl",
            "title": "人类珍珠",
            "text": "这颗不漂亮但不丑（类人型）珍珠会带领你去村庄。用非海龟爱好者的低等实体包围你自己，并拿走他们的绿宝石！"
        }
    ]
}