{
    "name": "不毁珍珠",
    "icon": "turtlemancy:indestructible_pearl",
    "category": "turtlemancy:items",
    "pages": [
        { 
        	"type": "spotlight",
        	"item": "turtlemancy:indestructible_pearl",
        	"title": "不毁珍珠",
        	"text": "没有什么比这颗珍珠更难制作了。用于制作各种顶级物品的配方，例如：高级魔杖或进行强大附魔仪式。",
        	"link_recipe": true
        },
        { 
        	"type": "turtlemancy:common_ritual_recipe",
            "recipe": "turtlemancy:indestructible_pearl",
            "title": "不毁珍珠仪式",
            "description": "此仪式会使空珍珠变成有史以来最硬、最酷的珍珠。"
        }
    ]
}