{
    "name": "岩浆鳞甲",
    "icon": "turtlemancy:magma_scute",
    "category": "turtlemancy:items",
    "pages": [
        {
            "type": "spotlight",
        	"item": "turtlemancy:magma_scute",
        	"title": "岩浆鳞甲",
            "text": "你可以通过从岩浆龟中或其他魔法方式获取岩浆鳞甲。这是一个神奇的材料，不要随意浪费它。"
        },
        { 
        	"type": "spotlight",
        	"item": "turtlemancy:improved_magma_scute",
        	"title": "强化岩浆鳞甲",
        	"text": "岩浆鳞甲的魔法强化版本。你可以通过进行$(l)$(l:turtlemy/basic_turtlemy#improved_magma_scute)此海龟术配方$()获取它。",
        	"link_recipe": true
        }
    ]
}