{
    "name": "海龟地雷",
    "icon": "turtlemancy:mine_turtle",
    "category": "turtlemancy:items",
    "pages": [
        { 
        	"type": "spotlight",
        	"item": "turtlemancy:mine_turtle",
        	"title": "海龟地雷",
        	"text": "啊，多么神奇的物品\ue908\ue909$(br2)不要踩在它们上方，否则它们会爆炸！用这个惊人的陷阱填满这个地方！",
        	"link_recipe": true
        },
        { 
        	"type": "crafting",
        	"recipe": "turtlemancy:mine_turtle"
        }
    ]
}