{
    "name": "宽恕之星",
    "icon": "turtlemancy:nether_star_of_forgiveness",
    "category": "turtlemancy:items",
    "pages": [
        { 
        	"type": "spotlight",
        	"item": "turtlemancy:nether_star_of_forgiveness",
        	"title": "宽恕之星",
        	"text": "你杀了一只$(#009432)海龟$()。这太可怕了，但你已经接受你做的事了，你准备回到正确的道路上。这是给你的物品。消耗它将使你返回正确的海龟术士生活。只不过\ue908\ue909不要再毁灭它了，好吗？",
        	"link_recipe": true
        },
        { 
        	"type": "turtlemancy:dark_ritual_recipe",
            "recipe": "turtlemancy:nether_star_of_forgiveness",
            "title": "宽恕仪式",
            "description": "此仪式将会制作$(item)宽恕之星$()。"
        }
    ]
}