{
  "name": "蚀空门径手杖",
  "sortnum": 7,
  "category": "justdirethings:items",
  "icon": "justdirethings:eclipsegate_wand[justdirethings:forge_energy=100000]",
  "pages": [
    {
      "type": "patchouli:text",
      "text": "蚀空门径手杖立于所有魔法工具的顶点，它的力量无物可比。$(br2)在$(l:justdirethings:item_voidshift_wand)虚空瞬移法杖$(/l)的能力之上，还可以使用“蚀空门径”能力。手持右击方块后，该方块周围和后方的所有方块都会暂时消失！"
    },
    {
      "type": "patchouli:text",
      "text": "一段时间后那些方块会恢复原样。箱子等方块实体不会受影响。$(br2)可在设置界面中调整此能力的作用范围。"
    },
    {
      "type": "patchouli:crafting",
      "title": "蚀空门径手杖的配方",
      "recipe": "justdirethings:eclipsegate_wand"
    }
  ]
}
