{
  "name": "机器设置复制器",
  "sortnum": 9,
  "category": "justdirethings:items",
  "icon": "justdirethings:machinesettingscopier",
  "pages": [
    {
      "type": "patchouli:text",
      "text": "此工具可以复制机器的设置。Shift 右击$(l:justdirethings:machines)机器$(/l)即可复制其设置，再右击另一个机器可以粘贴。对空气点击会打开菜单界面，其中能选择复制何种设置。"
    },
    {
      "type": "patchouli:crafting",
      "title": "机器设置复制器的配方",
      "recipe": "justdirethings:machinesettingscopier"
    }
  ]
}
