{
  "name": "高级机器",
  "sortnum": 2,
  "category": "justdirethings:machines",
  "icon": "justdirethings:blockbreakert2",
  "pages": [
    {
      "type": "patchouli:text",
      "text": "高级机器通常拥有对应初级机器的所有控制项，也新增了若干项。$(br2)$(l)作用区域$()$(br2)高级机器能够影响大片区域。“显示区域”启用后，作用区域便会实时显示在世界中，方便查看。"
    },
    {
      "type": "patchouli:text",
      "text": "“RAD”项和“OFF”项的各按钮用于调整作用区域的大小和位置。$(br2)“RAD”对应“半径”，可以增加受影响区域的尺寸。$(br2)“OFF”对应“偏移”，可以将影响区域的中心移动到另一位置。$(br2)测试这些按钮的功能时推荐打开“显示区域”。"
    },
    {
      "type": "patchouli:text",
      "text": "$(l)过滤器$()$(br2)大多数高级机器都有一排过滤槽，用于过滤机器能影响的事物，可以是物品、方块，甚至实体！$(br2)可从 JEI 处拖放加入过滤项，也可在界面中拿起对应物品组点击各槽位。$(br2)生物捕捉器和刷怪蛋均可用于过滤实体。"
    },
    {
      "type": "patchouli:text",
      "text": "还可以切换“白名单或黑名单”按钮。白名单模式下，仅有过滤槽中的事物可被影响；黑名单模式下，除过滤项之外的事物均可被影响。$(br2)“匹配 NBT”能让过滤器更加精确。比如工具耐久度必须相同，必须拥有同种魔咒，或是用捕捉器过滤特定颜色的绵羊。"
    }
  ]
}
