{
  "name": "烈焰燃液",
  "sortnum": 27,
  "category": "justdirethings:resources",
  "icon": "justdirethings:refined_t2_fluid_bucket",
  "pages": [
    {
      "type": "patchouli:text",
      "text": "烈焰燃液是可观的能量源。它由未精炼的烈焰燃液加工而来，未精炼的此类燃液则由向$(l:justdirethings:res_polymorphic_fluid)多态流体$(/l)中投入$(l:justdirethings:res_coal_t2)烈焰烬质$(/l)制成。将所得的混合物放置在烈焰蕾凝胶即可进行精炼。"
    },
    {
      "type": "patchouli:text",
      "text": "烈焰燃液作为燃料较为高效，可用在$(l:justdirethings:mach_generatorfluidt1)燃液发电器$(/l)中产生能量。"
    }
  ]
}
