{
  "name": "粗烈焰金矿簇",
  "sortnum": 2,
  "category": "justdirethings:resources",
  "icon": "justdirethings:raw_blazegold_ore",
  "pages": [
    {
      "type": "patchouli:text",
      "text": "烈焰蕾凝胶能将金块转化为粗烈焰金矿簇。挖掘它会掉落粗烈焰金，这种材料可以烧炼为$(l:justdirethings:res_blazegold)烈焰金锭$(/l)。"
    },
    {
      "type": "patchouli:spotlight",
      "item": "justdirethings:raw_blazegold",
      "text": "破坏粗烈焰金矿簇时会掉落粗烈焰金"
    }
  ]
}
