{
  "name": "烈焰金锭",
  "sortnum": 3,
  "category": "justdirethings:resources",
  "icon": "justdirethings:blazegold_ingot",
  "pages": [
    {
      "type": "patchouli:text",
      "text": "烈焰金锭是烧炼粗烈焰金的产物，粗烈焰金又是挖掘$(l:justdirethings:res_blazegold_raw)粗烈焰金矿簇$(/l)的掉落物。合成带有魔法性质的物品离不开这些铸锭。"
    },
    {
      "type": "patchouli:smelting",
      "title": "烧炼粗烈焰金",
      "recipe": "justdirethings:blazegold_ingot_smelted"
    }
  ]
}
