{
  "name": "生物透视",
  "sortnum": 1,
  "category": "justdirethings:upgrades",
  "icon": "justdirethings:upgrade_glowing",
  "pages": [
    {
      "type": "patchouli:text",
      "text": "此升级会给予周围所有活体“发光”效果，所有怪物和动物都一样！$(br2)此能力需要激活才可使用，且能完全替代生物扫描升级。"
    },
    {
      "type": "patchouli:crafting",
      "title": "生物透视升级的配方",
      "recipe": "justdirethings:upgrade_glowing"
    }
  ]
}
