{
  "name": "疾跑速度",
  "sortnum": 1,
  "category": "justdirethings:upgrades",
  "icon": "justdirethings:upgrade_runspeed",
  "pages": [
    {
      "type": "patchouli:text",
      "text": "疾跑速度升级能强化你的疾跑能力。此升级会大幅加快你疾跑的速度，长途旅行便不再费时。$(br2)可以加装于核源铁护腿，更高品质护腿的疾跑速度也更快。设置界面中有滑块可供调整。"
    },
    {
      "type": "patchouli:crafting",
      "title": "疾跑速度升级的配方",
      "recipe": "justdirethings:upgrade_runspeed"
    }
  ]
}
