{
    "name": "蜜蜂小食",
    "icon": "productivebees:honey_treat",
    "category": "productivebees:items",
    "pages": [
        {
            "type": "patchouli:spotlight",
            "item": "productivebees:honey_treat",
            "text": "蜜蜂小食可以喂给愤怒的蜜蜂，让它们平静下来。将它们喂给小蜜蜂会使它们长得更快。$(br2)蜜蜂小食还可以将蜜蜂与基因相结合，将遗传学从一只蜜蜂转移到另一只蜜蜂。在 $(l:genetics/transferring)遗传学$(/l)页面上阅读更多内容。"
        }
    ]
}