{
	"name": "附魔",
	"category": "assemblylinemachines:items",
	"icon": "minecraft:enchanted_book",
	"pages":[
		{
			"type": "text",
			"text": "这是一些可获得的附魔，可以使新加入的物品变得更有用。所有附魔都可以在一个普通的附魔台中获得，并且支持到$(d)附魔 Level 10$()。"
		},
		{
			"type": "relations",
			"entries":[
				"assemblylinemachines:items/mystium_tools",
				"assemblylinemachines:items/novasteel_tools"
			],
			"title": "超频",
			"text": "$(5)超频$()附魔可以应用于所有具有电量槽的物品，比如秘稀/新星钢工具或者反熵力场生成器。每级附魔可以增加20%内部电池容量。"
		},
		{
			"type": "relations",
			"entries":[
				"assemblylinemachines:items/wrench_o_matic"
			],
			"title": "工程师之怒",
			"anchor": "engineersfury",
			"text": "$(4)工程师之怒$()附魔只能应用于电动扳手，可以增加扳手在$(4)愤怒模式$()下的击退力。"
		}
	]
}