{
    "name": "世界之镜",
    "icon": "endreborn:item_world_mirror",
    "category": "tools",
	"advancement": "endreborn:endreborn/world_mirror",
    "priority": true,
    "pages": [
        {
            "type": "text",
            "text": "我解决了那些不可思议的事情，但是对我来说，依然感到有些迷茫……我似乎创造了一个我原本世界的倒影，在这个镜像世界里，我看到了其中我熟悉的部分……"
        },
	{
            "type": "crafting",
            "recipe": "endreborn:items/item_world_mirror"
        }
    ]
}