{
  "category": "hexalia:items",
  "name": "研钵与研杵",
  "icon": "hexalia:mortar_and_pestle",
  "sortnum": 1,
  "pages": [
    {
      "type": "patchouli:spotlight",
      "item": "hexalia:mortar_and_pestle",
      "text": "此物品可将各类资源磨碎精制。$(br2)合成不会消耗此物品，但它只能使用 64 次。"
    },
    {
      "type": "patchouli:crafting",
      "recipe": "hexalia:mortar_and_pestle"
    },
    {
      "type": "patchouli:crafting",
      "recipe": "hexalia:spirit_powder"
    },
    {
      "type": "patchouli:crafting",
      "recipe": "hexalia:siren_paste"
    },
    {
      "type": "patchouli:crafting",
      "recipe": "hexalia:dream_paste"
    },
    {
      "type": "patchouli:crafting",
      "recipe": "hexalia:ghost_powder"
    },
    {
      "type": "patchouli:crafting",
      "recipe": "hexalia:salt_from_mortar_and_pestle"
    },
    {
      "type": "patchouli:crafting",
      "recipe": "hexalia:string_from_mortar_and_pestle"
    }
  ]
}