{
  "category": "ars_nouveau:turrets",
  "icon": "ars_artillery:air_turret_crate",
  "name": "气之炮塔",
  "pages": [
    {
      "type": "patchouli:text",
      "text": "气之炮塔会击退周围敌人。升级后其发射频率、攻击范围、击退力度都会得到提升。"
    },
    {
      "type": "patchouli:entity",
      "entity": "ars_artillery:air_turret_1"
    },
    {
      "type": "ars_nouveau:apparatus_recipe",
      "recipe": "ars_artillery:air_turret_1_crate_recipe"
    },
    {
      "type": "patchouli:crafting",
      "recipe": "ars_artillery:air_salvage"
    }
  ]
}