{
  "category": "ars_nouveau:turrets",
  "icon": "ars_artillery:conjuration_turret_crate",
  "name": "召唤之炮塔",
  "pages": [
    {
      "type": "patchouli:text",
      "text": "召唤之炮塔会召唤出一团不会移动的匕首云，任何触碰到它一定时间的敌人都会被其攻击。升级会增加炮塔召唤的频率，以及可进行召唤的范围。"
    },
    {
      "type": "patchouli:entity",
      "entity": "ars_artillery:conjuration_turret_1"
    },
    {
      "type": "ars_nouveau:apparatus_recipe",
      "recipe": "ars_artillery:conjuration_turret_1_crate_recipe"
    },
    {
      "type": "patchouli:crafting",
      "recipe": "ars_artillery:conjuration_salvage"
    }
  ]
}