{
  "category": "ars_nouveau:turrets",
  "icon": "ars_artillery:water_turret_crate",
  "name": "水之炮塔",
  "pages": [
    {
      "type": "patchouli:text",
      "text": "水之炮塔会对敌人造成少量伤害，并给予它们缓慢效果。升级会增加其攻击速度、攻击范围、攻击力度，以及负面效果的持续时间。"
    },
    {
      "type": "patchouli:entity",
      "entity": "ars_artillery:water_turret_1"
    },
    {
      "type": "ars_nouveau:apparatus_recipe",
      "recipe": "ars_artillery:water_turret_1_crate_recipe"
    },
    {
      "type": "patchouli:crafting",
      "recipe": "ars_artillery:water_salvage"
    }
  ]
}