{
    "name": "哥斯达黎加老虎尾蜘蛛" , 
    "icon": "untamedwilds:textures/icon/tarantula/tiger.png" , 
    "category": "untamedwilds:tarantula_category" , 
    "pages": [
        {
            "type": "text" , 
            "title": "哥斯达黎加老虎尾蜘蛛" , 
            "text": "Davus fasciatus，通常被称为哥斯达黎加老虎尾蜘蛛，是原产于哥斯达黎加的一种新世界狼蛛。"
        } , 
        {
            "type": "entity" , 
            "entity": "untamedwilds:tarantula{Variant: 7, Size: 1}" , 
            "text": ""
        } , 
        {
            "type": "text" , 
            "title": "哥斯达黎加老虎尾蜘蛛" , 
            "text": "相对大小：\u2605\u2605\u2606\u2606\u2606$(br2)始终活动$(br2)1种肤色$(br2)最喜欢的食物：minecraft:chicken$(br2)种类数量：4$(br2)成长时间：6天"
        }
    ]
}