{
  "name": "数据模型",
  "icon": "deepmoblearning:data_model_guardian",
  "category": "0_introduction",
  "sortnum": 2,
  "pages": [
    {
      "type": "recipelookup",
      "recipe": "deepmoblearning:data_model_blank",
      "text": "你可以使用你之前制作的$(br)$(l:0_introduction/0_introduction#sooted_redstone)炭灰红石$()制作一个$(item)空白数据模型$()。"
    },
    {
      "type": "spotlight",
      "item": "deepmoblearning:data_model_guardian",
      "anchor": "data_models",
      "text": "所有$(item)数据模型$()都是从\"$(8)Faulty$()\"等级开始的，你必须使用$(item)数据模型$()获得更多的$(item)数据$()，才能提升它的等级。$(br2)当你的$(item)等级$()上升后，你可以从战斗中获得更多的$(item)数据$()。$(br2)$(item)数据模型$()能够放在$(l:1_machines/0_simulation_chamber)模拟室$()中。"
    },
    {
      "type": "text",
      "text": "$(item)数据模型$()根据怪物的$(item)栖息地$()分成不同$(item)种类$()。$(br2)$(item)栖息地$()的基础类型分为：$(a)主世界系$()、$(c)地狱系（下界）$()和$(d)地外系（末地）$()。$(br2)$(item)数据模型$()的种类将决定$(l:1_machines/0_simulation_chamber)模拟室$()能够产出什么种类的$(l:1_machines/1_matter#living)物质$()和$(l:1_machines/1_matter#pristine)原始物质$()。"
    },
    {
      "type": "recipelookup",
      "recipe": "deepmoblearning:data_model_zombie",
      "recipe2": "deepmoblearning:data_model_skeleton",
      "title": "僵尸",
      "title2": "骷髅"
    },
    {
      "type": "recipelookup",
      "recipe": "deepmoblearning:data_model_creeper",
      "recipe2": "deepmoblearning:data_model_spider",
      "title": "爬行者",
      "title2": "蜘蛛"
    },
    {
      "type": "recipelookup",
      "recipe": "deepmoblearning:data_model_slime",
      "recipe2": "deepmoblearning:data_model_witch",
      "title": "史莱姆",
      "title2": "女巫"
    },
    {
      "type": "recipelookup",
      "recipe": "deepmoblearning:data_model_blaze",
      "recipe2": "deepmoblearning:data_model_ghast",
      "title": "烈焰人",
      "title2": "恶魂"
    },
    {
      "type": "recipelookup",
      "recipe": "deepmoblearning:data_model_wither_skeleton",
      "recipe2": "deepmoblearning:data_model_enderman",
      "title": "凋灵骷髅",
      "title2": "末影人"
    },
    {
      "type": "recipelookup",
      "recipe": "deepmoblearning:data_model_wither",
      "recipe2": "deepmoblearning:data_model_dragon",
      "title": "凋灵",
      "title2": "末影龙"
    },
    {
      "type": "recipelookup",
      "recipe": "deepmoblearning:data_model_shulker",
      "recipe2": "deepmoblearning:data_model_guardian",
      "title": "潜影贝",
      "title2": "守卫者"
    },
    {
      "type": "recipelookup",
      "recipe": "deepmoblearning:data_model_thermal_elemental",
      "title": "热力元素生物",
      "flag": "mod:thermalfoundation"
    },
    {
      "type": "recipelookup",
      "recipe": "deepmoblearning:data_model_twilight_forest",
      "recipe2": "deepmoblearning:data_model_twilight_swamp",
      "title": "暮色森林",
      "title2": "暮色沼泽",
      "flag": "mod:twilightforest"
    },
    {
      "type": "recipelookup",
      "recipe": "deepmoblearning:data_model_twilight_darkwood",
      "recipe2": "deepmoblearning:data_model_twilight_glacier",
      "title": "暮色黑树",
      "title2": "暮色冰川",
      "flag": "mod:twilightforest"
    },
    {
      "type": "recipelookup",
      "recipe": "deepmoblearning:data_model_mo_android",
      "title": "机械人",
      "flag": "mod:matteroverdrive"
    },
    {
      "type": "recipelookup",
      "recipe": "deepmoblearning:data_model_tinker_slime",
      "title": "蓝史莱姆",
      "flag": "mod:tconstruct"
    }
  ]
}