{
  "name": "升级基础概念",
  "sortnum": 0,
  "category": "justdirethings:upgrades",
  "icon": "justdirethings:upgrade_mobscanner",
  "pages": [
    {
      "type": "patchouli:text",
      "text": "升级是加装于$(l:justdirethings:tools)工具$(/l)和$(l:justdirethings:armor)盔甲$(/l)的组件，能赋予它们独特的能力。可在锻造台中加装升级，具体配方可查询 JEI。$(br2)能力可分为若干种。"
    },
    {
      "type": "patchouli:text",
      "text": "$(l)触发能力$()需要激活才可使用。比如，“生物扫描”是一种触发能力，激活后会显示周围所有生物的位置。$(br2)$(l)被动能力$()会影响工具的功能。例如，“重锤”能力可让工具按照 3x3、5x5、7x7 的范围破坏方块。"
    },
    {
      "type": "patchouli:text",
      "text": "某些能力有$(l)冷却时间$()。比如，“无懈可击”能力会让你在几秒内无敌，但在再次可供使用前需等待几分钟。$(l)被动$()和$(l)触发$()能力都可能有冷却时间，但并非全部的能力均需冷却。具体细节参见各升级条目。"
    },
    {
      "type": "patchouli:text",
      "text": "手持任意工具 Shift 右击，即可唤起$(l)工具设置界面$()，可在此处控制各种能力。$(br2)唤起界面后，点击其他工具即可打开它们的设置界面。例如，手持核源铁剑 Shift 右击以打开界面，再点击界面中的核源铁头盔，即可打开它的设置。"
    },
    {
      "type": "patchouli:text",
      "text": "界面中会有各个能力的标志。左击标志可启用或禁用对应能力。$(br2)禁用时，触发能力不会被键位激活，被动能力不会产生效果。$(br2)比如，禁用“重锤”能力时，该镐便只能一次破坏 1 个方块。"
    },
    {
      "type": "patchouli:text",
      "text": "右击能力标志可打开其选项。$(l)触发$()能力可设置激活用的键位（鼠标按键也可）。$(br2)$(l)被动$()能力所绑定的键位被按下时，工具会启用或禁用该能力。$(br2)就算没有手持工具或穿戴盔甲，其上能力也可激活或启用禁用！但在那之前，需先将“手持或穿戴时可激活”改为“位于物品栏时可激活”。"
    },
    {
      "type": "patchouli:text",
      "text": "也就是说，即使没有手持手杖和镐，“空气推荐”和“矿物扫描”能力仍可直接触发。只要它*还在*物品栏里，就可以使用其上能力。$(br2)某些物品的 Curios 支持已在计划中。"
    },
    {
      "type": "patchouli:text",
      "text": "某些能力还有其他自定义设置。比如，“疾跑速度”和“跳跃提升”均有控制用滑块（二级品质及以上可用），分别用于调整疾跑的速度和跳跃的高度。$(br2)某些能力的效果会随工具品质的提升而增强。例如，$(l:justdirethings:tool_blazegold_pickaxe)烈焰金镐$(/l)中的“重锤”可达 3x3，$(l:justdirethings:tool_eclipse_alloy_pickaxe)蚀空合金镐$(/l)则可达 7x7。"
    }
  ]
}
