{
  "name": "item.arsomega.arcane_cloth",
  "icon": "arsomega:arcane_cloth",
  "category": "arsomega:arcane_equipment",
  "advancement": "arsomega:restricted_knowledge",
  "pages": [
    {
      "type": "text",
      "text": "奥术布匹因其高耐久度和强大的魔力输出能量而为人觊觎。"
    },
    {
      "type": "text",
      "text": "奥术布匹可由奥术之花纤维和下界合金制成。"

    },
    {
      "type": "spotlight",
      "item": "arsomega:arcane_cloth",
      "link_recipe": "true"
    },
    {
      "type": "apparatus_recipe",
      "recipe": "arsomega:arcane_cloth"
    }

  ]
}