{
  "name": "奥法纲要",
  "icon": "arsomega:arcane_compendium",
  "category": "arsomega:arcane_equipment",
  "priority":true,
  "pages": [
    {
      "text": "你终究会发现某些未在此书中有所记载的物品。奥术图书馆的《奥法纲要》则将这些知识进行了总集分类。追求极致力量的巫师应当也追求这本纲要。",
      "type": "patchouli:text"
    },
    {
      "recipe": "arsomega:arcane_compendium",
      "type": "patchouli:crafting"

    }
  ]
}