{
    "name": "森林响尾蛇" , 
    "icon": "untamedwilds:textures/icon/snake/rattlesnake.png" , 
    "category": "untamedwilds:snake_category" , 
    "pages": [
        {
            "type": "text" , 
            "title": "森林响尾蛇" , 
            "text": "The timber rattlesnake, canebrake rattlesnake, or banded rattlesnake ($(o)Crotalus horridus$())是北美洲的一种蝰蛇，有时还含有剧毒。$(br2)目前尚未发现任何亚种。"
        } , 
        {
            "type": "entity" , 
            "entity": "untamedwilds:snake{Variant: 12, Size: 1}" , 
            "text": ""
        } , 
        {
            "type": "text" , 
            "title": "森林响尾蛇" , 
            "text": "相对大小：\u2605\u2605\u2606\u2606\u2606$(br2)始终活动$(br2)1种肤色$(br2)最喜欢的食物：minecraft:rabbit$(br2)种类数量：4$(br2)成长时间：6天"
        }
    ]
}