{
  "category": "hexalia:equipment",
  "name": "繁茂回旋镖",
  "icon": "hexforged:lush_boomerang",
  "sortnum": 7,
  "pages": [
    {
      "type": "patchouli:spotlight",
      "item": "hexforged:lush_boomerang",
      "text": "使用孢子花锻造而成的较长距魔法武器。击中会击退敌人，并给予其流血，缓慢耗尽它们的生命值。是迅猛打击和打完迅速撤离策略的完美之选。"
    },
    {
      "type": "hexalia:transmutation",
      "recipe": "hexforged:boombarand_transmutation"
    }
  ]
}
