{
  "category": "hexalia:equipment",
  "name": "啸根之角",
  "icon": "hexforged:mandrake_horn",
  "sortnum": 6,
  "pages": [
    {
      "type": "patchouli:spotlight",
      "item": "hexforged:mandrake_horn",
      "text": "使用山羊角锻造而成的强力号角。$(br)吹号可引爆 20 格半径范围内完全成熟的曼德拉草植株，让它们发出尖啸，震晕周围的敌人。$(br)使用号角时佩戴耳塞可以减轻你听到的尖啸声。"
    },
    {
      "type": "hexalia:transmutation",
      "recipe": "hexforged:mandrakehorn_transmutation"
    }
  ]
}
