{
  "category": "hexalia:rituals",
  "name": "月光仪式",
  "icon": "hexalia:moon_crystal",
  "sortnum": 3,
  "pages": [
    {
      "type": "patchouli:spotlight",
      "item": "hexalia:ritual_brazier",
      "text": "潜行时用石匕首对木板右击可将其雕刻为仪式木堆，这种木堆是施展仪式的必需品。"
    },
    {
      "type": "patchouli:image",
      "title": "仪式木堆",
      "images": [
        "hexalia:textures/gui/patchouli/ritual_brazier.png"
      ],
      "border": true
    },
    {
      "type": "hexalia:ritual_brazier",
      "recipe": "hexalia:moon_crystal_from_ritual"
    },
    {
      "type": "patchouli:spotlight",
      "item": "hexalia:moon_crystal",
      "text": "有多种配方需要用到白月水晶，这种原材料在将来会很有用。就目前而言，它可用来合成天气人偶和用于嬗变仪式。"
    },
    {
      "type": "hexalia:ritual_brazier",
      "recipe": "hexalia:moon_berries_from_ritual"
    },
    {
      "type": "patchouli:spotlight",
      "item": "hexalia:moon_berries",
      "text": "白月浆果可以食用，也可以藤蔓形态种植催生。$(br2)这种浆果还可合成为$(l:hexalia:resources/crops)白月浆果曲奇$()。"
    },
    {
      "type": "hexalia:ritual_brazier",
      "recipe": "hexalia:moon_crystal_block_from_ritual"
    },
    {
      "type": "patchouli:spotlight",
      "item": "hexalia:moon_crystal_block",
      "text": "白月水晶块可以用于装饰，也是压缩和存储白月水晶的手段。这种方块在将来会有重要用途。"
    }
  ]
}