{
    "name": "巨型加斯东鸟" , 
    "icon": "untamedwilds:textures/icon/terror_bird/gastornis.png" , 
    "category": "untamedwilds:terror_bird_category" , 
    "pages": [
        {
            "type": "text" , 
            "title": "巨型加斯东鸟" ,
            "text": "巨型加斯东鸟是不会飞的大型鸟类，虽然它们类似于食肉的恐鸟，但它们是以坚硬的植物物质和种子为食的草食性动物。$(br2)人们普遍认为巨型加斯东鸟与水禽有亲缘关系。"
        } , 
        {
            "type": "entity" , 
            "entity": "untamedwilds:terror_bird{Variant: 0, Size: 1}" , 
            "text": ""
        } , 
        {
            "type": "text" , 
            "title": "巨型加斯东鸟" , 
            "text": "相对大小：\u2605\u2605\u2605\u2606\u2606$(br2)日间活动$(br2)1种肤色$(br2)最喜欢的食物：minecraft:rabbit$(br2)种类数量：5$(br2)成长时间：无天数"
        }
    ]
}