{
	"name": "孢子",
	"category": "assemblylinemachines:items",
	"icon": "assemblylinemachines:spores",
	"pages":[
		{
			"type": "text",
			"text": "孢子是一种简单但是十分强大的物品，它可以扩散通常需要精准采集才能获得的$(6)特殊草类$()。它们可以在泥土类方块上使用以种植。"
		},
		{
			"type": "spotlight",
			"item": "assemblylinemachines:spores",
			"link_recipe": true,
			"text": "$(d)孢子$()通过粉碎蘑菇获得，可以扩散$(3)菌丝$()。"
		},
		{
			"type": "spotlight",
			"item": "assemblylinemachines:grass_seeds",
			"link_recipe": true,
			"text": "$(2)草籽$()通过粉碎草获得，可以扩散$(#58a852)草方块$()。"
		},
		{
			"type": "spotlight",
			"item": "assemblylinemachines:forest_fungus",
			"link_recipe": true,
			"text": "$(#663838)森林真菌$()通过粉碎蕨获得，可以扩散$(#8a6a6a)灰化土$()。"
		}
	]
}