{
  "name": "诅咒",
  "icon": "minecraft:wither_skeleton_skull",
  "category": "reactive:intro",
  "advancement": "reactive:be_cursed",
  "turnin": "reactive:place_eye",
  "secret": true,
  "pages": [
    {
      "type": "patchouli:text",
      "text": "$(o)欢迎。你确乎感受到了。那种黑暗的能量。如同地球最深洼处的阵阵寒风。$(br2)我认为它起源于下界，但又不为那个维度所限。的确，我有理由相信它在主世界中能力更甚。"
    },
    {
      "type": "patchouli:text",
      "text": "$(o)$(4)附近亡灵生物的死亡$(0)会产生这种能量，但某种$(l:reactive:intro/symbols)守护力量$(/l)能完全抵御它。"
    },
    {
      "type": "patchouli:spotlight",
      "item": "minecraft:chiseled_red_sandstone",
      "text": "$(o)红砂岩地区的废墟雕刻着一个超乎我们理解的存在。就在那些壁刻旁边，我们找到了一段预言。“凋灵苏醒之时，暗影降临之日。”猪人领主们不相信这段预言，至少明面上是这样。正常情况下，我也不会相信，但最近的研究结果⋯⋯算是埋下了疑虑的种子。"
    },
    {
      "type": "patchouli:text",
      "text": "$(o)我不知道你所在世界的实际情况，但如果你找到了这段话，大概率诅咒也已接管了那里。怪物会从阴影中或从地底出现。敏感的生命形态会在接触到主世界空气后开始转化。"
    },
    {
      "type": "patchouli:text",
      "text": "$(o)这等令人畏惧之事发生之时，我们大概早已离去。你所能做的也只是尽可能利用我们遗留的一切：这本书、我们的矿井，以及现已成为下界的空间。我只有一个要求。在尝试利用这种诅咒的时候⋯⋯多加小心。"
    },
    {
      "type": "patchouli:empty",
      "draw_filler": false
    },
    {
      "type": "patchouli:empty",
      "draw_filler": false
    },
    {
      "type": "reactive:transmute",
      "recipe": "cursed_symbol"
    }
  ]
}