{
  "name": "item.ars_nouveau.ritual_change_biome",
  "icon": "ars_nouveau:ritual_change_biome",
  "category": "ars_nouveau:rituals",
  "pages": [
    {
      "type": "text",
      "text": "改换群系仪式会将该处变为另一生物群系，需献祭相应生物群系的生物群系水晶。若要改换为另一维度的生物群系，则必须献祭一个恶魔宝石。"
    },
    {
      "type": "crafting",
      "recipe": "arsomega:ritual_change_biome"
    },
    {
      "type": "crafting",
      "recipe": "arsomega:biome_crystal"
    }
  ]
}