{
    "name": "再处理器能量端口",
    "icon": "bigreactors:reprocessorpowerport",
    "category": "bigreactors:reprocessor-parts",
    "read_by_default": true,
    "sortnum": 6,
    "pages": [
        {
            "type": "spotlight",
            "item": "bigreactors:reprocessorpowerport",
            "link_recipe": true,
            "title" : "再处理器能量端口",
            "text": "再处理器能量端口允许您为再处理器提供所需的能量。$(br2)任何 Forge 能源兼容的电缆或发电机都可以连接到能量端口。"
        },
        {
            "type": "crafting-part_usage",
            "crafting.title1": "再处理器能量端口",
            "crafting.recipe1": "bigreactors:reprocessor/powerport"
        }
    ]
}