{
  "category": "hexalia:resources",
  "name": "农作物",
  "icon": "hexalia:chillberries",
  "sortnum": 1,
  "pages": [
    {
      "type": "patchouli:spotlight",
      "item": "hexalia:chillberries",
      "text": "寒莓出现于针叶林生物群系，它的灌木丛会导致冰冻。"
    },
    {
      "type": "patchouli:crafting",
      "recipe": "hexalia:chillberry_pie",
      "text": "此食物会给予 45 秒的$(#FF9900)抗火 II$() 效果。"
    },
    {
      "type": "patchouli:spotlight",
      "item": "hexalia:mandrake,hexalia:mandrake_seeds",
      "text": "曼德拉草出现于森林生物群系。持有时按住鼠标右键几秒，可让其尖啸；声音最远能传播到 5 格外，附近听到它的实体会获得$(#f1c232)晕眩$()效果。$(br2)如果没有合适的防护手段，采收时也会让你晕眩几秒。"
    },
    {
      "type": "patchouli:crafting",
      "recipe": "hexalia:mandrake_stew",
      "text": "此食物会给予 45 秒的$(#f1c232)涨肚$()效果。此效果会阻止饱和度下降，但同时会让速度下降 10%。"
    },
    {
      "type": "patchouli:spotlight",
      "item": "hexalia:sunfire_tomato,hexalia:sunfire_tomato_seeds",
      "text": "阳炎西红柿出现于热带草原生物群系，它的灌木丛会导致着火。"
    },
    {
      "type": "patchouli:crafting",
      "recipe": "hexalia:spicy_sandwich",
      "text": "此食物会给予 45 秒的$(#bcbcbc)迅捷 II$() 效果。"
    },
    {
      "type": "patchouli:spotlight",
      "item": "hexalia:saltsprout",
      "text": "盐苗草自然生长于沙漠之中的$(l:hexalia:world_gen/structures)荒芜小屋$()。$(br2)它只能种在沙子和盈水耕地上。"
    },
    {
      "type": "patchouli:crafting",
      "recipe": "hexalia:salt_from_mortar_and_pestle",
      "text": "使用研钵和研杵磨碎盐苗草，即可获得盐。"
    },
    {
      "type": "patchouli:spotlight",
      "item": "hexalia:moon_berries",
      "text": "白月浆果需通过$(l:hexalia:rituals/moonlight_ritual)月光仪式$()向发光浆果灌注月光获得。这种浆果可种植为藤蔓形态，也可繁殖收获，与发光浆果类似。"
    },
    {
      "type": "patchouli:crafting",
      "recipe": "hexalia:moon_berry_cookie",
      "text": "此食物会给予 30 秒的$(#bcbcbc)夜视$()效果。"
    }
  ]
}