{
  "category": "hexalia:resources",
  "name": "药草",
  "icon": "hexalia:siren_kelp",
  "sortnum": 0,
  "pages": [
    {
      "type": "patchouli:text",
      "text": "药草是可通过研钵和研杵加工为精酿与仪式原材料的植物和真菌。$(br2)可在盈水泥土上种植药草，还能向其播撒骨粉。"
    },
    {
      "type": "patchouli:spotlight",
      "item": "hexalia:spirit_bloom",
      "text": "灵魂花是一类小型花朵，出现于沼泽和红树林沼泽生物群系。它可合成为灵魂粉末。"
    },
    {
      "type": "patchouli:spotlight",
      "item": "hexalia:dreamshroom",
      "text": "这种蘑菇出现于原始松木针叶林和蘑菇岛生物群系。它可合成为萦梦膏剂。"
    },
    {
      "type": "patchouli:spotlight",
      "item": "hexalia:siren_kelp",
      "text": "这种小型海带类植物出现在海洋生物群系的海底。它可合成为塞壬膏剂。$(br2)可食用，会给予 10 秒的水下呼吸效果。"
    },
    {
      "type": "patchouli:spotlight",
      "item": "hexalia:ghost_fern",
      "text": "幽灵蕨是只生长于$(l:hexalia:world_gen/enchanted_bayou)蕴魔长沼$()生物群系的植物。它可合成为幽灵粉末。"
    }
  ]
}