{
  "category": "hexalia:resources",
  "name": "盐",
  "icon": "hexalia:salt",
  "sortnum": 2,
  "pages": [
    {
      "type": "patchouli:spotlight",
      "item": "hexalia:salt",
      "text": "盐可在沙漠中的积盐绿洲中找到，它有许多用途。$(br2)可以将盐放置到仪式木堆上，各类$(l:hexalia:rituals/ritual_of_transmutation)嬗变仪式$()会用到经此处理的木堆。"
    },
    {
      "type": "patchouli:image",
      "title": "荒芜小屋",
      "images": [
        "hexalia:textures/gui/patchouli/barren_hut.png"
      ],
      "border": true
    },
    {
      "type": "patchouli:crafting",
      "recipe": "hexalia:leather_from_salt",
      "text": "把盐抹到腐肉上可以产出皮革。"
    },
    {
      "type": "patchouli:crafting",
      "recipe": "hexalia:salt_block",
      "text": "也可挖掘盐块以获取盐，附有时运的镐效率更高。"
    },
    {
      "type": "patchouli:crafting",
      "recipe": "hexalia:salt_lamp",
      "text": "还可配合铜锭和火把合成一盏灯，以照亮黑暗的地方。"
    }
  ]
}