{
    "name": "鲸鲨" , 
    "icon": "untamedwilds:textures/icon/shark/whale.png" ,
    "category": "untamedwilds:shark_category" ,
    "pages": [
        {
            "type": "text" , 
            "title": "鲸鲨" , 
            "text": "鲸鲨($(o)Rhincodon typus$())是一种行动缓慢、滤食的地毯鲨，也是已知现存最大的鱼类。$(br2)确认过的最大个体身长18.8米($(o)61.7英尺)。"
        } , 
        {
            "type": "entity" , 
            "entity": "untamedwilds:whale_shark{Variant: 0, Size: 1}" , 
            "text": ""
        } , 
        {
            "type": "text" , 
            "title": "鲸鲨" , 
            "text": "相对大小：\u2605\u2605\u2605\u2605\u2605$(br2)始终活动$(br2)1种肤色$(br2)最喜欢的食物：untamedwilds:chum$(br2)种类数量：8$(br2)成长时间：14天"
        }
    ]
}