{
  "name": "蜜脾与你",
  "icon": "complicated_bees:comb",
  "category": "complicated_bees:started",
  "advancement": "complicated_bees:recipes/misc/centrifuge",
  "pages": [
    {
      "type": "patchouli:text",
      "text": "但又要如何从蜜脾里分离出蜂蜜呢？它有些黏稠，手工操作没法刮干净；而且我敢肯定，其他事比刮蜂蜜更值得花时间。隆重介绍⸺离心机；这台机器会以极快的速度旋转物品，以此按密度分离各组分。在所提的情况下，则是将蜜脾分离为蜂蜜、蜂蜡，也有可能产出些其他东西。"
    },
    {
      "type": "patchouli:crafting",
      "recipe": "complicated_bees:centrifuge",
      "title": "强大的离心机",
      "text": "$(o)和名称相似的机器没有联系。"
    },
    {
      "type": "patchouli:text",
      "text": "然而，为催动这种旋转，所需要的可不只是燃烧事物烧出的热空气。这时就要引入发电机了⸺送进烧出的热空气，出来就是那“不只是”的东西！（其他人喜欢称之为“红石通量”，即 RF）"
    },
    {
      "type": "patchouli:crafting",
      "recipe": "complicated_bees:generator",
      "title": "灵巧的发电机",
      "text": "$(o)能烧水！"
    },
    {
      "type": "patchouli:text",
      "text": "在离心机旁放下发电机，放进些燃料，离心机便会即刻启动！$(br2)大多数蜜脾都会产出蜂蜜和蜂蜡，各有其用途。不过也有部分蜜脾在此之外还会有特殊产物。"
    }
  ]
}