{
  "name": "环境条件",
  "icon": "complicated_bees:meter",
  "category": "complicated_bees:started",
  "advancement": "complicated_bees:apiary",
  "pages": [
    {
      "type": "patchouli:text",
      "text": "蜜蜂只在特定的环境下才能工作，各蜂种的要求不一。通常来说，蜜蜂更喜欢它们世代居住的环境；比如说，丛林蜂喜欢炎热潮湿的环境。可以用测量表测量周围区域内的温度和湿度。"
    },
    {
      "type": "patchouli:crafting",
      "recipe": "complicated_bees:meter",
      "title": "忠实的测量表",
      "text": "手持使用即可测量环境。"
    },
    {
      "type": "patchouli:text",
      "text": "蜜蜂的工作还需周围有特定的“花卉”，通常是指蜜蜂来源环境中自然生长的植物。普通意义上的花朵、杜鹃花丛、枯萎的灌木，甚至头颅也算⸺所有这些和其他没提到的，都是你手上的蜂种可能需要的花卉。"
    }
  ]
}