{
  "name": "第一步",
  "icon": "complicated_bees:scoop",
  "category": "complicated_bees:started",
  "priority": true,
  "pages": [
    {
      "type": "patchouli:text",
      "text": "在开始之前，你大概需要找到些蜂巢。原版的蜂巢只生成在森林里，Complicated Bees 所新增的则能生成在几乎任何地方：从丛林，到沙漠，再到地下，甚至在下界和末地里都有蜂巢的身影！"
    },
    {
      "type": "patchouli:image",
      "images": ["complicated_bees:textures/gui/patchouli/started/hiveloc_1.png", "complicated_bees:textures/gui/patchouli/started/hiveloc_2.png", "complicated_bees:textures/gui/patchouli/started/hiveloc_3.png"],
      "title": "蜂巢",
      "border": true,
      "text": "蜂巢会发光，可能在晚上更好找些！"
    },
    {
      "type": "patchouli:crafting",
      "recipe": "complicated_bees:scoop",
      "title": "万能的捕虫网",
      "text": "在上手之前还需当心。收集蜜蜂需要的是一件特殊工具⸺捕虫网，如此才不会碾碎蜜蜂，也能避免因破坏它们的房子而惨遭蜂蜇报复。"
    },
    {
      "type": "patchouli:text",
      "text": "使用捕虫网破坏蜂巢，即可获得一只公主蜂和若干只雄蜂，说不定还能找到一两个蜜脾！"
    }
  ]
}