{
  "name": "箭矢构型",
  "icon": "arcanuscontinuum:textures/spell_components/shapes/colored/bolt_shape.png",
  "category": "arcanuscontinuum:spellcraft",
  "sortnum": 6,
  "advancement": "arcanuscontinuum:arcane/wizard_level_5",
  "pages": [
    {
      "type": "patchouli:text",
      "text": "重量：中$(br)魔力消耗：0$(br)魔力倍率：+0%$(br)效力修正：+0%$(br)冷却时间：1.25秒$(br2)描述：$(br)生成会自动追踪最近目标的短程魔力箭矢。"
    },
    {
      "type": "patchouli:image",
      "border": true,
      "images": [
        "arcanuscontinuum:textures/gui/patchouli/entries/shapes/bolt_shape.png"
      ]
    }
  ]
}
