{
  "name": "奥术工作台",
  "icon": "arcanuscontinuum:arcane_workbench",
  "category": "arcanuscontinuum:artifice",
  "advancement": "arcanuscontinuum:arcane/a_magical_crystal",
  "pages": [
    {
      "type": "patchouli:text",
      "text": "奥术工作台被巫师用于给魔杖绑定法术，同时也使巫师的魔杖对其本人独一无二。巫师的常规做法是定制他们的法杖以匹配他们自己的个性与审美。"
    },
    {
      "type": "patchouli:image",
      "border": true,
      "images": [
        "arcanuscontinuum:textures/gui/patchouli/entries/arcane_workbench.png"
      ]
    },
    {
      "type": "patchouli:crafting",
      "recipe": "arcanuscontinuum:arcane_workbench"
    }
  ]
}
