{
  "title":"高炉",
  "text": [
    {
      "text": "高炉的长宽必须恰好为3x3，并且高度不得小于3。增加结构的高度可以增加内部容量，液体容量和最高熔炼温度。它需要高炉的结构方块来搭建。"
    },
    {
      "text": "可以使用高炉方块，高炉材料输入口，高炉排液口和高炉金属输入口的任意组合来搭建高炉。可以将浇筑口连接到排液口上，使熔融金属输入浇铸台和浇铸盆中，也可以使用其他液体导管将熔融金属输入排液口或从排液口中抽出。漏斗或其他物品导管可以连接到金属输入口以输入要融化的金属，或连接材料输入口向高炉添加氧化剂，还原剂，净化器和燃料。",
      "paragraph": true
    }
  ]
}