{
    "demoTool": [
        "tconstruct:scythe",
        "tconstruct:kama"
    ],
    "effects": [
        "收获作物时有几率获得更多掉落物",
        "将挖掘等级提高到黑曜石",
        "最好与镰刀配合使用"
    ],
    "modifier": "bountiful",
    "text": [
        {
            "text": "磷灰石，通常当作农作物的肥料使用，但是用于工具强化后，可以让这个工具拥有作物增产的神奇效果，使用过的人都感叹过：“从没有见过这么多！”"
        }
    ]
}
