{
    "name": "深蓝护符",
    "icon": "turtlemancy:deep_blue_charm",
    "category": "turtlemancy:equipment",
    "pages": [
        {
            "type": "spotlight",
            "title": "深蓝护符",
        	"item": "turtlemancy:deep_blue_charm",
            "text": "此$(thing)饰品$()会使你游得更快并且你在雨天时会增加移动速度。"
        },
        {
            "type": "crafting",
            "recipe": "turtlemancy:deep_blue_charm",
            "link_recipe": true
        }
    ]
}