{
    "name": "食鱼蝮" , 
    "icon": "untamedwilds:textures/icon/snake/swamp_moccasin.png" , 
    "category": "untamedwilds:snake_category" , 
    "pages": [
        {
            "type": "text" , 
            "title": "食鱼蝮" , 
            "text": "Agkistrodon piscivorus是蝰蛇科蝮亚科的一种蝮蛇。$(br2)它是世界上为数不多的半水栖毒蛇之一($(o)和佛罗里达水蝮蛇$())，原产于美国东南部。"
        } , 
        {
            "type": "entity" , 
            "entity": "untamedwilds:snake{Variant: 14, Size: 1}" , 
            "text": ""
        } , 
        {
            "type": "text" , 
            "title": "食鱼蝮" , 
            "text": "相对大小：\u2605\u2605\u2606\u2606\u2606$(br2)始终活动$(br2)1种肤色$(br2)最喜欢的食物：minecraft:rabbit$(br2)种类数量：4$(br2)成长时间：6天"
        }
    ]
}