{
    "name": "囤积者蜜蜂",
    "icon": "minecraft:shulker_shell",
    "read_by_default": true,
    "sortnum": 6,
    "category": "productivebees:bees_worker",
    "pages": [
        {
            "type": "patchouli:text",
            "title": "Hoarder Bee",
            "text": "收集地上的物品并将它们放入蜂巢中，这是一个更凉爽更好的 $(l:bees/worker/collector)收集者蜜蜂$(/l).$(br)与农夫蜜蜂相结合，可以形成一个自动化农场。"
        },
        {
            "type": "patchouli:entity",
            "entity": "productivebees:hoarder_bee"
        }
    ]
}