{
    "name": "美洲蓝凤蝶" , 
    "icon": "untamedwilds:textures/icon/butterfly/blue_swallowtail.png" , 
    "category": "untamedwilds:butterfly_category" , 
    "pages": [
        {
            "type": "text" , 
            "title": "美洲蓝凤蝶" , 
            "text": "Battus philenor，指美洲蓝凤蝶或蓝凤蝶，是一种燕尾蝶，分布于北美洲和中美洲$(br2)这种蝴蝶是黑色的，后翅呈靓丽的蓝色$(br2)它们存在于许多不同的栖息地中，但最常见于森林中"
        } , 
        {
            "type": "entity" , 
            "entity": "untamedwilds:butterfly{Variant: 1, Size: 1}" , 
            "text": ""
        } , 
        {
            "type": "text" , 
            "title": "美洲蓝凤蝶" , 
            "text": "相对大小：\u2605\u2605\u2606\u2606\u2606$(br2)始终活动$(br2)1种肤色$(br2)最喜欢的食物：minecraft:dandelion$(br2)种类数量：4$(br2)成长时间：无天数"
        }
    ]
}