{
    "name": "黑脉金斑蝶" , 
    "icon": "untamedwilds:textures/icon/butterfly/monarch.png" , 
    "category": "untamedwilds:butterfly_category" , 
    "pages": [
        {
            "type": "text" , 
            "title": "黑脉金斑蝶" , 
            "text": "黑脉金斑蝶或君主斑蝶($(o)Danaus plexippus$())是蛱蝶科中的一种斑蝶($(o)斑蝶亚科$())。$(br2)根据不同的地区，其他常见名字包括乳草蝶，虎斑蝶，流浪蝶，和棕色黑脉蝶。"
        } , 
        {
            "type": "entity" , 
            "entity": "untamedwilds:butterfly{Variant: 10, Size: 1}" , 
            "text": ""
        } , 
        {
            "type": "text" , 
            "title": "黑脉金斑蝶" , 
            "text": "相对大小：\u2605\u2605\u2606\u2606\u2606$(br2)始终活动$(br2)1种肤色$(br2)最喜欢的食物：minecraft:dandelion$(br2)种类数量：4$(br2)成长时间：无天数"
        }
    ]
}