{
    "name": "流化器能量端口",
    "icon": "bigreactors:fluidizerpowerport",
    "category": "bigreactors:fluidizer-parts",
    "read_by_default": true,
    "sortnum": 6,
    "pages": [
        {
            "type": "spotlight",
            "item": "bigreactors:fluidizerpowerport",
            "link_recipe": true,
            "title" : "流化器能量端口",
            "text": "流化器能量端口允许您为流化器提供所需的能量。$(br2)任何Forge能源兼容的电缆或发电机都可以连接到能量端口。"
        },
        {
            "type": "crafting-part_usage",
            "crafting.title1": "流化器能量端口",
            "crafting.recipe1": "bigreactors:fluidizer/powerport"
        }
    ]
}