{
    "name": "基础海龟术",
    "icon": "turtlemancy:pearl",
    "category": "turtlemancy:turtlemy",
    "pages": [
        {
            "type": "text",
            "text": "这里是开始海龟术最好的地方。以下是$(turtlemancy)海龟术$()最基础的配方。"
        },
        {
            "type": "turtlemancy:turtlemy_recipe",
            "recipe": "turtlemancy:pearl",
            "title": "珍珠和烤牡蛎",
            "text": "你也会获得一个烤牡蛎！"
        },
        {
            "type": "turtlemancy:turtlemy_recipe",
            "recipe": "turtlemancy:improved_scute",
            "title": "强化鳞甲",
            "text": "和鳞甲差不多，但更好。多么神奇的物品。最坚硬的材料之一。",
            "anchor": "improved_scute"
        },
        {
            "type": "turtlemancy:turtlemy_recipe",
            "recipe": "turtlemancy:improved_magma_scute",
            "title": "强化岩浆鳞甲",
            "text": "和岩浆鳞甲差不多，但更好。",
            "anchor": "improved_magma_scute"
        },
        {
            "type": "turtlemancy:turtlemy_recipe",
            "recipe": "turtlemancy:turtle_curse",
            "title": "海龟的诅咒",
            "text": "为什么你要一只$(#009432)海龟$()$(thing)诅咒$()你呢？"
        },
        {
            "type": "turtlemancy:turtlemy_recipe",
            "recipe": "turtlemancy:turtle_bless",
            "title": "海龟的祝福",
            "text": "如果你正在寻找这个配方，你可能不值得拥有它。"
        },
        {
            "type": "turtlemancy:turtlemy_recipe",
            "recipe": "minecraft:glass",
            "title": "玻璃",
            "text": "你扔掉沙子。你获得玻璃。不需要熔炉。简单的生意。"
        },
        {
            "type": "turtlemancy:turtlemy_recipe",
            "recipe": "minecraft:dried_kelp",
            "title": "干海带",
            "text": "我知道你在想什么，$(playername)。你怎么能在$(thing)水$()中$(thing)烤干$()东西呢，对不对?好吧，你是对的。我也不明白。$(turtlemancy)海龟$()真是太神奇了。"
        },
        {
            "type": "turtlemancy:turtlemy_recipe",
            "recipe": "minecraft:glowstone_dust",
            "title": "荧石粉",
            "text": "多亏了珍珠的发光特性和红石与一点点的海龟魔法力量，你现在获得了荧石粉！"
        },
        {
            "type": "turtlemancy:turtlemy_recipe",
            "recipe": "minecraft:crying_obsidian",
            "title": "哭泣的黑曜石",
            "text": "可怜的黑曜石。为什么你要让它哭？总之，如果你是$(#009432)海龟术士$()，你可以让黑曜石哭泣。只是……不要告诉警察。"
        },
        {
            "type": "turtlemancy:turtlemy_recipe",
            "recipe": "minecraft:gunpowder",
            "title": "火药",
            "text": "我猜苦力怕现在已经过时了……"
        },
        {
            "type": "turtlemancy:turtlemy_recipe",
            "recipe": "minecraft:mossy_cobblestone",
            "title": "苔石",
            "text": "开始你的绿色入侵吧！"
        },
        {
            "type": "turtlemancy:turtlemy_recipe",
            "recipe": "minecraft:mossy_stone_bricks",
            "title": "苔石砖",
            "text": "开始你的绿色入侵吧-第二部分！"
        },
        {
            "type": "turtlemancy:turtlemy_recipe",
            "recipe": "minecraft:blaze_rod",
            "title": "烈焰棒",
            "text": "岩浆龟终究不是无用的！"
        },
        {
            "type": "turtlemancy:turtlemy_recipe",
            "recipe": "turtlemancy:fragment_of_bedrock",
            "flag": "turtlemancy:turtlemyBedrockTweak",
            "title": "基岩碎片",
            "text": "另一种方式！使用此配方可以获得 9 个基岩碎片。"
        }
        
    ],
    "sortnum": 1
}