{
    "name": "亚马逊森蚺" , 
    "icon": "untamedwilds:textures/icon/large_snake/anaconda.png" , 
    "category": "untamedwilds:large_snake_category" ,
    "pages": [
        {
            "type": "text" , 
            "title": "亚马逊森蚺" , 
            "text": "亚马逊森蚺($(o)Eunectes murinus$()), also known as the giant anaconda, common anaconda, common water boa or sucuri,是一种发现于南美洲的蟒蛇。$(br2)它是现存已知最重，最长的y一种蛇$(br2)像所有蟒蛇一样，它是一种无毒的蟒蛇。"
        } , 
        {
            "type": "entity" , 
            "entity": "untamedwilds:large_snake{Variant: 0, Size: 1}" , 
            "text": ""
        } , 
        {
            "type": "text" , 
            "title": "亚马逊森蚺" , 
            "text": "相对大小：\u2605\u2605\u2606\u2606\u2606$(br2)随机活动$(br2)1种肤色$(br2)最喜欢的食物：minecraft:beef$(br2)种类数量：2$(br2)成长时间：7天"
        }
    ]
}