{
  "name": "铁质晶体",
  "icon": "reactive:crystal_iron",
  "category": "reactive:results",
  "advancement": "reactive:make_crucible",
  "pages": [
    {
      "type": "patchouli:spotlight",
      "item": "reactive:crystal_iron",
      "text": "$(1)铁质晶体是一种促进持有者健康的奇妙宝石。$(br2)具体而言，它的坚护属性能消除多种魔法伤病和平凡伤病，随意操作坩埚导致的问题也在此列。"
    },
    {
      "type": "reactive:transmute",
      "recipe": "crystal_iron",
      "text": "$(1)配方很简单，但并不意味着它很易得。确保浓度足够高。"
    },
    {
      "type": "reactive:transmute",
      "recipe": "crystal_iron_repair",
      "text": "$(1)也可用同种混合物将铁质晶体恢复至满耐久度。"
    }
  ]
}