{
  "name": "寇伯战士",
  "icon": "mythicmobs:kobold_warrior_spawn_egg",
  "category": "mythicmobs:mobs",
  "pages": [
    {
      "type": "text",
      "text": "寇伯战士是寇伯一族的守护者。它们尖利的长矛和敏捷的腿脚使他们可以让任何找寇伯麻烦的人付出代价。但是，如果有人成功击败寇伯，他就有机会获得轻便而强大的寇伯长矛以作战利品。"
    },
    {
      "type": "image",
      "images": [
        "mythicmobs:other/images/kobold_warrior_1.png",
        "mythicmobs:other/images/kobold_warrior_2.png",
        "mythicmobs:other/images/kobold_warrior_3.png"
      ],
      "text": "寇伯一族的守卫者",
      "border": true
    }
  ]
}
