{
    "name": "灰鳞鲀" , 
    "icon": "untamedwilds:textures/icon/triggerfish/grey.png" , 
    "category": "untamedwilds:triggerfish_category" , 
    "pages": [
        {
            "type": "text" , 
            "title": "Grey Triggerfish" , 
            "text": "The grey triggerfish ($(o)Balistes capriscus$()) or gray triggerfish，是辐鳍鱼纲鳞鲀科的一种鱼$(br2)就其外观和习性而言，灰鳞鲀是鳞鲀属的典型成员，除了其单调、均匀的灰色。"
        } , 
        {
            "type": "entity" , 
            "entity": "untamedwilds:triggerfish{Variant: 1, Size: 1}" , 
            "text": ""
        } , 
        {
            "type": "text" , 
            "title": "灰鳞鲀" , 
            "text": "相对大小：\u2605\u2605\u2605\u2606\u2606$(br2)始终活动$(br2)1种肤色$(br2)最喜欢的食物：untamedwilds:chum$(br2)种类数量：4$(br2)成长时间：6天"
        }
    ]
}