{
    "name": "波纹钩鳞鲀" , 
    "icon": "untamedwilds:textures/icon/triggerfish/orangelined.png" , 
    "category": "untamedwilds:triggerfish_category" , 
    "pages": [
        {
            "type": "text" , 
            "title": "波纹钩鳞鲀" , 
            "text": "波纹钩鳞鲀($(o)Balistapus undulatus$())是一种居于水底的鳞鲀$(br2)虽然钩鳞鲀属是一个单种属，但它与拟鳞鲀属有密切的关系。"
        } , 
        {
            "type": "entity" , 
            "entity": "untamedwilds:triggerfish{Variant: 2, Size: 1}" , 
            "text": ""
        } , 
        {
            "type": "text" , 
            "title": "波纹钩鳞鲀" , 
            "text": "相对大小：\u2605\u2605\u2605\u2606\u2606$(br2)始终活动$(br2)1种肤色$(br2)最喜欢的食物：untamedwilds:chum$(br2)种类数量：4$(br2)成长时间：6天"
        }
    ]
}