{
    "name": "红牙鳞鲀" , 
    "icon": "untamedwilds:textures/icon/triggerfish/redtooth.png" , 
    "category": "untamedwilds:triggerfish_category" , 
    "pages": [
        {
            "type": "text" , 
            "title": "Redtooth Triggerfish" , 
            "text": "红牙鳞鲀($(o)Odonus niger$())是热带印度-太平洋地区的一种三角鱼，是其所在属的唯一成员。$(br2)Some other common names include blue triggerfish, redfang triggerfish, redtoothed filefish, and Niger triggerfish."
        } , 
        {
            "type": "entity" , 
            "entity": "untamedwilds:triggerfish{Variant: 4, Size: 1}" , 
            "text": ""
        } , 
        {
            "type": "text" , 
            "title": "红牙鳞鲀" , 
            "text": "相对大小：\u2605\u2605\u2605\u2606\u2606$(br2)始终活动$(br2)1种肤色$(br2)最喜欢的食物：untamedwilds:chum$(br2)种类数量：4$(br2)成长时间：6天"
        }
    ]
}