{
    "name": "斜带吻棘鲀" , 
    "icon": "untamedwilds:textures/icon/triggerfish/reef.png" , 
    "category": "untamedwilds:triggerfish_category" , 
    "pages": [
        {
            "type": "text" , 
            "title": "斜带吻棘鲀" , 
            "text": "它发现于印度洋-太平洋的珊瑚礁上，是夏威夷的国家鱼类。$(br2)名称humuhumunukunuku\u0101pua\u02bba可用于描述单数以及复数。$(br2)这种鱼与叉斑锉鳞鲀有着相同的夏威夷名字($(o)R. aculeatus$())，其为另一种在印度洋-太平洋发现的鱼类。"
        } , 
        {
            "type": "entity" , 
            "entity": "untamedwilds:triggerfish{Variant: 5, Size: 1}" , 
            "text": ""
        } , 
        {
            "type": "text" , 
            "title": "斜带吻棘鲀" , 
            "text": "相对大小：\u2605\u2605\u2605\u2606\u2606$(br2)始终活动$(br2)1种肤色$(br2)最喜欢的食物：untamedwilds:chum$(br2)种类数量：4$(br2)成长时间：6天"
        }
    ]
}