{
  "name": "方块读取器",
  "icon": "advancedperipherals:block_reader",
  "category": "advancedperipherals:peripherals",
  "pages": [
    {
      "type": "text",
      "text": "这个外设方块可以读取它前面的方块或者方块实体（tile entity）中的数据。$(p)要获取完整文档请参阅$(9)$(l:https://docs.intelligence-modding.de/peripherals/block_reader/)官方wiki页面$(/l)$()！"
    },
    {
      "type": "crafting",
      "recipe": "advancedperipherals:block_reader"
    },
    {
      "type": "multiblock",
      "multiblock": {
        "mapping": {
          "0": "computercraft:computer_advanced",
          "P": "advancedperipherals:block_reader",
          "T": "minecraft:dirt"
        },
        "pattern": [
          [
            "0PT"
          ]
        ]
      },
      "text": "把你的方块读取器连接到电脑和目标方块上就可以使用它了！"
    }
  ]
}
