{
  "name": "聊天盒",
  "icon": "advancedperipherals:chat_box",
  "category": "advancedperipherals:peripherals",
  "pages": [
    {
      "type": "text",
      "text": "聊天盒外设能够让你收发游戏内聊天消息。$(p)你甚至可以发送仅聊天盒可见的消息，只需要在消息开头加上一个`$`。$(p)要获取完整文档请参阅$(9)$(l:https://docs.intelligence-modding.de/peripherals/chat_box/)官方wiki页面$(/l)$()！"
    },
    {
      "type": "crafting",
      "recipe": "advancedperipherals:chat_box"
    },
    {
      "type": "multiblock",
      "multiblock": {
        "mapping": {
          "0": "computercraft:computer_advanced",
          "P": "advancedperipherals:chat_box"
        },
        "pattern": [
          [
            "0P"
          ]
        ]
      },
      "text": "把你的聊天盒连接到电脑上就可以使用它了！"
    }
  ]
}
