{
  "name": "殖民地整合器",
  "icon": "advancedperipherals:colony_integrator",
  "category": "advancedperipherals:peripherals",
  "pages": [
    {
      "type": "text",
      "text": "殖民地整合器可以与模拟殖民地模组的殖民地交互。$(p)要获取完整文档请参阅$(9)$(l:https://docs.intelligence-modding.de/peripherals/colony_integrator/)官方wiki页面$(/l)$()！"
    },
    {
      "type": "crafting",
      "recipe": "advancedperipherals:colony_integrator"
    },
    {
      "type": "multiblock",
      "multiblock": {
        "mapping": {
          "0": "computercraft:computer_advanced",
          "P": "advancedperipherals:colony_integrator"
        },
        "pattern": [
          [
            "0P"
          ]
        ]
      },
      "text": "在村庄的范围内把你的殖民地整合器连接到电脑上就可以使用它了！"
    }
  ]
}
