{
  "name": "地理扫描仪",
  "icon": "advancedperipherals:geo_scanner",
  "category": "advancedperipherals:peripherals",
  "pages": [
    {
      "type": "text",
      "text": "地理扫描仪可以提供周围的方块和扫描仪所在区块的信息。地理扫描仪的扫描之间有延时，你需要做好准备。$(p)要获取完整文档请参阅$(9)$(l:https://docs.intelligence-modding.de/peripherals/geo_scanner/)官方wiki页面$(/l)$()！"
    },
    {
      "type": "crafting",
      "recipe": "advancedperipherals:geo_scanner"
    },
    {
      "type": "multiblock",
      "multiblock": {
        "mapping": {
          "0": "computercraft:computer_advanced",
          "P": "advancedperipherals:geo_scanner"
        },
        "pattern": [
          [
            "0P"
          ]
        ]
      },
      "text": "把你的地理扫描仪连接到电脑上就可以使用它了！"
    }
  ]
}
