{
  "name": "RS桥接器",
  "icon": "advancedperipherals:rs_bridge",
  "category": "advancedperipherals:peripherals",
  "pages": [
    {
      "type": "text",
      "text": "RS桥接器可以与精致存储模组联动。你可以取出物品、合成物品、获取物品列表等。$(p)要获取完整文档请参阅$(9)$(l:https://docs.intelligence-modding.de/peripherals/rs_bridge/)官方wiki页面$(/l)$()！"
    },
    {
      "type": "crafting",
      "recipe": "advancedperipherals:rs_bridge"
    },
    {
      "type": "multiblock",
      "multiblock": {
        "mapping": {
          "0": "computercraft:computer_advanced",
          "P": "advancedperipherals:rs_bridge"
        },
        "pattern": [
          [
            "0P"
          ]
        ]
      },
      "text": "把你的RS桥接器连接到电脑上就可以使用它了！"
    }
  ]
}
