{
    "name": "岩浆海龟术士套装",
    "icon": "turtlemancy:magmatic_turtle_helmet",
    "category": "turtlemancy:equipment",
    "pages": [
        {
            "type": "spotlight",
            "title": "岩浆海龟术士套装",
        	"item": "turtlemancy:magmatic_turtle_helmet",
            "text": "岩浆海龟术士套装是抗性最强的盔甲之一，能承受最大的击打。$(br2)如果你装备一整套，你会失去一点最大生命值，但是你会让攻击你的人着火（即使是远程攻击！）。"
        },
        {
            "type": "crafting",
        	"recipe": "turtlemancy:magmatic_turtle_helmet",
        	"title": "岩浆海龟术士头盔",
        	"text": "热头盔"
        },
        {
            "type": "crafting",
        	"recipe": "turtlemancy:magmatic_turtle_chestplate",
        	"title": "岩浆海龟术士胸甲",
        	"text": "这可能至少会持续几次击打。去打龙什么的测试一下。来吧，不要成为$(thing)怂狗$()。"
        },
        {
            "type": "crafting",
        	"recipe": "turtlemancy:magmatic_turtle_leggings",
        	"title": "岩浆海龟术士护腿",
        	"text": "记得穿一些紧身裤。也许不是这个如果你不想，但一定要穿一些裤子。"
        },
        {
            "type": "crafting",
            "title": "岩浆海龟术士靴子",
        	"recipe": "turtlemancy:magmatic_turtle_boots",
        	"text": "它是粉红色的吗？不，对不起，下界里没有粉红色。"
        }
    ]
}