{
    "name": "长须鲸" , 
    "icon": "untamedwilds:textures/icon/baleen_whale/fin.png" , 
    "category": "untamedwilds:baleen_whale_category" , 
    "pages": [
        {
            "type": "text" , 
            "title": "长须鲸" , 
            "text": "它是世界上第二长的鲸目动物，仅次于蓝鲸。$(br2)\"长须鲸的身体细长，呈棕灰色，底部较浅。$(br2)至少有两个公认的亚种存在于北大西洋和南半球。"
        } , 
        {
            "type": "entity" , 
            "entity": "untamedwilds:baleen_whale{Variant: 1, Size: 1}" , 
            "text": ""
        } , 
        {
            "type": "text" , 
            "title": "Fin Whale" , 
            "text": "相对大小：\u2605\u2605\u2605\u2605\u2606$(br2)始终活动$(br2)1种肤色$(br2)最喜欢的食物：untamedwilds:chum$(br2)种类数量：1$(br2)成长时间：12天"
        }
    ]
}