{
  "name": "高压管道",
  "icon": "industrialrenewal:high_pressure_pipe",
  "category": "industrialrenewal:dam_category",
  "pages": [
    {
      "type": "patchouli:text",
      "text": "在建设你的大坝时，用高压管道代替传统管道很重要。其他类型的管道都会降低大坝水轮机的效率。$(br2)它每tick可以传输200桶流体(默认情况)。"
    },
    {
      "type": "patchouli:text",
      "text": "大坝进水口与水轮机(输入处)的高度差(y轴差异)可以使大坝水轮机$(l)更快$()产生旋转动能，在相差16格时达到上限，提供100%加速。$(br2)高压管道只有在连接到不超过1个进水口与1个涡轮机时才能工作，并且必须要连接到进水口与出水口来发挥全部潜力。(不能是垃圾桶/水槽/水泵)"
    },
    {
      "type": "patchouli:image",
      "images": ["industrialrenewal:textures/gui/book/hpp.png"]
    },
    {
      "type": "patchouli:text",
      "text": "在输入侧使用普通管道而不是高压管道将会减缓旋转动能产生的速度。在输出侧这样做则会降低最大输出动能。二者最高可以降低90%。"
    }
  ]
}