{
  "name": "机械护面升级",
  "icon": "compressedcreativity:mechanical_visor_upgrade",
  "category": "pneumaticcraft:compressed_creativity",
  "advancement": "pneumaticcraft:pressure_tube",
  "pages": [
    {
      "type": "text",
      "text": "$(item)机械护面升级$()是能让你查看机械的动力学状态的升级，和$(item)工程师护目镜$()的工作方式类似。$(br2)若与$(l:base_concepts/upgrades#block_tracker)方块追踪升级$()同时安装，则方块追踪也能追踪机械动力的方块，还能查看其动力学状态！"
    },
    {
      "type": "crafting",
      "recipe": "compressedcreativity:crafting/mechanical_visor_upgrade",
      "text": "$(item)机械护面升级$()的合成表"
    }
  ]
}