{
  "name": "迅足蜥",
  "icon": "mythicmounts:textures/gui/book/dash.png",
  "category": "mythicmounts:creatures",
  "read_by_default": true,
  "pages": [
    {
      "type": "patchouli:text",
      "text": "这些生活在沙漠中的小型兽脚类动物敏捷而精明，它们组成了群居群体，共同追捕猎物。$(br2)虽然地域性很强，但人们可以用食物来安抚他们，而且由于他们的社交性质，他们经常与骑手建立牢固的联系。"
    },
    {
      "type": "patchouli:entity",
      "entity": "mythicmounts:ridinglizard",
      "title": "迅足蜥",
      "text": "$(br)一只迅足蜥。",
      "scale": 0.65,
      "offset": 0.35,
      "rotate": true,
      "border": true
    },
    {
      "type": "mythicmounts:server_page",
      "page_title": "栖息地",
      "entity_id": "mythicmounts:ridinglizard"
    },
    {
      "type": "mythicmounts:server_page",
      "page_title": "驯服物品",
      "entity_id": "mythicmounts:ridinglizard"
    },
    {
      "type": "mythicmounts:server_page",
      "page_title": "食物",
      "entity_id": "mythicmounts:ridinglizard"
    },
    {
      "type": "mythicmounts:server_page",
      "page_title": "繁殖物品",
      "entity_id": "mythicmounts:ridinglizard"
    },
    {
      "type": "mythicmounts:server_page",
      "page_title": "基本状态",
      "entity_id": "mythicmounts:ridinglizard"
    }
  ]
}