{
  "name": "火盆",
  "category": "devices",
  "icon": "bewitchment:brazier",
  "pages": [
	{
	  "type": "text",
	  "text": "火盆是一种特殊的容器，用来装需要被燃烧才能发挥功效的魔法材料. 根据燃烧的魔法材料的不同，火盆会产生不同的增益效果, 它还可以制造浓稠的雾气, 甚至可以召唤生物的来世, 因为燃烧物品可以揭开精神与现实之间的帷幕，借此你便可以和这些灵魂交流。"
	},
	{
	  "type": "crafting",
	  "recipe": "bewitchment:brazier",
	  "text": "火盆被用于焚香, 在熏香所影响的区域中会获得增益效果. 一些更邪恶的人也说过他们可以使用火盆来诅咒目标\ue908\ue909"
	},
	{
	  "type": "text",
	  "title": "熏香",
	  "text": "特定当量的的魔法材料与龙血树脂一起在火盆中燃烧时起催化剂的作用, 熏香就产生了. 当燃烧时,它会在一定区域内产生香氛, 在此环境下入睡的玩家会获得增益效果, 同时这股香氛也会让那些黑暗中的敌人不敢靠近."
	},
	{
	  "type": "text",
	  "text": "然而，由于烟雾本身的轻盈性质，熏香所带来的效果不可能像符文以及药水那样强劲且持久，除非\ue908\ue909"
	},
	{
	  "type": "bewitchment:incense_recipe",
	  "recipe": "bewitchment:vitality",
	  "text": "Reinforces the flesh and blood of the user, allowing them to deal more damage as well as take less damage."
	},
	{
	  "type": "bewitchment:incense_recipe",
	  "recipe": "bewitchment:deftness",
	  "text": "Enhances the speed and agility of the user."
	},
	{
	  "type": "bewitchment:incense_recipe",
	  "recipe": "bewitchment:invigorating",
	  "text": "Causes the user to be more durable overall, and lets them break blocks faster."
	},
	{
	  "type": "bewitchment:incense_recipe",
	  "recipe": "bewitchment:cats_eye",
	  "text": "Stimulates the eyes of the user, allowing them to see in the dark just as a cat would."
	},
	{
	  "type": "bewitchment:incense_recipe",
	  "recipe": "bewitchment:fullness",
	  "text": "Makes the user less hungry, and allows them to take more hits."
	},
	{
	  "type": "bewitchment:incense_recipe",
	  "recipe": "bewitchment:intensity",
	  "text": "When burned in a separate brazier alongside a brazier containing a different incense, it increases the potency of its effects. Not compatible with Concentration."
	},
	{
	  "type": "bewitchment:incense_recipe",
	  "recipe": "bewitchment:concentration",
	  "text": "Thickens and concentrates the smoke from a nearby brazier, allowing its effects to linger on much longer. Not compatible with Intensity."
	}
  ]
}
