{
  "name": "纺车",
  "category": "devices",
  "icon": "bewitchment:spinning_wheel",
  "pages": [
	{
	  "type": "text",
	  "text": "用于生产魔法丝线. 需要魔力来支持运转"
	},
	{
	  "type": "crafting",
	  "recipe": "bewitchment:spinning_wheel"
	},
	{
	  "type": "bewitchment:spinning_wheel_recipe",
	  "recipe": "bewitchment:cobweb",
	  "text": "那些蜘蛛不会从你身上捞到什么东西的"
	},
	{
	  "type": "bewitchment:spinning_wheel_recipe",
	  "recipe": "bewitchment:witches_stitching",
	  "text": "你必须拾起一针一线，必须是女巫的季节"
	},
	{
	  "type": "bewitchment:spinning_wheel_recipe",
	  "recipe": "bewitchment:diabolical_vein",
	  "text": "一根被火烤过，然后又在血中浸泡过的线\u22EF\u22EF"
	},
	{
	  "type": "bewitchment:spinning_wheel_recipe",
	  "recipe": "bewitchment:pure_filament",
	  "text": "一根闪亮的被祝福和净化过的银线"
	}
  ]
}
