{
  "name": "女巫祭坛",
  "category": "devices",
  "icon": "bewitchment:stone_witches_altar",
  "priority": true,
  "pages": [
	{
	  "type": "text",
	  "text": "魔法能量，或者ME，存在于所有的生命形式中，从最小的幼苗到时间尽头的巨龙。其他群体可能称之为“Vis”或“Lifepoints”或“Magan”或类似的东西，但本质上它是生命和自然同样的原始力量。当ME在植物和真菌中自由流动时，植物必须放在祭坛附近才能产生ME。"
	},
	{
	  "type": "text",
	  "text": "虽然ME也存在于动物中，但我们不能从动物身上驾驭它，因为它们的灵魂阻止ME离开它们的身体，直到灵魂离开动物。然而，某些动物(和人类)的遗骸引起了ME的共鸣，它们不足以被祭坛所驾驭，但足以在仪式中充当试剂。"
	},
	{
	  "type": "text",
	  "title": "祭坛",
	  "text": "这是所有女巫的核心设备，祭坛可以将附近植物的力量转化为其他设备可以使用的形式，大多数设备必须放在祭坛附近才能使用。祭坛可以由多种材料制成，从石头到地砖，不一而足，最后还可以铺上任何颜色的地毯。祭坛也可以用某些装饰物品来增强。有关装饰物品的信息可以在以下页面中找到。"
	},
	{
	  "type": "crafting",
	  "title": "制造祭坛",
	  "recipe": "bewitchment:stone_witches_altar"
	},
	{
	  "type": "text",
	  "title": "祭坛装饰品",
	  "text": "杯状物提供了一个小的基础能量获得值和乘量。杯状物包括高脚杯、瓶子和花盆。剑增加乘量。包括仪式刀, 伯莱恩新月小刀和其他刀片。魔杖可以提升祭坛的最大容纳能量。包括火把、蜡烛和末地烛。五芒星增加基础能量获得值。包括头骨、宝石和五芒星。"
	},
	{
	  "type": "multiblock",
	  "name": "怎样建造",
	  "multiblock": {
		"mapping": {
		  "A": "bewitchment:stone_witches_altar[type=0]",
		  "0": "bewitchment:stone_witches_altar[type=0]"
		},
		"pattern": [
		  [
			"AA",
			"0A",
			"AA"
		  ]
		]
	  },
	  "text": "祭坛周围的方块必须$(i)不能$()是其他的祭坛方块"
	}
  ]
}
