{
  "name": "女巫釡锅",
  "category": "devices",
  "icon": "bewitchment:witches_cauldron",
  "pages": [
	{
	  "type": "text",
	  "text": "一半用于制造高级的酿造药剂，而普通的的酿造台则无法制造。当然某些其他物品也可以投入釡锅里熬煮反应，来创造新的事物。釡锅需要魔法能量，还需要一个热源在釡锅下方。在任何酿造阶段，木灰都可以扔进釡锅。除此之外，你也可以用其来制作食物，当然，只有很少一部分食物可以这样。"
	},
	{
	  "type": "crafting",
	  "recipe": "bewitchment:witches_cauldron"
	},
	{
	  "type": "bewitchment:cauldron_recipe",
	  "recipe": "bewitchment:filled_goblet",
	  "text": "当高脚杯盛满了这种神器的混合物时，会为祭坛提供更多的能量，并且会引发红石信号"
	},
	{
	  "type": "bewitchment:cauldron_recipe",
	  "recipe": "bewitchment:embergrass",
	  "text": "一种炼金术合成的植物，它释放燃烧的灰烬来点燃试图接触它的事物，这种植物也会蔓延，用来做基地防御很不错。"
	},
	{
	  "type": "bewitchment:cauldron_recipe",
	  "recipe": "bewitchment:torchwood",
	  "text": "一种炼金术创造的植物，它从自身的木茎顶端的球状鳞茎上发出亮光。当然跟普通植物相同，它也可以蔓延。"
	},
	{
	  "type": "bewitchment:cauldron_recipe",
	  "recipe": "bewitchment:tallow",
	  "text": "用死者熬制的脂肪，用于制作蜡烛等"
	},
	{
	  "type": "bewitchment:cauldron_recipe",
	  "recipe": "bewitchment:slimeball",
	  "text": "它粘粘的"
	},
	{
	  "type": "bewitchment:cauldron_recipe",
	  "recipe": "bewitchment:iron_gall_ink",
	  "text": "墨囊的人道主义替代物。有人认为这个东西在恶魔契约十分重要\u22EF\u22EF"
	},
	{
	  "type": "bewitchment:cauldron_recipe",
	  "recipe": "bewitchment:catechu_brown",
	  "text": "一种用来替代可可豆的木生棕色染料"
	},
	{
	  "type": "bewitchment:cauldron_recipe",
	  "recipe": "bewitchment:banner_pattern_removal",
	  "text": "釡锅可以用来清洗被染料染色过的旗帜，很中规中矩的功能"
	},
	{
	  "type": "bewitchment:cauldron_recipe",
	  "recipe": "bewitchment:flower_siphoning_poppy",
	  "text": "尽管看上去很像是一株人畜无害的花朵，但这种炼金制造的花朵的身上实际上长满了倒钩以及尖刺，它会从那些触碰它的人的身上采集到的一份血液样本。"
	},
	{
	  "type": "text",
	  "text": "想要提取被其吸收的血液，你需要主手拿着伯莱恩新月匕首，副手拿着空的巫媒，然后右键。所有原版的花朵都可以这样被制作为汲血花"
	},
	{
	  "type": "bewitchment:cauldron_recipe",
	  "recipe": "bewitchment:blue_ink_cap",
	  "text": "由炼金术所创造的蘑菇. 这种蘑菇会在它的凝胶状的产孢体中产生蓝色的墨水, 所以它可以替代蓝色染料参与合成。"
	},
	{
	  "type": "bewitchment:cauldron_recipe",
	  "recipe": "bewitchment:frostflower",
	  "text": "这种花就是矛盾的结合体, 这种炼金术创造的液体与空气接触后冻结，并形成了花的形状, 它能够合成为雪球。"
	},
	{
	  "type": "text",
	  "title": "Teleporting",
	  "text": "通过站在釡锅里并向其中投入维度之沙，然后在聊天框中输入名字，可以让玩家传送至其他已经被命名牌命名过的釡锅。"
	},
	{
	  "type": "text",
	  "title": "Disposal",
	  "text": "充满熔岩的釡锅会摧毁所有扔进去的物品，同样，它会点燃任何站在釡锅中的生物"
	},
	{
	  "type": "text",
	  "title": "Brews",
	  "text": "为了防止釡锅做无用的酿造，在投入所有其他试剂前，需要先投入曼陀罗根。之后，加入其他的试剂，添加的试剂越多，酿造出来的药剂就越贵重，ME消耗也更加合理"
	},
	{
	  "type": "text",
	  "text": "投入红石会增加酿造药剂的持续时间，最高到一个固定值。投入荧石具有相同的效果，而一只乌鸦的羽毛会阻止药剂发出粒子效果，投入火药后会酿造出喷溅型的药剂，而投入小猫头鹰翅膀，就会变成滞留型药剂。"
	},
	{
	  "type": "bewitchment:brew",
	  "recipe": "bewitchment:instant_health",
	  "text": "治疗活体生物，如果是不死生物则造成伤害。"
	},
	{
	  "type": "bewitchment:brew",
	  "recipe": "bewitchment:instant_damage",
	  "text": "治疗不死生物，如果是活体生物则造成伤害。"
	},
	{
	  "type": "bewitchment:brew",
	  "recipe": "bewitchment:regeneration",
	  "text": "给予活体生物再生效果，如果是其他生物，则无效果"
	},
	{
	  "type": "bewitchment:brew",
	  "recipe": "bewitchment:poison",
	  "text": "给予活体生物中毒效果，如果是其他生物，则无效果"
	},
	{
	  "type": "bewitchment:brew",
	  "recipe": "bewitchment:wither",
	  "text": "类似于中毒，但拥有杀死实体的能力，对不死生物同样有效"
	},
	{
	  "type": "bewitchment:brew",
	  "recipe": "bewitchment:night_vision",
	  "text": "允许目标在暗处看清事物，古老之眼会额外给这支药剂水下呼吸的效果"
	},
	{
	  "type": "bewitchment:brew",
	  "recipe": "bewitchment:blindness",
	  "text": "致盲目标，并防止目标冲刺"
	},
	{
	  "type": "bewitchment:brew",
	  "recipe": "bewitchment:strength",
	  "text": "强化目标的手臂，允许它们造成更多的近战伤害"
	},
	{
	  "type": "bewitchment:brew",
	  "recipe": "bewitchment:weakness",
	  "text": "弱化目标的手臂，使它们造成更少的近战伤害"
	},
	{
	  "type": "bewitchment:brew",
	  "recipe": "bewitchment:resistance",
	  "text": "韧化目标的皮肤，使目标受到的非魔法伤害降低"
	},
	{
	  "type": "bewitchment:brew",
	  "recipe": "bewitchment:fire_resistance",
	  "text": "给予目标火焰和熔岩的免疫效果"
	},
	{
	  "type": "bewitchment:brew",
	  "recipe": "bewitchment:absorption",
	  "text": "生命暂时提升"
	},
	{
	  "type": "bewitchment:brew",
	  "recipe": "bewitchment:jump_boost",
	  "text": "强化目标的腿部，使他们跳得更高"
	},
	{
	  "type": "bewitchment:brew",
	  "recipe": "bewitchment:speed",
	  "text": "强化目标的腿部，使他们跑的更快"
	},
	{
	  "type": "bewitchment:brew",
	  "recipe": "bewitchment:slowness",
	  "text": "弱化目标的腿部，使他们跑得更慢"
	},
	{
	  "type": "bewitchment:brew",
	  "recipe": "bewitchment:haste",
	  "text": "强化目标的手臂，使他们挖掘和挥砍更加快速"
	},
	{
	  "type": "bewitchment:brew",
	  "recipe": "bewitchment:mining_fatigue",
	  "text": "弱化目标的手臂，使他们挖掘和挥砍更加慢速"
	},
	{
	  "type": "bewitchment:brew",
	  "recipe": "bewitchment:luck",
	  "text": "让目标有机会获得更好的战利品"
	},
	{
	  "type": "bewitchment:brew",
	  "recipe": "bewitchment:unluck",
	  "text": "让目标获得更好的战利品的机会更小"
	},
	{
	  "type": "bewitchment:brew",
	  "recipe": "bewitchment:water_breathing",
	  "text": "使目标张出一副临时的鳃，允许他们在水下进行呼吸，古老之眼会额外增添夜视的效果"
	},
	{
	  "type": "bewitchment:brew",
	  "recipe": "bewitchment:invisibility",
	  "text": "所有的光会穿透目标，使他们隐形，但并不适用于目标的盔甲和手持物品\u22EF\u22EF"
	},
	{
	  "type": "bewitchment:brew",
	  "recipe": "bewitchment:hunger",
	  "text": "使目标在下一顿饭这件事上思考的过多，2333"
	},
	{
	  "type": "bewitchment:brew",
	  "recipe": "bewitchment:nausea",
	  "text": "使目标头昏眼花"
	},
	{
	  "type": "bewitchment:brew",
	  "recipe": "bewitchment:glowing",
	  "text": "使目标生长"
	},
	{
	  "type": "bewitchment:brew",
	  "recipe": "bewitchment:levitation",
	  "text": "使目标缓慢升空"
	},
	{
	  "type": "bewitchment:brew",
	  "recipe": "bewitchment:absence",
	  "text": "清除所有的药剂效果"
	},
	{
	  "type": "bewitchment:brew",
	  "recipe": "bewitchment:purification",
	  "text": "清除所有的负面药剂效果"
	},
	{
	  "type": "bewitchment:brew",
	  "recipe": "bewitchment:corruption",
	  "text": "清除所有的正面药剂效果"
	},
	{
	  "type": "bewitchment:brew",
	  "recipe": "bewitchment:magic_resistance",
	  "text": "使目标受到更少的魔法伤害"
	},
	{
	  "type": "bewitchment:brew",
	  "recipe": "bewitchment:magic_weakness",
	  "text": "使目标受到更多的魔法伤害"
	},
	{
	  "type": "bewitchment:brew",
	  "recipe": "bewitchment:hellworld",
	  "text": "将周围环境转化为下界地形"
	},
	{
	  "type": "bewitchment:brew",
	  "recipe": "bewitchment:iceworld",
	  "text": "将周边环境转化为奇妙的冬季环境，并熄灭周围地面和实体上的火焰，可能会招来一些永恒之冰，永恒之冰是一种不会融化的冰，可以像石砖一样被制成憎恶方砖"
	},
	{
	  "type": "bewitchment:brew",
	  "recipe": "bewitchment:rubedo",
	  "text": "将沙子和染色方块转换为红色"
	},
	{
	  "type": "bewitchment:brew",
	  "recipe": "bewitchment:citrinitas",
	  "text": "将红砖和染色方块转换为黄色"
	},
	{
	  "type": "bewitchment:brew",
	  "recipe": "bewitchment:desertification",
	  "text": "将植物和一些其他事物转化为沙漠变种"
	},
	{
	  "type": "bewitchment:brew",
	  "recipe": "bewitchment:fertility",
	  "text": "使植物生长，使动物繁殖"
	},
	{
	  "type": "bewitchment:brew",
	  "recipe": "bewitchment:harvest",
	  "text": "立即收获并重新种植，也可以使叶子掉落苹果，使南瓜结果"
	},
	{
	  "type": "bewitchment:brew",
	  "recipe": "bewitchment:spore_cloud",
	  "text": "催生蘑菇、菌丝、蕨类植物和青苔，我希望你对这并不过敏\u22EF\u22EF"
	},
	{
	  "type": "bewitchment:brew",
	  "recipe": "bewitchment:blight",
	  "text": "杀死植物和农作物，也可以使生物进入虚弱状态"
	},
	{
	  "type": "bewitchment:brew",
	  "recipe": "bewitchment:ruin",
	  "text": "使一些方块腐烂或者破碎"
	},
	{
	  "type": "bewitchment:brew",
	  "recipe": "bewitchment:pesticide",
	  "text": "对节肢动物造成伤害"
	},
	{
	  "type": "bewitchment:brew",
	  "recipe": "bewitchment:arachnophobia",
	  "text": "用蜘蛛网包裹目标，并召唤饥饿的蜘蛛来攻击他们"
	},
	{
	  "type": "bewitchment:brew",
	  "recipe": "bewitchment:mending",
	  "text": "将泥土和菌丝方块转化为草方块，并治愈僵尸村民"
	},
	{
	  "type": "bewitchment:brew",
	  "recipe": "bewitchment:holy_water",
	  "text": "仅次于神圣手雷，对邪恶生物造成伤害，比如僵尸和恶魔"
	},
	{
	  "type": "bewitchment:brew",
	  "recipe": "bewitchment:wolfsbane",
	  "text": "对狼和其他犬科动物造成伤害"
	},
	{
	  "type": "bewitchment:brew",
	  "recipe": "bewitchment:deviants_decomposure",
	  "text": "对被社群放逐的人造成伤害，比如灾厄村民或者巫师。对女巫猎手没有影响"
	},
	{
	  "type": "bewitchment:brew",
	  "recipe": "bewitchment:sleeping",
	  "text": "致盲并减速目标，如果目标生命值过低，则会杀死他们"
	},
	{
	  "type": "bewitchment:brew",
	  "recipe": "bewitchment:volatility",
	  "text": "Duang！！！爆炸并造成伤害，不影响方块"
	},
	{
	  "type": "bewitchment:brew",
	  "recipe": "bewitchment:grace",
	  "text": "使目标承受更少的掉落伤害"
	},
	{
	  "type": "bewitchment:brew",
	  "recipe": "bewitchment:shell_armor",
	  "text": "对那些攻击目标的人造成反伤"
	},
	{
	  "type": "bewitchment:brew",
	  "recipe": "bewitchment:deflection",
	  "text": "叮！反弹箭矢和其他弹射物"
	},
	{
	  "type": "bewitchment:brew",
	  "recipe": "bewitchment:revealing",
	  "text": "使目标实体脱离隐形效果"
	},
	{
	  "type": "bewitchment:brew",
	  "recipe": "bewitchment:disrobing",
	  "text": "从目标身上卸下盔甲和饰品"
	},
	{
	  "type": "bewitchment:brew",
	  "recipe": "bewitchment:sinking",
	  "text": "使跳跃变得更难，若是增强药水的效果强度，受影响者甚至无法跳跃"
	},
	{
	  "type": "bewitchment:brew",
	  "recipe": "bewitchment:cursed_leaps",
	  "text": "将目标抛向天空，使他们无法行动，并造成摔落伤害"
	}
  ]
}
