{
    "name": "六带鲹" , 
    "icon": "untamedwilds:textures/icon/trevally/bigeye.png" , 
    "category": "untamedwilds:trevally_category" , 
    "pages": [
        {
            "type": "text" , 
            "title": "六带鲹" , 
            "text": "其他更详细的解剖特征也证实该物种与鲹属的其他成员不同。$(br2)已知该物种可成长到120厘米长，18公斤重。$(br2)这种鱼的饮食从幼年时期以甲壳类动物为主到成年后会转变为几乎完全以鱼类为主。"
        } , 
        {
            "type": "entity" , 
            "entity": "untamedwilds:trevally{Variant: 0, Size: 1}" , 
            "text": ""
        } , 
        {
            "type": "text" , 
            "title": "六带鲹" , 
            "text": "相对大小：\u2605\u2605\u2606\u2606\u2606$(br2)始终活动$(br2)1种肤色$(br2)最喜欢的食物：untamedwilds:chum$(br2)种类数量：4$(br2)成长时间：6天"
        }
    ]
}