{
    "name": "长砗磲" , 
    "icon": "untamedwilds:textures/icon/giant_clam/maxima.png" , 
    "category": "untamedwilds:giant_clam_category" ,
    "pages": [
        {
            "type": "text" , 
            "title": "长砗磲" , 
            "text": "长砗磲($(o)Tridacna maxima$()),也被称为小型大砗磲，是一种分布于印度-太平洋的双壳纲软体动物。"
        } , 
        {
            "type": "entity" , 
            "entity": "untamedwilds:giant_clam{Variant: 2, Size: 1}" , 
            "text": ""
        } , 
        {
            "type": "text" , 
            "title": "长砗磲" , 
            "text": "相对大小：\u2605\u2605\u2606\u2606\u2606$(br2)始终活动$(br2)1种肤色$(br2)最喜欢的食物：无$(br2)种类数量：4$(br2)成长时间：6天"
        }
    ]
}