{
    "name": "黄缘蛱蝶" , 
    "icon": "untamedwilds:textures/icon/butterfly/mourning_cloak.png" , 
    "category": "untamedwilds:butterfly_category" , 
    "pages": [
        {
            "type": "text" , 
            "title": "黄缘蛱蝶" , 
            "text": "Nymphalis antiopa，是原产于亚欧大陆和北美洲的一种大型蝴蝶，在北美被称为黄缘蛱蝶，在英国被称为坎伯韦尔美人蝶。$(br2)这种物种未成熟的幼虫形态常被称为多刺榆树毛虫。"
        } , 
        {
            "type": "entity" , 
            "entity": "untamedwilds:butterfly{Variant: 12, Size: 1}" , 
            "text": ""
        } , 
        {
            "type": "text" , 
            "title": "黄缘蛱蝶" , 
            "text": "相对大小：\u2605\u2605\u2606\u2606\u2606$(br2)始终活动$(br2)1种肤色$(br2)最喜欢的食物：minecraft:dandelion$(br2)种类数量：4$(br2)成长时间：无天数"
        }
    ]
}