{
  "name": "充能效果",
  "icon": "arcanuscontinuum:textures/spell_components/effects/colored/power_effect.png",
  "category": "arcanuscontinuum:spellcraft",
  "sortnum": 302,
  "advancement": "arcanuscontinuum:arcane/wizard_level_4",
  "pages": [
    {
      "type": "patchouli:text",
      "text": "重量：无$(br)魔力消耗：2$(br)冷却时间：0秒$(br2)描述：$(br)给能够接收的目标方块一个红石脉冲。链式该效果以激发更强的红石信号。"
    },
    {
      "type": "patchouli:image",
      "border": true,
      "images": [
        "arcanuscontinuum:textures/gui/patchouli/entries/effects/power_effect.png"
      ]
    }
  ]
}
