{
    "name": "苋菜红喷射者" ,
    "icon": "untamedwilds:textures/icon/spitter/purple.png" ,
    "category": "untamedwilds:spitter_category" ,
    "advancement": "untamedwilds:untamedwilds/discovered_spitter",
    "pages": [
        {
            "type": "text" , 
            "title": "苋菜红喷射者" ,
            "text": "它是一种较大的喷射者，呈淡紫色，能以生活在黏土中的微生物群为食。$(br2)其倾向于争夺领土，接近它们时请小心。"
        } ,
        {
            "type": "entity" , 
            "entity": "untamedwilds:spitter{Variant: 0, Size: 1}" ,
            "text": ""
        } , 
        {
            "type": "text" , 
            "title": "苋菜红喷射者" ,
            "text": "相对大小：\u2605\u2605\u2605\u2606\u2606$(br2)始终活动$(br2)1种肤色$(br2)最喜欢的食物：minecraft:glow_lichen$(br2)种类数量：3$(br2)成长时间：8天"
        }
    ]
}