{
    "name": "印度孔雀鳖" , 
    "icon": "untamedwilds:textures/icon/softshell_turtle/peacock.png" , 
    "category": "untamedwilds:softshell_turtle_category" , 
    "pages": [
        {
            "type": "text" , 
            "title": "印度孔雀鳖" , 
            "text": "印度孔雀鳖($(o)Nilssonia hurum$())是一种发现于南亚的鳖，被列入《世界自然保护联盟红色名录》的易危物种。"
        } , 
        {
            "type": "entity" , 
            "entity": "untamedwilds:softshell_turtle{Variant: 4, Size: 1}" , 
            "text": ""
        } , 
        {
            "type": "text" , 
            "title": "印度孔雀鳖" , 
            "text": "相对大小：\u2605\u2605\u2606\u2606\u2606$(br2)始终活动$(br2)1种肤色$(br2)最喜欢的食物：minecraft:cod$(br2)种类数量：5$(br2)成长时间：6天"
        }
    ]
}