{
    "name": "基础",
    "icon": "bigreactors:basic_turbinecasing",
    "category": "bigreactors:turbine-variants",
    "read_by_default": true,
    "sortnum": 2,
    "pages": [
        {
            "type": "patchouli:text",
            "text": "类似于反应堆，基础变种是您的初始涡轮机。$(br2)它的最大尺寸为5×5×10，并且大多数只需要铁锭来制作，这是解决你游戏早期/中期能源需求的廉价方案。$(br2)基础涡轮机可以使用高达1000mb/t的蒸汽来驱动转子。"
        }
    ]
}