{
    "name": "黑曼巴蛇" , 
    "icon": "untamedwilds:textures/icon/snake/black_mamba.png" , 
    "category": "untamedwilds:snake_category" , 
    "pages": [
        {
            "type": "text" , 
            "title": "黑曼巴蛇" , 
            "text": "黑曼巴蛇($(o)Dendroaspis polylepis$())是眼镜蛇科的一种毒蛇。$(br2)它原产于撒哈拉以南非洲的部分地区。$(br2)已报告了样本长4.3到4.5米($(o)14英尺1英寸到14英尺9英寸$())。$(br2)它的肤色从灰色到深棕色不等。"
        } , 
        {
            "type": "entity" , 
            "entity": "untamedwilds:snake{Variant: 2, Size: 1}" , 
            "text": ""
        } , 
        {
            "type": "text" , 
            "title": "黑曼巴蛇" , 
            "text": "相对大小：\u2605\u2605\u2605\u2606\u2606$(br2)始终活动$(br2)1种肤色$(br2)最喜欢的食物：minecraft:rabbit$(br2)种类数量：4$(br2)成长时间：6天"
        }
    ]
}