{
    "name": "翡翠树蚺" , 
    "icon": "untamedwilds:textures/icon/snake/emerald.png" , 
    "category": "untamedwilds:snake_category" , 
    "pages": [
        {
            "type": "text" , 
            "title": "翡翠树蚺" , 
            "text": "Corallus caninus，通常被称为翡翠树蚺，是一种在南美洲热带雨林中发现的无毒蟒蛇。$(br2)自2009年以来，Corallus batesii已区分于C.caninus。"
        } , 
        {
            "type": "entity" , 
            "entity": "untamedwilds:snake{Variant: 8, Size: 1}" , 
            "text": ""
        } , 
        {
            "type": "text" , 
            "title": "翡翠树蚺" , 
            "text": "相对大小：\u2605\u2605\u2606\u2606\u2606$(br2)始终活动$(br2)1种肤色$(br2)最喜欢的食物：minecraft:rabbit$(br2)种类数量：4$(br2)成长时间：6天"
        }
    ]
}