{
    "name": "东非绿曼巴蛇" , 
    "icon": "untamedwilds:textures/icon/snake/green_mamba.png" , 
    "category": "untamedwilds:snake_category" , 
    "pages": [
        {
            "type": "text" , 
            "title": "东非绿曼巴蛇" , 
            "text": "东非绿曼巴蛇($(o)Dendroaspis angusticeps$())是曼巴蛇属的一种剧毒蛇，原产于东非南部沿海地区。"
        } , 
        {
            "type": "entity" , 
            "entity": "untamedwilds:snake{Variant: 11, Size: 1}" , 
            "text": ""
        } , 
        {
            "type": "text" , 
            "title": "东非绿曼巴蛇" , 
            "text": "相对大小：\u2605\u2605\u2605\u2606\u2606$(br2)始终活动$(br2)1种肤色$(br2)最喜欢的食物：minecraft:rabbit$(br2)种类数量：4$(br2)成长时间：6天"
        }
    ]
}