{
    "name": "太平洋大鲵" , 
    "icon": "untamedwilds:textures/icon/newt/coastal.png" , 
    "category": "untamedwilds:newt_category" ,
    "pages": [
        {
            "type": "text" , 
            "title": "太平洋大鲵" , 
            "text": "太平洋大鲵($(o)Dicamptodon tenebrosus$())是陆巨螈科($(o)Pacific giant salamanders)的一种蝾螈。$(br2)它是北美洲太平洋西北地区的特有物种。"
        } , 
        {
            "type": "entity" , 
            "entity": "untamedwilds:newt{Variant: 0, Size: 1}" , 
            "text": ""
        } , 
        {
            "type": "text" , 
            "title": "太平洋大鲵" , 
            "text": "相对大小：\u2605\u2605\u2605\u2606\u2606$(br2)始终活动$(br2)3种肤色$(br2)最喜欢的食物：无$(br2)种类数量：5$(br2)成长时间：3天"
        }
    ]
}