{
    "name": "大冠蝾螈" , 
    "icon": "untamedwilds:textures/icon/newt/crested.png" , 
    "category": "untamedwilds:newt_category" ,
    "pages": [
        {
            "type": "text" , 
            "title": "大冠蝾螈" , 
            "text": "它是一种大型蝾螈，雌性的身长可达16厘米($(o)6.3英寸$())。$(br2)它的背部和体侧呈深棕色，而腹部呈黄色或橙色，并带有深色斑点。$(br2)在繁殖季节，雄性的背部和尾部会长出明显的锯齿状羽冠。"
        } , 
        {
            "type": "entity" , 
            "entity": "untamedwilds:newt{Variant: 1, Size: 1}" , 
            "text": ""
        } , 
        {
            "type": "text" , 
            "title": "大冠蝾螈" , 
            "text": "相对大小：\u2605\u2605\u2605\u2606\u2606$(br2)始终活动$(br2)2种肤色$(br2)最喜欢的食物：无$(br2)种类数量：5$(br2)成长时间：3天"
        }
    ]
}