{
    "name": "虎纹钝口螈" , 
    "icon": "untamedwilds:textures/icon/newt/tiger.png" , 
    "category": "untamedwilds:newt_category" ,
    "pages": [
        {
            "type": "text" , 
            "title": "虎纹钝口螈" , 
            "text": "虎纹钝口螈($(o)Ambystoma tigrinum$()) is a species of mole salamander and one of the largest terrestrial salamanders in North America."
        } , 
        {
            "type": "entity" , 
            "entity": "untamedwilds:newt{Variant: 5, Size: 1}" , 
            "text": ""
        } , 
        {
            "type": "text" , 
            "title": "虎纹钝口螈" , 
            "text": "相对大小：\u2605\u2605\u2605\u2606\u2606$(br2)始终活动$(br2)2种肤色($(o)2种稀有颜色$())$(br2)最喜欢的食物：无$(br2)种类数量：5$(br2)成长时间：3天"
        }
    ]
}