{
    "name": "苏门答腊犀" , 
    "icon": "untamedwilds:textures/icon/rhino/sumatran.png" , 
    "category": "untamedwilds:rhino_category" , 
    "pages": [
        {
            "type": "text" , 
            "title": "苏门答腊犀" , 
            "text": "它是双角犀属唯一现存的生物$(br2)像所有的非洲物种一样，它有两个角；较大的是前角，通常为15\u201325厘米($(o)5.9\u20139.8英寸$())，另一个较短的是后角$(br2)苏门答腊犀牛的身体大部分覆盖着一层呈红棕色的毛。"
        } , 
        {
            "type": "entity" , 
            "entity": "untamedwilds:rhino{Variant: 3, Size: 1}" , 
            "text": ""
        } , 
        {
            "type": "text" , 
            "title": "苏门答腊犀" , 
            "text": "相对大小：\u2605\u2605\u2606\u2606\u2606$(br2)随机活动$(br2)1种肤色$(br2)最喜欢的食物：minecraft:melon_slice$(br2)种类数量：1$(br2)成长时间：12天"
        }
    ]
}