{
    "name": "美洲狮" , 
    "icon": "untamedwilds:textures/icon/big_cat/puma.png" , 
    "category": "untamedwilds:big_cat_category" ,
    "pages": [
        {
            "type": "text" , 
            "title": "美洲狮" , 
            "text": "美洲狮($(o)Puma concolor$())是一种原产于美洲的大型猫科动物。$(br2)它的分布范围从加拿大育空地区到南美洲安第斯山脉南部，是西半球大型野生陆生哺乳动物中分布范围最广的。"
        } , 
        {
            "type": "entity" , 
            "entity": "untamedwilds:big_cat{Variant: 5, Size: 1}" , 
            "text": ""
        } , 
        {
            "type": "text" , 
            "title": "美洲狮" , 
            "text": "相对大小：\u2605\u2605\u2606\u2606\u2606$(br2)黎明和黄昏时最活跃$(br2)1种肤色$(br2)最喜欢的食物：minecraft:rabbit$(br2)种类数量：3$(br2)成长时间：4天"
        }
    ]
}