{
  "name": "能量法杖",
  "icon": "reactive:incomplete_staff",
  "category": "reactive:results",
  "advancement": "reactive:see_synthesis",
  "pages": [
    {
      "type": "patchouli:text",
      "text": "$(1)我们到这一步了！法师们手持法杖掌控奥术的传说即将成为现实！真是激动！$(br2)这一过程需要使用所有三种已知的隐秘能量。"
    },
    {
      "type": "patchouli:crafting",
      "recipe": "reactive:staff_crafting",
      "text": "$(1)首先，用金和铜制造一个简单的束柄以传导能量，在其末端装上一块纯化过的石英以作嵌座，再安上一块能将这种能量定向的板材。$(0)$(o)在你所处的情况下，一片固化传送门就应足够。"
    },
    {
      "type": "patchouli:text",
      "text": "$(1)如此造出的装置对$(4)周围坩埚排出的能量$(1)很敏感。大多数能量会将其拆卸，但隐秘能量则会与其共振并磨砺装置。$(br2)$(4)三种隐秘能量按正确顺序使用后$(1)，法杖就算准备完毕。"
    },
    {
      "type": "patchouli:text",
      "text": "$(1)法杖准备好后，需要排出任意量的基础能量之一作为制作过程的收束。法杖便会获得对应能量的能力。$(br2)制成一种法杖之后，我会将有关细节记录在此。"
    },
    {
      "type": "patchouli:spotlight",
      "item": "reactive:mind_staff",
      "text": "$(item)奥术能量法杖$(1)能够进行简单的短程攻击。每次脉动时，它都会发射三束奥术能量，这些能量束会瞄准周围的活物。",
      "advancement": "reactive:get_mind_staff"
    },
    {
      "type": "patchouli:spotlight",
      "item": "reactive:blaze_staff",
      "text": "$(item)烈焰能量法杖$(1)会向你所看的方向发射烈焰人火球。这种火球会自动飞向你所看的实体或你视线方向 32 格内任意一处。",
      "advancement": "reactive:get_blaze_staff"
    },
    {
      "type": "patchouli:spotlight",
      "item": "reactive:vital_staff",
      "text": "$(item)护生能量法杖$(1)在使用时会产生一种治疗光环。这种光环会给予范围内活物生命恢复和一定量的生命提升。",
      "advancement": "reactive:get_vital_staff"
    },
    {
      "type": "patchouli:spotlight",
      "item": "reactive:light_staff",
      "text": "$(item)耀熠能量法杖$(1)会发生一束纯净的光耀能量。这束能量击中方块时会制造一种不可触的隐形光源。其穿过的亡灵生物会开始燃烧。$(br2)像攻击一样挥动它就可摧毁附近的一个不可触光源。",
      "advancement": "reactive:get_light_staff"
    },
    {
      "type": "patchouli:spotlight",
      "item": "reactive:soul_staff",
      "text": "$(item)灵质能量法杖$(1)会召唤出足以完全消灭范围内活物的灵体云。$(br2)千万不要靠得太近⋯⋯",
      "advancement": "reactive:get_soul_staff"
    },
    {
      "type": "patchouli:spotlight",
      "item": "reactive:warp_staff",
      "text": "$(item)折跃能量法杖$(1)能传送活物。使用一次以选择生物，再次使用就会将其传送至你指向的位置。$(br2)法杖的范围上限为 64 格。超出此范围后，与绑定实体间的连接便会断开。",
      "advancement": "reactive:get_warp_staff"
    }
  ],
  "extra_recipe_mappings": {
    "reactive:blaze_staff": 0,
    "reactive:mind_staff": 0,
    "reactive:soul_staff": 0,
    "reactive:warp_staff": 0,
    "reactive:vital_staff": 0,
    "reactive:light_staff": 0
  }
}