{
  "processor": "com.hyperlynx.reactive.integration.patchouli.ReactionComponentProcessor",
  "components": [
    {
      "type": "patchouli:header",
      "text": "反应配方",
      "x": -1,
      "y": -1
    },
    {
      "type": "patchouli:text",
      "text": "#formula",
      "advancement": "#lock",
      "y": 21
    },
    {
      "type": "patchouli:text",
      "text": "你必须在无其他能量干扰时观察到此反应以记录其配方。",
      "advancement": "#lock",
      "y": 21,
      "negate_advancement": true
    }
  ]
}