{
    "name": "末影蜜蜂",
    "icon": "minecraft:ender_pearl",
    "read_by_default": true,
    "category": "productivebees:bees_wild",
    "flag": "productivebees:ender",
    "pages": [
        {
            "type": "patchouli:text",
            "title": "Ender Bee",
            "text": "发现生活在末地外岛的末地石蜂巢中。末影蜜蜂更喜欢为紫颂植物授粉。",
            "anchor": "ender"
        },
        {
            "type": "patchouli:entity",
            "entity": "productivebees:configurable_bee{type:'productivebees:ender'}"
        }
    ]
}