{
  "name": "飞行",
  "sortnum": 1,
  "category": "justdirethings:upgrades",
  "icon": "justdirethings:upgrade_flight",
  "pages": [
    {
      "type": "patchouli:text",
      "text": "飞行升级能让你不受限制地飞翔。此升级可令你在生存模式下自由飞行，与创造模式无二。$(br2)在空中维持飞行需要消耗 FE，千万不要把能量耗尽了！"
    },
    {
      "type": "patchouli:crafting",
      "title": "飞行升级的配方",
      "recipe": "justdirethings:upgrade_flight"
    }
  ]
}
