{
  "name": "末影珍珠",
  "icon": "minecraft:ender_pearl",
  "category": "reactive:objects_of_study",
  "advancement": "reactive:dissolve_tp",
  "turnin": "reactive:make_rift",
  "pages": [
    {
      "type": "patchouli:text",
      "text": "我经历了我未曾预料到的事情。末影珍珠具有传送的能量不算是新知识⸺甚至能说是它们最人尽皆知的属性。通常需要大力将其投出才能有传送效果。$(p)现在不需要了！"
    },
    {
      "type": "patchouli:text",
      "text": "我发现了激发这谜一般能力的另一种方式，在坩埚中溶解末影珍珠！甚至只需要直接放入坩埚，末影珍珠就会破碎而释放出折跃能量，并在同时将最后接触过它的人传送至坩埚上方！"
    },
    {
      "type": "patchouli:text",
      "text": "这一性质本身就带来了许多可能性，但我认为还需再加试验。$(p)珍珠里必然保留有最后一个持有者的信息，那么，假如那个“持有者”不是人，而是机械，又会怎么样呢⋯⋯？"
    }
  ]
}
