{
    "name": "扇砗磲" , 
    "icon": "untamedwilds:textures/icon/giant_clam/derasa.png" , 
    "category": "untamedwilds:giant_clam_category" ,
    "pages": [
        {
            "type": "text" , 
            "title": "扇砗磲" , 
            "text": "Tridacna derasa,指南方砗磲或扇砗磲,是砗磲蛤科中一种体型极其巨大的砗磲"
        } , 
        {
            "type": "entity" , 
            "entity": "untamedwilds:giant_clam{Variant: 0, Size: 1}" , 
            "text": ""
        } , 
        {
            "type": "text" , 
            "title": "扇砗磲" , 
            "text": "相对大小：\u2605\u2605\u2605\u2606\u2606$(br2)始终活动$(br2)1种肤色$(br2)最喜欢的食物：无$(br2)种类数量：4$(br2)成长时间：6天"
        }
    ]
}