{
    "name": "下界咖啡",
    "icon": "coffeecraft:coffee_nether",
    "category": "coffeecraft:coffee",
    "pages": [
        {
            "type": "patchouli:text",
            "text": "体验下界咖啡的浓郁风味。它采用高温冲泡，并前所未有的加入了下界疣。极致浓郁的口感尽在于此。享受烟熏浓郁和火辣香料的完美融合。每喝一口这种大胆而难忘的咖啡，都会点燃您寂寞的味蕾。"
        },
        {
            "type": "coffeecraft:template_coffee_crafting",
            "text": "调制下界咖啡！",
            "item0": "coffeecraft:coffee_powder#2",
            "item1": "minecraft:nether_wart",
            "item2": "minecraft:air",
            "result": "coffeecraft:coffee_nether"
        }
    ]
}