{
  "name": "Runed Longsword",
  "icon": "roots:runed_sword",
  "category": "crafting_armor_tools_runed",
  "read_by_default": true,
  "pages": [
    {
      "type": "text",
      "text": "Sturdy and durable, retains the ability to naturally regenerate, albeit much slower compared with other tools.$(br2)$(info) This sword is large and deals a significant amount of damage, even more so than that of a standard diamond tool."
    },
    {
      "type": "fey_crafting_template",
      "recipe": "runed_sword"
    },
    {
      "type": "relations",
      "anchor": "related",
      "entries": [
        "crafting/fey_crafter",
        "crafting/terrastone_sword",
        "crafting/living_sword",
        "resources/runed_obsidian"
      ]
    }
  ]
}