{
  "name": "Salmon of Knowledge",
  "icon": "roots:salmon_of_knowledge",
  "category": "crafting_devices",
  "read_by_default": true,
  "pages": [
    {
      "type": "text",
      "text": "$(italic)Once salmon ate the fruit of the nine trees,$(br)nine trees from every place in the world,$(br)gaining all the knowledge of the world.$()$(br2)While that salmon is lost to legend, it is possible for a wild mage to create a way to share their knowledge with others.$(br2)$(info) NBT data is set upon craft."
    },
    {
      "type": "fey_crafting_template",
      "recipe": "salmon_of_knowledge"
    },
    {
      "type": "relations",
      "anchor": "related",
      "entries": [
        "crafting/fey_crafting"
      ]
    }
  ]
}