{
  "name": "Staff",
  "icon": "roots:staff",
  "category": "crafting_armor_tools",
  "sortnum" : 2,
  "read_by_default": true,
  "pages": [
    {
      "type": "crafting",
      "recipe": "roots:staff",
      "text": "The staff is one of the essential components of $(cat:spells)spells$() and $(l:spells/introduction)spell casting$().$(br2)Instead of imbuing spells directly into a staff, they are first permanently imbued into your $(l:spells/library)spell library$() using a $(l:crafting/gramary)gramary$()."
    },
    {
      "type": "text",
      "text": "$(info) In order to add spells to your staff, simply hold it and press '$(k:roots.keybinds.spell_library)' to open the $(l:spells/library)spell library$().$(br2)This interface allows you to swap spells in and out, adjust the order of spells, and enable/disable modifiers, and is explained in full detail in the spell library entry. "
    },
    {
      "type": "relations",
      "anchor": "related",
      "entries": [
        "spells/introduction",
        "spells/introduction2",
        "spells/library",
        "spells/modifiers",
        "crafting/imbuer",
        "crafting/imposer"
      ]
    }
  ]
}