{
    "name": "末地岛屿",
    "icon": "endreborn:block_entropy_end_stone",
    "category": "world",
    "priority": true,
    "pages": [
        {
            "type": "text",
            "text": "这里有一架飞机\ue908\ue909额不是，这是个人\ue908\ue909好吧其实是一座在天上看起来像是微型末地的小岛，由一些末地石组合而成，有一部分因为年代久远的原因已经坏掉了\ue908\ue909而且还有一些植物，真是奇怪\ue908\ue909"
        },
		{
            "type": "spotlight",
            "item": "endreborn:block_entropy_end_stone",
            "link_recipe": true
        },
		{
            "type": "spotlight",
            "item": "endreborn:crop_ender_flower",
            "link_recipe": true
        }
    ]
}