{
    "name": "洛米特",
    "icon": "endreborn:block_lormyte_crystal",
    "category": "world",
	"advancement": "endreborn:endreborn/lormyte_crystal",
    "priority": true,
    "pages": [
        {
            "type": "text",
            "text": "唔\ue908\ue909我之前没有注意到这些末地的晶体。 它们不会受到重力的影响，而且看起来也不错。"
        },
		{
            "type": "spotlight",
            "item": "endreborn:block_lormyte_crystal",
            "link_recipe": true
        }
    ]
}