{
	"name": "量子连接器",
	"category": "assemblylinemachines:blocks",
	"icon": "assemblylinemachines:quantum_link",
	"pages":[
		{
			"type": "text",
			"text": "量子连接器是一种能在所有距离和维度之间瞬间传送物品、能量和流体的方式！"
		},
		{
			"type": "crafting",
			"recipe": "assemblylinemachines:crafting/quantum_link"
		},
		{
			"type": "text",
			"text": "打开量子连接器，你会注意到它里面有4000mB流体，10MFE电量以及3组物品的内部存储。这是输出输入的缓存空间。$(p)你需要做的第一件事就是在右上角栏位确定网络ID。这是每个量子连接网络独有的三位数字。$(p)在第一次连接到一个网络时，你也可以注册一个四位数的密码。之后想要通过量子连接器连接到这个网络时都需要这么做，所以确保它准确无误。$(p)如果不想设置密码，也可以将它保持为空。"
		},
		{
			"type": "text",
			"text": "一旦量子连接器成功连接，传送门动画会显示在正方形上。太棒了！$(p)现在你可以设置你的能量、流体以及物品传输方式。它可以设置成输入（Send）模式、输出（Receive）模式或者禁用（Disable）模式。一旦配置完成，物品会像变魔术一样在连接之间传输。$(p)$(c)警告：量子连接器不会加载区块，因此你需要自己确保区块加载以使量子连接器保持运行。"
		}
	]
}