{
    "name": "绿锯鳐" , 
    "icon": "untamedwilds:textures/icon/sawfish/green.png" , 
    "category": "untamedwilds:sawfish_category" , 
    "pages": [
        {
            "type": "text" , 
            "title": "绿锯鳐" , 
            "text": "The longcomb sawfish, narrowsnout sawfish or green sawfish ($(o)Pristis zijsron$())是一种锯鱼科中的锯鱼，发现于印度-西太平洋的热带和亚热带水域。$(br2)它的数量已经急剧减少，现在被认为是极度濒危物种。"
        } , 
        {
            "type": "entity" , 
            "entity": "untamedwilds:sawfish{Variant: 1, Size: 1}" , 
            "text": ""
        } , 
        {
            "type": "text" , 
            "title": "绿锯鳐" , 
            "text": "相对大小：\u2605\u2605\u2605\u2605\u2606$(br2)夜间活动$(br2)1种肤色$(br2)最喜欢的食物：untamedwilds:chum$(br2)种类数量：3$(br2)成长时间：无天数"
        }
    ]
}