{
    "name": "尖齿锯鳐" , 
    "icon": "untamedwilds:textures/icon/sawfish/narrow.png" , 
    "category": "untamedwilds:sawfish_category" , 
    "pages": [
        {
            "type": "text" , 
            "title": "尖齿锯鳐" , 
            "text": "锯鳐分布在温暖的海洋和淡水栖息地。$(br2)它们生物的多样化仅限于两个属($(o)锯鳐属和钝锯鳐属)中的五个物种。$(br2)锯鱼的特征是它们的喙长、窄、平扁狭长。"
        } , 
        {
            "type": "entity" , 
            "entity": "untamedwilds:sawfish{Variant: 3, Size: 1}" , 
            "text": ""
        } , 
        {
            "type": "text" , 
            "title": "尖齿锯鳐" , 
            "text": "相对大小：\u2605\u2605\u2606\u2606\u2606$(br2)夜间活动$(br2)1种肤色$(br2)最喜欢的食物：untamedwilds:chum$(br2)种类数量：3$(br2)成长时间：无天数"
        }
    ]
}