{
  "name": "开关",
  "icon": "industrialrenewal:valve_pipe_large",
  "category": "industrialrenewal:small_machines_category",
  "pages": [
    {
      "type": "patchouli:spotlight",
      "item": "industrialrenewal:valve_pipe_large",
      "text": "流体阀: 右键单击以开启/关闭阀门来允许/阻止液体传输。无内部缓存。"
    },
    {
      "type": "patchouli:spotlight",
      "item": "industrialrenewal:energy_switch",
      "text": "能量断路器: 右键单击以开启/关闭阀门来允许/阻止能量传输。无内部缓存。"
    }
  ]
}