{
    "name": "海洋手镯",
    "icon": "turtlemancy:heart_of_the_sea_bracelet",
    "category": "turtlemancy:equipment",
    "pages": [
        {
            "type": "spotlight",
            "title": "海洋手镯",
        	"item": "turtlemancy:heart_of_the_sea_bracelet",
            "text": "此$(thing)饰品$()会使$(#009432)海龟术士$()的潜能翻倍。因为这个$(item)手镯$()，所有法术都会被更快地施展，并且会消耗更少的魔杖魔力。$(item)海洋手镯$()可以通过进行$(l)$(l:turtlemancy:rituals/turtle_lovers_rituals#ritual_of_the_sea)海洋仪式$()获得。"
        },
        {
            "type": "turtlemancy:good_ritual_recipe",
            "recipe": "turtlemancy:heart_of_the_sea_bracelet",
            "title": "海洋仪式",
            "description": "此仪式会给予你$(l:turtlemancy:equipment/bracelet_of_the_sea)$(item)海洋手镯$()。",
            "link_recipe": true,
            "anchor": "ritual_of_the_sea"
        }
    ]
}