{
    "name": "西非海牛" , 
    "icon": "untamedwilds:textures/icon/manatee/african.png" , 
    "category": "untamedwilds:manatee_category" ,
    "pages": [
        {
            "type": "text" , 
            "title": "西非海牛" , 
            "text": "它是唯一在旧大陆发现的海牛物种。$(br2)关于T. senegalensis（西非海牛），人们所知的很少。"
        } , 
        {
            "type": "entity" , 
            "entity": "untamedwilds:manatee{Variant: 0, Size: 1}" , 
            "text": ""
        } , 
        {
            "type": "text" , 
            "title": "西非海牛" , 
            "text": "相对大小：\u2605\u2605\u2605\u2606\u2606$(br2)日间活动$(br2)1种肤色$(br2)最喜欢的食物：minecraft:sea_grass$(br2)种类数量：1$(br2)成长时间：12天"
        }
    ]
}