{
  "name": "item.ars_nouveau.ritual_demonic_summoning",
  "icon": "ars_nouveau:ritual_demonic_summoning",
  "category": "arsomega:rituals",
  "pages": [
    {
      "type": "text",
      "text": "恶魔召唤仪式会从恶魔领域中召出低等恶魔。因为这一方向上的穿梭对未被放逐的实体来说极为容易，此仪式无需用恶魔领域内材料合成。"
    },
    {
      "type": "crafting",
      "recipe": "arsomega:ritual_demonic_summoning"
    },
    {
      "type": "text",
      "text": "可从此仪式召出的恶魔身上获得灼热血肉，并以此继续合成制作。"
    },
    {
      "type": "spotlight",
      "item": "arsomega:searing_flesh",
      "text": "灼热血肉会由多数恶魔领域内的低等恶魔掉落，其中包括可用恶魔召唤仪式召出的事物。",
      "link_recipe": "true"
    }
  ]
}