{
  "name": "item.ars_nouveau.ritual_banishment",
  "icon": "ars_nouveau:ritual_banishment",
  "category": "arsomega:rituals",
  "pages": [
    {
      "type": "text",
      "text": "放逐仪式会击穿领域间的屏障，并将周围实体直接放逐至恶魔领域。此仪式是单向旅行，而且若不继续献祭物品，传送目标可能会难以离开那个维度（但并非不可能）。此仪式需要大约一分钟，且会消耗极大量魔源。"
    },
    {
      "type": "crafting",
      "recipe": "arsomega:ritual_banishment"
    }
  ]
}