{
  "name": "item.ars_nouveau.ritual_petrification",
  "icon": "ars_nouveau:ritual_petrification",
  "category": "arsomega:rituals",
  "pages": [
    {
      "type": "text",
      "text": "石化仪式会将周围所有实体转换为石头。需要好几分钟，且要消耗极大量的魔源。但在仪式完成之后，其效果便不再能被抵消，受害者将被无情地困在被化作雕像的身体内窒息而亡。"
    },
    {
      "type": "crafting",
      "recipe": "arsomega:ritual_petrification"
    }
  ]
}