{
    "name": "蓝点鲹" , 
    "icon": "untamedwilds:textures/icon/trevally/bluespotted.png" , 
    "category": "untamedwilds:trevally_category" , 
    "pages": [
        {
            "type": "text" , 
            "title": "蓝点鲹" , 
            "text": "鲹属是鲹科中热带至亚热带海洋鱼类的一个属，通常被称为jacks, trevallies和kingfish。$(br2)它们是中型到大型的深身鱼类，以特殊的鳃耙、鳍和牙齿特征区别于其他鲤鱼属。"
        } , 
        {
            "type": "entity" , 
            "entity": "untamedwilds:trevally{Variant: 1, Size: 1}" , 
            "text": ""
        } , 
        {
            "type": "text" , 
            "title": "蓝点鲹" , 
            "text": "相对大小：\u2605\u2605\u2606\u2606\u2606$(br2)始终活动$(br2)1种肤色$(br2)最喜欢的食物：untamedwilds:chum$(br2)种类数量：4$(br2)成长时间：6天"
        }
    ]
}