{
    "name": "无齿鲹" , 
    "icon": "untamedwilds:textures/icon/trevally/golden.png" , 
    "category": "untamedwilds:trevally_category" , 
    "pages": [
        {
            "type": "text" , 
            "title": "无齿鲹" , 
            "text": " 该物种主要栖息在珊瑚礁和沙质底质的近海水域。$(br2)已知其长达120厘米($(o)47英寸$())，重达15千克($(o)33磅$())。"
        } , 
        {
            "type": "entity" , 
            "entity": "untamedwilds:trevally{Variant: 3, Size: 1}" , 
            "text": ""
        } , 
        {
            "type": "text" , 
            "title": "无齿鲹" , 
            "text": "相对大小：\u2605\u2605\u2605\u2606\u2606$(br2)始终活动$(br2)1种肤色$(br2)最喜欢的食物：untamedwilds:chum$(br2)种类数量：4$(br2)成长时间：6天"
        }
    ]
}