{
    "name": "普通锯鳐" , 
    "icon": "untamedwilds:textures/icon/sawfish/large_tooth.png" , 
    "category": "untamedwilds:sawfish_category" , 
    "pages": [
        {
            "type": "text" , 
            "title": "普通锯鳐" , 
            "text": "普通锯鳐($(o)Pristis pristis, syn.$(br2)P. microdon and P. perotteti$())是锯鳐科锯鳐属的一个种。$(br2)它分布在世界各地的热带和亚热带沿海地区，但也会出现在淡水中。"
        } , 
        {
            "type": "entity" , 
            "entity": "untamedwilds:sawfish{Variant: 2, Size: 1}" , 
            "text": ""
        } , 
        {
            "type": "text" , 
            "title": "普通锯鳐" , 
            "text": "相对大小：\u2605\u2605\u2605\u2606\u2606$(br2)夜间活动$(br2)1种肤色$(br2)最喜欢的食物：untamedwilds:chum$(br2)种类数量：3$(br2)成长时间：无天数"
        }
    ]
}