{
    "name": "高级法术",
    "icon": "turtlemancy:turtlemancer_advanced_wand",
    "category": "turtlemancy:spells",
    "pages": [
        {
            "type": "spotlight",
            "title": "高级法术",
        	"item": "turtlemancy:turtlemancer_advanced_wand",
            "text": "高级海龟术士魔杖可以施展的所有法术的概要。$(br2)（此魔杖也可以施展基础和进阶法术）。"
        },
        {
            "type": "image",
            "title": "泡泡飘浮术 III",
        	"images":[ 
        			"turtlemancy:textures/book/bubble.png"
        	],
        	"border": true,
            "text": "存在时间更长。此外，它也会治疗更多血量。"
        },
        {
            "type": "image",
            "title": "自身泡泡飘浮术 III",
            "images":[ 
        			"turtlemancy:textures/book/self_bubble.png"
        	],
        	"border": true,
            "text": "你可以按 $(k:turtlemancy.selfbubble) 来使泡泡飘浮术 III 应用在你身上。"
        },
        {
            "type": "text",
            "title": "海龟防御术 III",
            "text": "潜行使用魔杖会获得$(thing)抗性提升 III$() 和$(thing)缓慢 I$() 作为代价。"
        },
        {
            "type": "spotlight",
            "title": "牛爆术",
        	"item": "minecraft:leather",
            "text": "对牛使用魔杖会使其爆炸。对。海龟也讨厌牛（不过不大于鸡）。为什么？我不知道。可能是因为他们是种族主义者，而且太大了，还会发出可怕的声音。使牛爆炸会获得很多皮革。"
        },
        {
            "type": "spotlight",
            "title": "移除常见的方块",
        	"item": "minecraft:cobblestone",
            "text": "对常见的方块使用魔杖会瞬间移除它们（不会掉落物品）。此法术作用于：$(li)任何石头方块$(li)闪长岩和安山岩$(li)圆石$(li)沙子和任何砂岩$(li)泥土$(li)下界岩$(li)末地石"
        },
        {
            "type": "spotlight",
            "title": "基岩破坏术",
        	"item": "turtlemancy:little_fragment_of_bedrock",
            "text": "海龟术士真的很强大。$(br2)海龟术士是如此强大，如果他们对基岩用尽所有力量，他们可以获取……$(br)它的小碎片。",
            "anchor": "bedrock_breaker"
        },
        {
            "type": "spotlight",
            "title": "冰拾取术",
        	"item": "minecraft:ice",
            "text": "对$(item)冰$()，$(item)浮冰$()或$(item)蓝冰$()使用魔杖会获得它们。"
        }
    ],
    "sortnum": 4
}