{
    "name": "邪门法术",
    "icon": "turtlemancy:dark_turtlemancer_wand",
    "category": "turtlemancy:spells",
    "pages": [
        {
            "type": "spotlight",
            "title": "邪门法术",
        	"item": "turtlemancy:dark_turtlemancer_wand",
            "text": "暗黑魔杖可以施展的所有法术的概要。$(br2)（此魔杖也可以施展基础法术，除了与泡泡相关的和海龟防御术）。"
        },
        {
            "type": "image",
            "title": "熔岩泡泡术 I",
        	"images":[ 
        			"turtlemancy:textures/book/lava_bubble.png"
        	],
        	"border": true,
            "text": "将你的目标拖拽至你身边。此外，也会治疗它。"
        },
        {
            "type": "image",
            "title": "自身熔岩泡泡术 I",
            "images":[ 
        			"turtlemancy:textures/book/self_lava_bubble.png"
        	],
        	"border": true,
            "text": "你可以按 $(k:turtlemancy.selfbubble) 来使你去往你所看的方向。"
        },
        {
            "type": "spotlight",
            "title": "商人爆炸术",
        	"item": "minecraft:emerald",
            "text": "没有什么比流浪商人更烦人的了。正派海龟术士对每个人都好……$(br)不像我们，一些坏蛋的邪门海龟术士……让他爆炸！免费的绿宝石！反正没有人想要他那无用的交易！让他爆炸！"
        },
        {
            "type": "text",
            "title": "邪恶防御术",
            "text": "潜行使用魔杖会获得$(thing)防火 II$() 和$(thing)缓慢 I$() 作为代价。"
        }
    ],
    "sortnum": 5
}