{
  "name": "粗核源铁矿簇",
  "sortnum": 0,
  "category": "justdirethings:resources",
  "icon": "justdirethings:raw_ferricore_ore",
  "pages": [
    {
      "type": "patchouli:text",
      "text": "原初浆凝胶吞噬铁块后，即会将其转化为粗核源铁矿簇。破坏矿簇会掉落粗核源铁，并进一步烧炼为$(l:justdirethings:res_ferricore)核源铁锭$(/l)。"
    },
    {
      "type": "patchouli:spotlight",
      "item": "justdirethings:raw_ferricore",
      "text": "破坏粗核源铁矿簇时会掉落粗核源铁"
    }
  ]
}
