{
  "name": "核源铁弓",
  "sortnum": 6,
  "category": "justdirethings:tools",
  "icon": "justdirethings:bow_ferricore",
  "pages": [
    {
      "type": "patchouli:text",
      "text": "核源铁弓，以坚韧的核源铁锻成，以其较高的耐久度强化了普通弓的能力，还可加装各式升级。$(br2)此弓的工具设置界面中有一个特殊的药水罐槽，可赋予箭矢多种药水效果。放入$(l:justdirethings:item_potion_canister)药水罐$(/l)即可。"
    },
    {
      "type": "patchouli:crafting",
      "recipe": "justdirethings:bow_ferricore",
      "text": "核源铁弓的配方"
    }
  ]
}
