{
	"name": "洞穴蜘蛛甲壳质",
	"category": "tools",
	"icon": "craftandhunt:spider_poison_chitin",
	"pages": [
		{
			"type": "spotlight",
			"item": "craftandhunt:spider_poison_chitin",
			"text": "由洞穴蜘蛛甲壳质或升级蜘蛛工具制成的耐用工具。被它击中的单位会中毒。"
		},
		{
			"type": "crafting",
			"recipe": "craftandhunt:spider_poison_sword",
			"recipe2": "craftandhunt:spider_poison_axe"
		},
		{
			"type": "crafting",
			"recipe": "craftandhunt:spider_poison_shovel",
			"recipe2": "craftandhunt:spider_poison_pickaxe"
		},
		{
			"type": "crafting",
			"recipe": "craftandhunt:spider_poison_hoe"
		},
		{
			"type": "smithing",
			"recipe": "craftandhunt:spider_upgraded_to_spider_poison_axe",
			"recipe2": "craftandhunt:spider_upgraded_to_spider_poison_hoe"
		},
		{
			"type": "smithing",
			"recipe": "craftandhunt:spider_upgraded_to_spider_poison_pickaxe",
			"recipe2": "craftandhunt:spider_upgraded_to_spider_poison_shovel"
		},
		{
			"type": "smithing",
			"recipe": "craftandhunt:spider_upgraded_to_spider_poison_sword"
		}
	]
}



