{
	"name": "发酵蜘蛛眼",
	"category": "tools",
	"icon": "craftandhunt:spider_fermented_chitin",
	"pages": [
		{
			"type": "spotlight",
			"item": "craftandhunt:spider_fermented_chitin",
			"text": "由发酵的蜘蛛甲壳质或升级蜘蛛工具制成的耐用工具。受击者会受到虚弱效果。"
		},
		{
			"type": "crafting",
			"recipe": "craftandhunt:spider_fermented_sword",
			"recipe2": "craftandhunt:spider_fermented_axe"
		},
		{
			"type": "crafting",
			"recipe": "craftandhunt:spider_fermented_shovel",
			"recipe2": "craftandhunt:spider_fermented_pickaxe"
		},
		{
			"type": "crafting",
			"recipe": "craftandhunt:spider_fermented_hoe"
		},
		{
			"type": "smithing",
			"recipe": "craftandhunt:spider_upgraded_to_spider_fermented_axe",
			"recipe2": "craftandhunt:spider_upgraded_to_spider_fermented_hoe"
		},
		{
			"type": "smithing",
			"recipe": "craftandhunt:spider_upgraded_to_spider_fermented_pickaxe",
			"recipe2": "craftandhunt:spider_upgraded_to_spider_fermented_shovel"
		},
		{
			"type": "smithing",
			"recipe": "craftandhunt:spider_upgraded_to_spider_fermented_sword"
		}
	]
}



