{
	"name": "潜影壳",
	"category": "tools",
	"icon": "minecraft:shulker_shell",
	"pages": [
		{
			"type": "spotlight",
			"item": "minecraft:shulker_shell",
			"text": "坚硬的壳被熟练地制作成工具。这些工具可以使那些被它击中的生物悬浮起来。"
		},
		{
			"type": "crafting",
			"recipe": "craftandhunt:shulker_sword"
		},
		{
			"type": "crafting",
			"recipe": "craftandhunt:shulker_axe"
		},
		{
			"type": "crafting",
			"recipe": "craftandhunt:shulker_shovel"
		},
		{
			"type": "crafting",
			"recipe": "craftandhunt:shulker_pickaxe"
		},
		{
			"type": "crafting",
			"recipe": "craftandhunt:shulker_hoe"
		}
	]
}