{
	"name": "岩浆玻璃",
	"category": "tools",
	"icon": "craftandhunt:blaze_glass",
	"pages": [
		{
			"type": "spotlight",
			"item": "craftandhunt:blaze_glass",
			"text": "由岩浆膏制成的特殊玻璃。当被锻造成工具时，能使受击者燃烧。"
		},
		{
			"type": "crafting",
			"recipe": "craftandhunt:blaze_sword"
		},
		{
			"type": "crafting",
			"recipe": "craftandhunt:blaze_axe"
		},
		{
			"type": "crafting",
			"recipe": "craftandhunt:blaze_shovel"
		},
		{
			"type": "crafting",
			"recipe": "craftandhunt:blaze_pickaxe"
		},
		{
			"type": "crafting",
			"recipe": "craftandhunt:blaze_hoe"
		}
	]
}