{
	"name": "蜘蛛甲壳质",
	"category": "tools",
	"icon": "craftandhunt:spider_chitin",
	"pages": [
		{
			"type": "spotlight",
			"item": "craftandhunt:spider_chitin",
			"text": "蜘蛛甲壳质是合适的工具材料。它虽然不是很好但也不差。它们的真正用途是不断地升级。"
		},
		{
			"type": "crafting",
			"recipe": "craftandhunt:spider_sword"
		},
		{
			"type": "crafting",
			"recipe": "craftandhunt:spider_axe"
		},
		{
			"type": "crafting",
			"recipe": "craftandhunt:spider_shovel"
		},
		{
			"type": "crafting",
			"recipe": "craftandhunt:spider_pickaxe"
		},
		{
			"type": "crafting",
			"recipe": "craftandhunt:spider_hoe"
		}
	]
}