{
  "name": "魔灵罐",
  "icon": "occultism:book_of_binding_bound_foliot",
  "category": "ars_nouveau:ars_ocultas",
  "pages": [
    {
      "type": "patchouli:text",
      "text": "神秘学的魔灵能在$(l:machines/mob_jar)收容罐$(/l)中工作。它们的行为一如往常，同时$(thing)不会灵髓衰退$()，非常适合自动化！$(br2)魔灵罐会自动捡起以自身为中心7x7范围内符合过滤标准的任意物品（例如，碎矿者魔灵会自行捡起它能处理的所有矿石）。"
    },
    {
      "type": "patchouli:text",
      "text": "也可用漏斗和星宝石兽将物品送入收容罐（管道也应该没问题！）。玩家也可直接用物品直接右击收容罐。$(br2)罐中魔灵的行为不会改变，也即$(thing)碎矿者魔灵$()会自动处理并向某一方向弹出产物。"
    },
    {
      "type": "patchouli:spotlight",
      "item": {
        "item": "occultism:brush"
      },
      "title": "清洁工魔灵",
      "text": "罐中的清洁工魔灵有一独特的性质。它们会尝试捡起周围的物品，并放入收容罐正上方的容器。自动化也因此变得非常简单了！"
    }
  ]
}