{
    "name": "大帛斑蝶" , 
    "icon": "untamedwilds:textures/icon/butterfly/kite.png" , 
    "category": "untamedwilds:butterfly_category" , 
    "pages": [
        {
            "type": "text" , 
            "title": "大帛斑蝶" , 
            "text": "它们的翼展为12到14厘米。$(br2)大帛斑蝶原产于东南亚，但也可以在澳大利亚北部和台湾南部找到。"
        } , 
        {
            "type": "entity" , 
            "entity": "untamedwilds:butterfly{Variant: 7, Size: 1}" , 
            "text": ""
        } , 
        {
            "type": "text" , 
            "title": "大帛斑蝶" , 
            "text": "相对大小：\u2605\u2605\u2606\u2606\u2606$(br2)始终活动$(br2)1种肤色$(br2)最喜欢的食物：minecraft:dandelion$(br2)种类数量：4$(br2)成长时间：无天数"
        }
    ]
}