{
  "index": {"id": "root", "icon": "neepmeat:meat_steel_ingot", "text": "root","entries": [
    {"type": "page", "id": "intro", "icon": "neepmeat:meat_steel_ingot", "text": "介绍"},
    {"type": "article", "id": "fluids", "icon": "neepmeat:ethereal_fuel_bucket", "text": "能量传输"},
    {"type": "menu", "id": "getting_started", "icon": "neepmeat:motor_unit", "text": "入门", "entries": [
      {"type": "page", "id": "integrator", "icon": "neepmeat:integrator_egg", "text": "融变生物机", "lookup": ["neepmeat:integrator_egg", "neepmeat:advanced_integrator"]},
      {"type": "page", "id": "mining_tools", "icon": "neepmeat:iron_rotary_drill_head", "text": "挖掘工具", "lookup": ["neepmeat:drill_chassis"]},
      {"type": "page", "id": "verrucous_rocks", "icon": "neepmeat:verrucous_stone", "text": "疣斑石", "lookup": ["neepmeat:verrucous_stone", "neepmeat:verrucous_stone_port"]},
      {"type": "page", "id": "brains", "icon": "neepmeat:brain_rough", "text": "大脑", "lookup": "neepmeat:brain_rough"},
      {"type": "page", "id": "meat", "icon": "neepmeat:raw_meat_brick", "text": "肉", "lookup": ["neepmeat:raw_meat_brick"]},
      {"type": "page", "id": "blood", "icon": "neepmeat:blood_bucket", "text": "血液", "lookup": ["neepmeat:blood_bucket", "neepmeat:sacrificial_dagger"]},
      {"type": "page", "id": "enlightening", "icon": "neepmeat:pedestal", "text": "启智", "lookup": ["neepmeat:pedestal"]},
      {"type": "page", "id": "charnel_compactor", "icon": "neepmeat:charnel_compactor", "text": "积骸压缩桶", "lookup": "neepmeat:charnel_compactor"}
    ]},
    {"type": "menu", "id": "power", "icon": "neepmeat:motor_unit", "text": "供能", "entries": [
      {"type": "page", "id": "fluids", "icon": "neepmeat:ethereal_fuel_bucket", "text": "高能流体", "lookup": "neepmeat:ethereal_fuel_bucket"},
      {"type": "page", "id": "verrucous_rocks", "icon": "neepmeat:verrucous_stone", "text": "疣斑石", "lookup": ["neepmeat:verrucous_stone", "neepmeat:verrucous_stone_port"]},
      {"type": "page", "id": "fuel_transducer", "icon": "neepmeat:transducer", "text": "换能套管", "lookup": "neepmeat:transducer"},
      {"type": "page", "id": "power_flower", "icon": "neepmeat:power_flower_growth", "text": "能量花", "lookup": ["neepmeat:power_flower_seeds", "neepmeat:power_flower_growth", "neepmeat:power_flower_controller", "neepmeat:power_flower_fluid_port"]},
      {"type": "page", "id": "heart_machine", "icon": "neepmeat:fluid_exciter", "text": "心脏机", "lookup": "neepmeat:fluid_exciter"}
      ]},
    {"type": "menu", "id": "farming", "icon": "neepmeat:motor_unit", "text": "农业", "entries": [
      {"type": "page", "id": "gland_potato", "icon": "neepmeat:flesh_potato", "text": "腺体马铃薯", "lookup": "neepmeat:gland_potato"},
      {"type": "page", "id": "whisper_wheat", "icon": "neepmeat:whisper_wheat", "text": "呢喃小麦", "lookup": ["neepmeat:whisper_wheat", "neepmeat:whisper_wheat_seeds", "neepmeat:whisper_flour", "neepmeat:whisper_bread"]},
      {"type": "page", "id": "blood_bubble_tree", "icon": "neepmeat:blood_bubble_sapling", "text": "血疱树", "lookup": ["neepmeat:blood_bubble_sapling", "neepmeat:blood_bubble"]},
      {"type": "page", "id": "feeding_trough", "icon": "neepmeat:feeding_trough", "text": "饲料槽", "lookup": ["neepmeat:feeding_trough", "neepmeat:animal_feed_bucket"]}
    ]},
    {"type": "menu", "id": "rotary_machines", "icon": "neepmeat:motor_unit", "text": "回转式机器", "entries": [
        {"type": "page", "id": "mixer", "icon": "neepmeat:mixer", "text": "混合机", "lookup": "neepmeat:mixer"},
        {"type": "page", "id": "trommel", "icon": "neepmeat:small_trommel", "text": "滚筒筛", "lookup": "neepmeat:small_trommel"},
        {"type": "page", "id": "motor", "icon": "neepmeat:motor_unit", "text": "发动机", "lookup": "neepmeat:motor_unit"},
        {"type": "page", "id": "advanced_motor", "icon": "neepmeat:advanced_motor", "text": "高级发动机", "lookup": "neepmeat:advanced_motor"},
        {"type": "page", "id": "stirling_engine", "icon": "neepmeat:stirling_engine", "text": "斯特林引擎", "lookup": "neepmeat:stirling_engine"},
        {"type": "page", "id": "grinder", "icon": "neepmeat:grinder", "text": "粉碎机", "lookup": "neepmeat:grinder"},
        {"type": "page", "id": "bottler", "icon": "neepmeat:bottler", "text": "灌装机", "lookup": "neepmeat:bottler"},
        {"type": "page", "id": "item_mincer", "icon": "neepmeat:item_mincer", "text": "物品绞碎机", "lookup": "neepmeat:item_mincer"},
        {"type": "page", "id": "large_mincer", "icon": "neepmeat:mincer", "text": "绞碎机", "lookup": "neepmeat:mincer"},
        {"type": "page", "id": "pylon", "icon": "neepmeat:pylon", "text": "启智尖塔", "lookup": "neepmeat:pylon"}
    ]},
    {"type": "menu", "id": "fluid_machines", "icon": "neepmeat:motor_unit", "text": "脉管供能机器", "entries": [
      {"type": "page", "id": "heater", "icon": "neepmeat:heater", "text": "加热器", "lookup": "neepmeat:heater"},
      {"type": "page", "id": "phage_ray", "icon": "neepmeat:phage_ray", "text": "吞噬射线炮", "lookup": "neepmeat:phage_ray"}
    ]},
    {"type": "menu", "id": "living_machines_menu", "icon": "neepmeat:living_machine_controller", "text": "活体机器", "entries": [
      {"type": "page", "id": "living_machines", "icon": "neepmeat:living_machine_controller", "text": "活体机器",
        "lookup":
        ["neepmeat:living_machine_controller", "neepmeat:machine_block", "neepmeat:base_machine_block", "neepmeat:meat_steel_machine_block", "neepmeat:meat_steel_machine_block_2", "neepmeat:skin_machine_block"]},
      {"type": "page", "id": "phage_ray", "icon": "neepmeat:phage_ray", "text": "吞噬射线炮", "lookup": "neepmeat:phage_ray"},
      {"type": "page", "id": "large_crusher", "icon": "neepmeat:crusher_segment", "text": "大型粉碎机", "lookup": ["neepmeat:crusher_segment", "neepmeat:lucky_one"]},
      {"type": "page", "id": "large_trommel", "icon": "neepmeat:large_trommel", "text": "大型滚筒筛", "lookup": "neepmeat:large_trommel"},
      {"type": "page", "id": "metaboliser", "icon": "neepmeat:metaboliser_segment", "text": "代谢机"},
      {"type": "page", "id": "tree_vacuum", "icon": "neepmeat:tree_vacuum", "text": "真空吸树机", "lookup": "neepmeat:tree_vacuum"},
      {"type": "page", "id": "charnel_pump", "icon": "neepmeat:charnel_pump", "text": "积骸泵", "lookup": "neepmeat:charnel_pump"},
      {"type": "page", "id": "large_compressor", "icon": "neepmeat:large_compressor", "text": "大型压缩机", "lookup": "neepmeat:large_compressor"},
      {"type": "page", "id": "ball_mill", "icon": "neepmeat:ball_mill", "text": "球磨机" },
      {"type": "page", "id": "distributor_receiver", "icon": "neepmeat:distributor_point", "text": "派送接收机"}
    ]},
    {"type": "menu", "id": "plc", "icon": "neepmeat:plc", "text": "PLC与制造加工", "entries": [
      {"type": "page", "id": "plc", "icon": "neepmeat:plc", "text": "PLC", "lookup": ["neepmeat:plc", "neepmeat:executor"]},
      {"type": "menu", "id": "thord_menu", "icon": "neepmeat:plc", "text": "THORD语言", "entries": [
        {"type": "page", "id": "thord_words", "icon": "neepmeat:plc", "text": "THORD词参考文档"},
        {"type": "page", "id": "thord_stack", "icon": "neepmeat:plc", "text": "栈操作"},
        {"type": "page", "id": "thord", "icon": "neepmeat:plc", "text": "THORD"},
        {"type": "page", "id": "word_definition", "icon": "neepmeat:plc", "text": "词的定义"},
        {"type": "page", "id": "thord_constructs", "icon": "neepmeat:plc", "text": "流程控制结构"},
        {"type": "page", "id": "thord_variables", "icon": "neepmeat:plc", "text": "变量"},
        {"type": "page", "id": "thord_booleans", "icon": "neepmeat:plc", "text": "布尔值"},
        {"type": "page", "id": "thord_strings", "icon": "neepmeat:plc", "text": "字符串"},
        {"type": "page", "id": "thord_macros", "icon": "neepmeat:plc", "text": "THORD宏"},
        {"type": "page", "id": "thord_examples", "icon": "neepmeat:plc", "text": "THORD代码示例"}
      ]},
      {"type": "menu", "id": "neepasm_menu", "icon": "neepmeat:plc", "text": "NEEPASM语言", "entries": [
        {"type": "page", "id": "neepasm", "icon": "neepmeat:plc", "text": "NEEPASM"},
        {"type": "page", "id": "stack", "icon": "neepmeat:plc", "text": "栈操作"},
        {"type": "page", "id": "labels", "icon": "neepmeat:plc", "text": "标签与分支"},
        {"type": "page", "id": "functions", "icon": "neepmeat:plc", "text": "函数与别名"},
        {"type": "page", "id": "macros", "icon": "neepmeat:plc", "text": "宏"},
        {"type": "page", "id": "memory", "icon": "neepmeat:plc", "text": "内存"},
        {"type": "page", "id": "interrupts", "icon": "neepmeat:plc", "text": "中断"}
      ]},
      {"type": "page", "id": "plc_instructions", "icon": "neepmeat:plc", "text": "指令"},
      {"type": "page", "id": "plc_workbenches", "icon": "neepmeat:surgery_platform", "text": "PLC工作站"},
      {"type": "page", "id": "implanter", "icon": "neepmeat:implanter", "text": "植入器", "lookup": ["neepmeat:implanter"]},
      {"type": "page", "id": "actuators", "icon": "neepmeat:robotic_arm", "text": "操作机构"},
      {"type": "page", "id": "implants", "icon": "neepmeat:pineal_eye", "text": "植入物", "lookup": ["neepmeat:upgrade_manager", "neepmeat:pineal_eye", "neepmeat:extra_mouth", "neepmeat:extra_knees", "neepmeat:lung_extensions"]},
      {"type": "page", "id": "tool_organism", "icon": "neepmeat:living_tool_implant", "text": "工具生物体"}
    ]},
    {"type": "menu", "id": "neepbus", "icon": "neepmeat:data_cable", "text": "NEEP总线", "entries": [
      {"type": "page", "id": "neepbus", "icon": "neepmeat:data_cable", "text": "NEEP总线", "lookup": ["neepmeat:data_cable"] },
      {"type": "page", "id": "networking_tool", "icon": "neepmeat:networking_tool", "text": "网络工具", "lookup": ["neepmeat:networking_tool"] },
      {"type": "page", "id": "pid_controller", "icon": "neepmeat:pid_controller", "text": "PID控制器", "lookup": ["neepmeat:pid_controller"] },
      {"type": "page", "id": "plc_neepbus_interface", "icon": "neepmeat:plc_neepbus_interface", "text": "PLC NEEP总线接口", "lookup": ["neepmeat:plc_neepbus_interface"] },
      {"type": "page", "id": "automatic_mouth", "icon": "neepmeat:mouth", "text": "自动口舌"}
    ]},
    {"type": "menu", "id": "ore_processing", "icon": "neepmeat:motor_unit", "text": "矿石的处理", "entries": [
      {"type": "page", "id": "eldritch_enzymes", "icon": "neepmeat:eldritch_enzymes_bucket", "text": "怪异酶液", "lookup": "neepmeat:eldritch_enzymes_bucket"},
      {"type": "page", "id": "rendering_basin", "icon": "neepmeat:crucible", "text": "熬脂盆"},
      {"type": "page", "id": "trommel", "icon": "neepmeat:small_trommel", "text": "滚筒筛", "lookup": ["neepmeat:small_trommel", "neepmeat:large_trommel"]},
      {"type": "page", "id": "collector", "icon": "neepmeat:collector", "text": "脂肪收集器", "lookup": "neepmeat:collector"},
      {"type": "page", "id": "ball_mill", "icon": "neepmeat:ball_mill", "text": "球磨机" },
      {"type": "page", "id": "press", "icon": "neepmeat:hydraulic_press", "text": "液压机", "lookup": "neepmeat:hydraulic_press"},
      {"type": "page", "id": "charnel_pump", "icon": "neepmeat:charnel_pump", "text": "积骸泵", "lookup": "neepmeat:charnel_pump"}
    ]},
    {"type": "menu", "id": "meat_processing", "icon": "neepmeat:raw_meat_brick", "text": "肉的处理", "entries": [
      {"type": "page", "id": "meat", "icon": "neepmeat:raw_meat_brick", "text": "肉"},
      {"type": "page", "id": "large_mincer", "icon": "neepmeat:mincer", "text": "绞碎机"},
      {"type": "page", "id": "trommel", "icon": "neepmeat:small_trommel", "text": "滚筒筛"},
      {"type": "page", "id": "item_mincer", "icon": "neepmeat:item_mincer", "text": "物品绞碎机", "lookup": "neepmeat:item_mincer"}
    ]},
    {"type": "menu", "id": "fluid_transport", "icon": "neepmeat:motor_unit", "text": "流体运输", "entries": [
      {"type": "page", "id": "fluid_pipe", "icon": "neepmeat:fluid_pipe", "text": "流体管道", "lookup": "neepmeat:fluid_pipe"},
      {"type": "page", "id": "valves", "icon": "neepmeat:check_valve", "text": "阀门", "lookup": ["neepmeat:fluid_pipe", "neepmeat:check_valve", "neepmeat:stop_valve", "neepmeat:limiter_valve"]},
      {"type": "page", "id": "flex_tank", "icon": "neepmeat:flex_tank", "text": "变容储罐", "lookup": ["neepmeat:flex_tank", "neepmeat:advanced_flex_tank"]},
      {"type": "page", "id": "fluid_drain", "icon": "neepmeat:fluid_drain", "text": "流体漏集池", "lookup": "neepmeat_fluid_drain"},
      {"type": "page", "id": "fluid_interface", "icon": "neepmeat:fluid_interface", "text": "流体接口", "lookup": "neepmeat:fluid_interface"},
      {"type": "page", "id": "fluid_rationer", "icon": "neepmeat:fluid_rationer", "text": "流体配给器", "lookup": "neepmeat:fluid_rationer"}
    ]},
    {"type": "menu", "id": "item_transport", "icon": "neepmeat:item_pipe", "text": "物品运输", "entries": [
      {"type": "page", "id": "item_pipe", "icon": "neepmeat:item_pipe", "text": "物品管道", "lookup": ["neepmeat:item_pipe", "neepmeat:merge_item_pipe"]},
      {"type": "page", "id": "ejector", "icon": "neepmeat:ejector", "text": "物品提取", "lookup": ["neepmeat:ejector", "neepmeat:item_pump"]},
      {"type": "page", "id": "router", "icon": "neepmeat:router", "text": "物品路由器", "lookup": "neepmeat:router"},
      {"type": "page", "id": "dumper", "icon": "neepmeat:dumper", "text": "智能卸料器", "lookup": "neepmeat:dumper"}
    ]},
    {"type": "menu", "id": "misc", "icon": "neepmeat:essential_saltes", "text": "杂项", "entries": [
      {"type": "page", "id": "cloning", "icon": "neepmeat:essential_saltes", "text": "克隆", "lookup": "neepmeat:essential_saltes"},
      {"type": "page", "id": "synthesiser", "icon": "neepmeat:synthesiser", "text": "精卵合成机", "lookup": "neepmeat:synthesiser"},
      {"type": "page", "id": "airtruck", "icon": "meatweapons:airtruck", "text": "空中货车", "lookup": "meatweapons:airtruck"}
    ]},
    {"type": "menu", "id": "tools", "icon": "neepmeat:pressure_washer", "text": "工具", "entries": [
      {"type": "page", "id": "assault_drill", "icon": "meatweapons:assault_drill", "text": "突击钻", "lookup": "meatweapons:assault_drill"},
      {"type": "page", "id": "pressure_washer", "icon": "neepmeat:pressure_washer", "text": "高压清洗器"}
    ]}
  ]}
}
