{
  "name": "狮鹫",
  "icon": "mythicmounts:textures/gui/book/dash.png",
  "category": "mythicmounts:creatures",
  "read_by_default": true,
  "pages": [
    {
      "type": "patchouli:text",
      "text": "它是一种长着鹰的翅膀和头、狮的身体的野兽，与智慧和力量紧密相连。$(br2)狮鹫代表着对天空和大地的掌控，长期以来一直是勇敢和高贵的象征。$(br2)人们经常看到它们站在寒冷的山顶上，在那里它们展翅翱翔。"
    },
    {
      "type": "patchouli:entity",
      "entity": "mythicmounts:griffon",
      "title": "狮鹫",
      "text": "$(br)一只狮鹫。",
      "scale": 0.55,
      "offset": 0.45,
      "rotate": true,
      "border": true
    },
    {
      "type": "mythicmounts:server_page",
      "page_title": "栖息地",
      "entity_id": "mythicmounts:griffon"
    },
    {
      "type": "mythicmounts:server_page",
      "page_title": "驯服物品",
      "entity_id": "mythicmounts:griffon"
    },
    {
      "type": "mythicmounts:server_page",
      "page_title": "食物",
      "entity_id": "mythicmounts:griffon"
    },
    {
      "type": "mythicmounts:server_page",
      "page_title": "繁殖物品",
      "entity_id": "mythicmounts:griffon"
    },
    {
      "type": "mythicmounts:server_page",
      "page_title": "基本状态",
      "entity_id": "mythicmounts:griffon"
    }
  ]
}