{
  "name": "火焰鸟",
  "icon": "mythicmounts:textures/gui/book/dash.png",
  "category": "mythicmounts:creatures",
  "read_by_default": true,
  "pages": [
    {
      "type": "patchouli:text",
      "text": "它是一种羽毛光彩夺目的奇禽，被人们普遍认为是健康、幸福和好运的预兆。$(br2)据说，即使是这种生物的一根羽毛，也能用它的光辉照亮一个巨大的空间。$(br2)那些试图用武力征服火焰鸟的人结局会很惨。"
    },
    {
      "type": "patchouli:entity",
      "entity": "mythicmounts:firebird",
      "title": "火焰鸟",
      "text": "$(o)作者提醒：特别感谢$(l)@Le flémmard$()$(o)，是他第一次向我转述这种生物的故事！",
      "scale": 0.4,
      "offset": 0.25,
      "rotate": true,
      "border": true
    },
    {
      "type": "mythicmounts:server_page",
      "page_title": "栖息地",
      "entity_id": "mythicmounts:firebird"
    },
    {
      "type": "mythicmounts:server_page",
      "page_title": "驯服物品",
      "entity_id": "mythicmounts:firebird"
    },
    {
      "type": "mythicmounts:server_page",
      "page_title": "食物",
      "entity_id": "mythicmounts:firebird"
    },
    {
      "type": "mythicmounts:server_page",
      "page_title": "繁殖物品",
      "entity_id": "mythicmounts:firebird"
    },
    {
      "type": "mythicmounts:server_page",
      "page_title": "基本状态",
      "entity_id": "mythicmounts:firebird"
    }
  ]
}