{
  "name": "瓶中魔法",
  "icon": "minecraft:glass_bottle",
  "category": "reactive:objects_of_study",
  "advancement": "reactive:make_crucible",
  "priority": true,
  "pages": [
    {
      "type": "patchouli:text",
      "text": "$(o)大多数能量都能被存入物品。你可能觉得$(4)把溶液装进瓶子里就行$(0)，但是⸺推荐先自行尝试，问题显而易见。$(br2)你还能想到可制造瓶子的$(4)其他材料$(0)吗？"
    },
    {
      "type": "patchouli:text",
      "text": "$(o)如果在用瓶子从坩埚中抽出能量上遇到困难，可以回忆一下从炼药锅中取水的过程。两者的操作是一样的。$(p)Shift右击就可以将能量放回坩埚了。"
    }
  ],
  "extra_recipe_mappings": {
    "reactive:acid_bottle": 0,
    "reactive:body_bottle": 0,
    "reactive:blaze_bottle": 0,
    "reactive:mind_bottle": 0,
    "reactive:soul_bottle": 0,
    "reactive:warp_bottle": 0,
    "reactive:verdant_bottle": 0,
    "reactive:light_bottle": 0
  }
}