{
    "name": "袋装的咖啡粉",
    "icon": "coffeecraft:bag_coffee_powder",
    "category": "coffeecraft:decoration",
    "pages": [
        {
            "type": "patchouli:text",
            "text": "咖啡粉袋一次性可储存大量咖啡。这既可用于运输，也可用于室内装饰。"
        },
        {
            "type": "patchouli:crafting",
            "recipe": "coffeecraft:bag_coffee_powder_craft",
            "recipe2": "coffeecraft:bag_coffee_powder_craft_2"
        }
    ]
}