{
    "name": "土豚" , 
    "icon": "untamedwilds:textures/icon/aardvark/common.png" , 
    "category": "untamedwilds:aardvark_category" ,
    "pages": [
        {
            "type": "text" , 
            "title": "土豚" , 
            "text": "土豚($(o) ARD-vark; Orycteropus afer$())是一种源产地为非洲的中体型，穴居、夜间活动的哺乳动物。$(br2)它是管齿目中唯一现存的物种，尽管管齿目中其他史前物种和属是已知的。"
        } , 
        {
            "type": "entity" , 
            "entity": "untamedwilds:aardvark{Variant: 0, Size: 1}" , 
            "text": ""
        } , 
        {
            "type": "text" , 
            "title": "Aardvark" , 
            "text": "相对大小：\u2605\u2605\u2605\u2606\u2606$(br2)夜间活动$(br2)3种肤色$(br2)最喜欢的食物：untamedwilds:aardvark_cucumber$(br2)种类数量：1$(br2)成长时间：6天"
        }
    ]
}