{
    "name": "大眼砂锥齿鲨" , 
    "icon": "untamedwilds:textures/icon/shark/bigeye.png" , 
    "category": "untamedwilds:shark_category" , 
    "pages": [
        {
            "type": "text" , 
            "title": "大眼砂锥齿鲨" , 
            "text": "大眼砂锥齿鲨($(o)Odontaspis noronhai$())是锥齿鲨科中极为罕见的一种鲨鱼，有可能世界各地都有分布。"
        } , 
        {
            "type": "entity" , 
            "entity": "untamedwilds:shark{Variant: 0, Size: 1}" , 
            "text": ""
        } , 
        {
            "type": "text" , 
            "title": "大眼砂锥齿鲨" , 
            "text": "相对大小：\u2605\u2605\u2606\u2606\u2606$(br2)始终活动$(br2)1种肤色$(br2)最喜欢的食物：untamedwilds:chum$(br2)种类数量：3$(br2)成长时间：7天"
        }
    ]
}