{
    "name": "灰六鳃鲨" , 
    "icon": "untamedwilds:textures/icon/shark/bluntnose.png" , 
    "category": "untamedwilds:shark_category" , 
    "pages": [
        {
            "type": "text" , 
            "title": "灰六鳃鲨" , 
            "text": "灰六鳃鲨($(o)Hexanchus griseus$())，通常被简称为牛鲨，是最大的六鳃鲨，体长可达20英尺($(o)6.1米$())。$(br2)它分布在世界各地的热带和温带水域，其饮食因地区而异。"
        } , 
        {
            "type": "entity" , 
            "entity": "untamedwilds:shark{Variant: 1, Size: 1}" , 
            "text": ""
        } , 
        {
            "type": "text" , 
            "title": "灰六鳃鲨" , 
            "text": "相对大小：\u2605\u2605\u2605\u2605\u2606$(br2)始终活动$(br2)1种肤色$(br2)最喜欢的食物：untamedwilds:chum$(br2)种类数量：3$(br2)成长时间：7天"
        }
    ]
}