{
    "name": "咖啡树",
    "icon": "coffeecraft:coffee_plant_stage_1",
    "category": "coffeecraft:crops",
    "pages": [
        {
            "type": "patchouli:text",
            "text": "野生的咖啡树生长在丛林生物群系中。好事多磨⸺它们很难找到。但如果找到了，你肯定可以肯定该地区还有其它的咖啡树。"
        },
        {
            "type": "patchouli:image",
            "images": ["coffeecraft:textures/screens/coffeeplant.png"],
            "border": true
        }
    ]
}