{
  "name": "遗传学概览",
  "icon": "complicated_bees:drone",
  "category": "complicated_bees:genetics",
  "advancement": "complicated_bees:recipes/misc/analyzer",
  "priority": true,
  "pages": [
    {
      "type": "patchouli:text",
      "text": "蜜蜂有基因，这些基因控制着它们的所有性状⸺工作速度、环境偏好、环境适应性、特殊效果，等等。令不同品种的公主蜂和雄蜂杂交即可得到杂交种，偶尔还会产生突变种。"
    },
    {
      "type": "patchouli:image",
      "images": ["complicated_bees:textures/gui/patchouli/genetics/punnettsquare.png"],
      "border": true,
      "text": "庞纳特方格法，也称棋盘法，可助你直观理解杂交的各可能子代！",
      "title": "庞纳特方格法"
    },
    {
      "type": "patchouli:text",
      "text": "在前页例中，森林-平原混血公主蜂和森林-平原混血雄蜂有三种可能的子代：森林纯合子、森林-平原杂合子、平原纯合子。选中各个方格的概率相等；因此，在杂交的过程中，有 50% 的可能产出杂合子，25% 的可能产出森林纯合子，25% 的可能产出平原纯合子。"
    },
    {
      "type": "patchouli:text",
      "text": "蜜蜂身上的每个基因都会经历此过程。而为实际看到这些基因，需要借助$(l:complicated_bees:genetics/analyzer)分析仪$(/l)。"
    }
  ]
}
