{
  "name": "重复描述词",
  "icon": "minecraft:paper",
  "category": "scriptor:advanced",
  "pages": [
    {
      "type": "patchouli:text",
      "text": [
        "描述词是法术中最多变的部分。",
        "法术中各处都可以放入描述词，它们也都会以某种形式起效。",
        "$(br2)",
        "但某些描述词的效果并不会排斥其他效果。",
        "要是多次使用同一个描述词会怎样？"
      ]
    },
    {
      "type": "patchouli:text",
      "text": [
        "比如说两个消耗施法材料以减少消耗的描述词。",
        "这种情况下，效果就会简单地起效两次：",
        "$(br)",
        "消耗两个施法材料，法术消耗的减少量也变为两倍。",
        "$(br2)",
        "不过某些效果起效两次没有实际意义，就比如颜色描述词。",
        "要是向一个法术里放进好几个这种描述词又会怎样⋯⋯"
      ]
    }
  ]
}