{
    "name": "中华鳖" , 
    "icon": "untamedwilds:textures/icon/softshell_turtle/chinese.png" , 
    "category": "untamedwilds:softshell_turtle_category" , 
    "pages": [
        {
            "type": "text" , 
            "title": "中华鳖" , 
            "text": "中华鳖是第一个大规模爆发细菌性软壳病的鳖物种，这导致其生长缓慢，死亡率上升。$(br2)这不仅导致中华鳖数量的降低，而且给鳖养殖业造成了严重的经济损失。"
        } , 
        {
            "type": "entity" , 
            "entity": "untamedwilds:softshell_turtle{Variant: 1, Size: 1}" , 
            "text": ""
        } , 
        {
            "type": "text" , 
            "title": "中华鳖" , 
            "text": "相对大小：\u2605\u2605\u2606\u2606\u2606$(br2)始终活动$(br2)2种肤色$(br2)最喜欢的食物：minecraft:cod$(br2)种类数量：5$(br2)成长时间：6天"
        }
    ]
}