{
  "name": "有关此部分",
  "icon": "reactive:litmus_paper",
  "category": "reactive:reactions",
  "advancement": "reactive:make_crucible",
  "priority": true,
  "pages": [
    {
      "type": "patchouli:text",
      "text": "$(o)此部分旨在自动填充所发现的反应的信息。$(p)只需在反应发生时站在坩埚旁即可“发现”反应。"
    },
    {
      "type": "patchouli:text",
      "text": "$(o)每一条目都由两页组成。第一页描述反应的视觉特征和实际效果。第二页详细介绍产生反应的配方，但只会在你发现配方后显示。"
    }
  ]
}