{
    "name": "网纹蟒" , 
    "icon": "untamedwilds:textures/icon/large_snake/reticulated_python.png" , 
    "category": "untamedwilds:large_snake_category" ,
    "pages": [
        {
            "type": "text" , 
            "title": "网纹蟒" , 
            "text": "网纹蟒($(o)Malayopython reticulatus$())原产于南亚和东南亚。$(br2)它是世界上最长的蛇，由于其分布广泛，所以在《世界自然保护联盟红色名录》上被列为最不受关注的蛇。$(br2)它还是三种最重地蛇之一。"
        } , 
        {
            "type": "entity" , 
            "entity": "untamedwilds:large_snake{Variant: 1, Size: 1}" , 
            "text": ""
        } , 
        {
            "type": "text" , 
            "title": "网纹蟒" , 
            "text": "相对大小：\u2605\u2605\u2605\u2606\u2606$(br2)随机活动$(br2)1种肤色$(br2)最喜欢的食物：minecraft:porkchop$(br2)种类数量：4$(br2)成长时间：7天"
        }
    ]
}