{
  "name": "星灵合成",
  "icon": "minecraft:map",
  "category": "reactive:objects_of_study",
  "advancement": "reactive:harvest",
  "turnin": "reactive:see_astral_synthesis",
  "pages": [
    {
      "type": "patchouli:text",
      "text": "$(o)近期我一直在思考$(l:reactive:intro/curse)诅咒$(/l)造成的问题。$(p)如果说诅咒能同化所有其他能量，那么诅咒能量一旦出现，全世界最终都会毁于其手，甚至于毫无抵抗之力。但为何现实不是这样？$(p)也许这也算是一种可能性⋯⋯？"
    },
    {
      "type": "patchouli:text",
      "text": "$(o)就在我苦思冥想之时，我在我已故导师的书房中找到了一本古旧的$(item)附魔书$(0)，其上魔咒早已因时间而消散。$(p)书中的一页画着这副图："
    },
    {
      "type": "patchouli:image",
      "images": ["reactive:textures/gui/astral_diagram.png"]
    },
    {
      "type": "patchouli:text",
      "text": "$(o)这幅图中有一个三维的类棱锥体，中央部分标记为“BASE”，似乎代表着标准的$(thing)基础能量$(0)六边形交互环。$(p)而在其下方，写着“CURSE”这个词；两者之间的连线象征着炼金术中诅咒能量会吸引基础能量。"
    },
    {
      "type": "patchouli:text",
      "text": "$(o)但是，顶部还有一个标记为“ASTRAL”的点。这应当是第二种终极能量，是相对于诅咒的极正⋯⋯$(p)如果真有这么一种能量，也许就是它在世界诞生之时抵御了诅咒的影响。$(p)这种能量的合成方式仍是谜团。"
    },
    {
      "type": "patchouli:text",
      "text": "$(o)研究开始的第一步，应该是将基础能量融合为隐秘能量，但每一种隐秘能量仅代表着六种基础能量中的两种。$(p)隐秘能量当然有可能互相反应，但坩埚中必须同时存在所有三种隐秘能量才能验证这种说法是否为真。"
    },
    {
      "type": "patchouli:text",
      "text": "$(o)我从未尝试过组合它们是有原因的。$(p)根本不可能做到。$(p)就算坩埚的体积足够装下这些能量，也完全没有方法在$(thing)基础能量$(0)相互反应之前分离出多余能量。"
    },
    {
      "type": "patchouli:empty"
    },
    {
      "type": "patchouli:text",
      "text": "$(o)⋯⋯至少，我总结到的经验是这样。我心底里依然认为这种冒险行为完全有可能成功，但不管怎么样，我再也不会有机会尝试了。$(p)不是因为道阻且长，而是因为某些更烦人的事情：我不再拥有使用我已故导师工作室的许可了。"
    },
    {
      "type": "patchouli:text",
      "text": "$(o)虽然我的导师将他的知识和记录留给了我，他的实验室实际上依然是国王的资产。而国王又为了获得战争资金卖掉了这间实验室。我必须避免在正式书信中表明我对这一决定的意见。$(p)但没了工具，我能做的也只有书写了。"
    },
    {
      "type": "patchouli:text",
      "text": "$(o)面对如此谜团，在仅剩一步之处心有余而力不足，只能眼睁睁看着机会离我而去，而完全没有相应回报，实在是恼人至极。$(p)但我确信，在接下来的几个月里，这种担忧只会是我所有的担忧中最小的一份。"
    },
    {
      "type": "patchouli:empty",
      "draw_filler": "false"
    },
    {
      "type": "patchouli:empty",
      "draw_filler": "false"
    },
    {
      "type": "patchouli:text",
      "text": "$(o)$(playername)⋯⋯他们会解决的。这件事一定会被解决的，一定会的。$(p)我只需要保持信心。"
    }
  ]
}