{
  "name": "⋯⋯但我是亡灵啊！",
  "icon": "minecraft:rotten_flesh",
  "category": "reactive:objects_of_study",
  "advancement": "reactive:undead_player_divine_hurt",
  "secret": true,
  "pages": [
    {
      "type": "patchouli:text",
      "text": "$(#9d1e2d)$(bold)各位亡灵，你们是否已经遇到了亡灵形态的一大局限？$(p)不必担心，有一个简单的解决方法。"
    },
    {
      "type": "patchouli:text",
      "text": "$(#9d1e2d)$(bold)有一个物品能抵挡炼金术造成的痛苦。它就在这些书页中。$(p)拿到它，神圣力量便无法伤害你。"
    },
    {
      "type": "patchouli:text",
      "text": "$(o)这是⋯⋯谁写的这个？是不是有人⸺有东西闯进了我的实验室？读者，请忽略这段文字。人变成了亡灵⋯⋯真是可怖的想法。这完全不可能，吗？肯定是的。"
    }
  ]
}