{
    "name": "岩浆之心",
    "icon": "turtlemancy:magma_heart",
    "category": "turtlemancy:equipment",
    "pages": [
        {
            "type": "spotlight",
            "title": "岩浆之心",
        	"item": "turtlemancy:magma_heart",
            "text": "当$(#009432)海龟术士$()击杀一些生物时，此$(thing)饰品$()会使其恢复生命和饥饿值。$(item)岩浆之心$()可以通过进行$(l)$(l:turtlemancy:rituals/evil_rituals#ritual_of_the_magma_heart)岩浆仪式$()获得。"
        },
        {
            "type": "turtlemancy:dark_ritual_recipe",
            "recipe": "turtlemancy:magma_heart",
            "title": "岩浆仪式",
            "description": "此仪式会给予你$(l:turtlemancy:equipment/magma_heart)$(item)岩浆之心$()。",
            "link_recipe": true,
            "anchor": "ritual_of_the_magma_heart"
        }
    ]
}