{
  "name": "蒸汽轮机",
  "icon": "industrialrenewal:steam_turbine",
  "category": "industrialrenewal:large_machines_category",
  "pages": [
    {
      "type": "patchouli:text",
      "text": "一台利用蒸汽发电的大型机械。此机械将会产出水作为副产物。若蒸汽轮机中有水积聚将会减少50%的RF产出。"
    },
    {
      "type": "patchouli:text",
      "text": "蒸汽轮机只有在储气罐中的蒸汽不少于250mb时才会提高转速，只有在转速超过某个特定值时才会产出能量。"
    }
  ]
}