{
    "name": "岩浆龟",
    "icon": "turtlemancy:magma_turtle_egg",
    "category": "turtlemancy:getting_started",
    "pages": [
        {
            "type": "text",
            "text": "岩浆龟生活在下界。$(br2)它们会被$(item)绯红菌索$()和$(item)诡异菌索$()吸引，你可以使用这些物品繁殖它们（请记得：它们会把蛋放在下界岩上）。$(br2)当它们长大时就会掉落一片$(item)岩浆鳞甲$()。"
        },
        { 
        	"type": "entity",
        	"entity": "turtlemancy:magma_turtle",
        	"scale": 0.5,
        	"text": "$(turtlemancy)岩浆龟$()并不是敌对生物，但它们总是很生气。"
        }
    ],
    "priority": false
}