{
    "name": "涡轮机红石端口",
    "icon": "bigreactors:reinforced_turbineredstoneport",
    "category": "bigreactors:turbine-parts",
    "read_by_default": true,
    "sortnum": 8,
    "pages": [
        {
            "type": "patchouli:spotlight",
            "item": "bigreactors:reinforced_turbineredstoneport",
            "link_recipe": true,
            "title" : "涡轮机红石端口",
            "text": "涡轮机红石端口允许您使用红石自动化您的反应堆。$(br2)打开端口图形界面进行配置。然后，您可以在三个输入设置(侦测红石信号)和四个输出设置(发出红石信号)之间进行选择。"
        },
        {
            "type": "patchouli:text",
            "text": "$(bold)输入模式$()$(br2)当接收到红石信号时，执行以下操作之一$(br2)$(li)$(o)开/关：$()根据接收到的信号打开或关闭涡轮机$(li)$(o)感应线圈：$()连接或断开感应线圈$(li)$(o)流量：$()改变涡轮机内蒸汽的最大流量"
        },
        {
            "type": "patchouli:text",
            "text": "$(bold)输出设置$()$(br2)当满足下列条件之一时，发出红石信号$(br2)$(li)$(o)转子转速：$()涡轮转子的转速高于、低于或介于给定值之间$(li)$(o)冷却剂含量：$()涡轮机中的冷却剂含量高于、低于或介于给定值之间$(li)$(o)蒸汽含量：$()涡轮机中的蒸汽量高于、低于或介于给定值之间"
        },
        {
            "type": "patchouli:text",
            "text": "$(li)$(o)存储能量：$()存储在内部能量缓冲器中的能量高于、低于或介于给定值之间$(br2)你通常需要两个或以上的红石端口来完全自动化一个涡轮机。$(br2)对于更复杂的自动化，请查看$(l:bigreactors:turbine/part-computerport)计算机端口$(/l)。"
        },
        {
            "type": "bigreactors:crafting1x",
            "title1": "基础",
            "recipe1": "bigreactors:turbine/basic/redstoneport",
            "title2": "强化",
            "recipe2": "bigreactors:turbine/reinforced/redstoneport"
        },
        {
            "type": "bigreactors:part_usage"
        }
    ]
}
