{
    "name": "涡轮机转子轴承",
    "icon": "bigreactors:reinforced_turbinerotorbearing",
    "category": "bigreactors:turbine-parts",
    "read_by_default": true,
    "sortnum": 4,
    "pages": [
        {
            "type": "patchouli:spotlight",
            "item": "bigreactors:reinforced_turbinerotorbearing",
            "link_recipe": true,
            "title" : "涡轮机转子轴承",
            "text": "涡轮机转子轴承是您的涡轮机$(l:bigreactors:turbine/rotor)转子$(/l)的基础。$(br2)它必须放置在涡轮机的一个面上，通常是中心，它后面跟着一些$(l:bigreactors:turbine/part-rotorshaft)涡轮机转子转轴$(/l)。"
        },
        {
            "type": "bigreactors:crafting1x",
            "title1": "基础",
            "recipe1": "bigreactors:turbine/basic/bearing",
            "title2": "强化",
            "recipe2": "bigreactors:turbine/reinforced/bearing"
        },
        {
            "type": "bigreactors:part_usage"
        }
    ]
}