{
    "name": "涡轮机 FE 充电端口",
    "icon": "bigreactors:reinforced_turbinechargingportfe",
    "category": "bigreactors:turbine-parts",
    "read_by_default": true,
    "sortnum": 8,
    "pages": [
        {
            "type": "patchouli:spotlight",
            "item": "bigreactors:reinforced_turbinechargingportfe",
            "link_recipe": true,
            "title" : "涡轮机 FE 充电端口",
            "text": "涡轮机 FE 充电端口允许您使用储存在涡轮机中的能量来为使用 Forge $(l:bigreactors:misc/powersystem)能源系统$(/l)的物品充能。$(br2)打开端口的图形界面，将需要充能的物品放入中间的输入槽中。"
        },
        {
            "type": "patchouli:text",
            "text": "当物品充能完毕后，物品将自动转移到端口的输出槽供您收集。$(br2)如果出于任何原因需要停止充能，请按弹出按钮将物品转移至输出槽。"
        },
        {
            "type": "bigreactors:crafting1x",
            "title1": "基础",
            "recipe1": "bigreactors:turbine/basic/chargingfe",
            "title2": "强化",
            "recipe2": "bigreactors:turbine/reinforced/chargingfe"
        },
        {
            "type": "bigreactors:part_usage"
        }
    ]
}
