{
    "name": "创造模式涡轮机无限蒸汽",
    "icon": "bigreactors:reinforced_turbinecreativesteamgenerator",
    "category": "bigreactors:turbine-parts",
    "read_by_default": true,
    "sortnum": 10,
    "pages": [
        {
            "type": "patchouli:spotlight",
            "item": "bigreactors:reinforced_turbinecreativesteamgenerator",
            "link_recipe": true,
            "title" : "创造模式涡轮机无限蒸汽",
            "text": "创造模式涡轮机无限蒸汽是一个创造模式专属方块，可以为涡轮机提供恒定的蒸汽源。$(br2)当涡轮机正在运行时，该部件将自动提供尽可能多的蒸汽以注满蒸汽储罐。"
        },
        {
            "type": "bigreactors:part_usage"
        }
    ]
}