{
    "name": "野双峰驼" , 
    "icon": "untamedwilds:textures/icon/camel/wild_bactrian.png" , 
    "category": "untamedwilds:camel_category" ,
    "pages": [
        {
            "type": "text" , 
            "title": "野双峰驼" , 
            "text": "野双峰驼($(o)Camelus ferus$())是一种极度濒危的动物，生活在中国西北部和蒙古西南部的部分地区。$(br2)它与双峰骆驼($(o)Camelus bactrianus)有密切的关系。"
        } , 
        {
            "type": "entity" , 
            "entity": "untamedwilds:camel{Variant: 2, Size: 1}" , 
            "text": ""
        } , 
        {
            "type": "text" , 
            "title": "野双峰驼" , 
            "text": "相对大小：\u2605\u2605\u2605\u2606\u2606$(br2)日间活动$(br2)1种肤色$(br2)最喜欢的食物：minecraft:cactus$(br2)种类数量：1$(br2)成长时间：13天"
        }
    ]
}