{
    "name": "缘板鳖" , 
    "icon": "untamedwilds:textures/icon/softshell_turtle/flapshell.png" , 
    "category": "untamedwilds:softshell_turtle_category" , 
    "pages": [
        {
            "type": "text" , 
            "title": "缘板鳖" , 
            "text": "缘板鳖($(o)Lissemys punctata$())是一种在南亚发现的淡水鳖。$(br2)The \"flap-shelled\" name stems from the presence of femoral flaps located on the plastron.$(br2)These flaps of skin cover the limbs when they retract into the shell."
        } , 
        {
            "type": "entity" , 
            "entity": "untamedwilds:softshell_turtle{Variant: 2, Size: 1}" , 
            "text": ""
        } , 
        {
            "type": "text" , 
            "title": "缘板鳖" , 
            "text": "相对大小：\u2605\u2605\u2605\u2606\u2606$(br2)始终活动$(br2)1种肤色$(br2)最喜欢的食物：minecraft:cod$(br2)种类数量：5$(br2)成长时间：6天"
        }
    ]
}