{
    "name": "猪鼻龟" , 
    "icon": "untamedwilds:textures/icon/softshell_turtle/pig_nose.png" , 
    "category": "untamedwilds:softshell_turtle_category" , 
    "pages": [
        {
            "type": "text" , 
            "title": "猪鼻龟" , 
            "text": "The pig-nosed turtle ($(o)Carettochelys insculpta$()), also known as the pitted-shelled turtle or Fly River turtle，是一种原产于澳大利亚北部和新几内亚南部的鳖。$(br2)它是两爪鳖科中唯一存活的成员，与鳖有着亲缘关系。"
        } , 
        {
            "type": "entity" , 
            "entity": "untamedwilds:softshell_turtle{Variant: 5, Size: 1}" , 
            "text": ""
        } , 
        {
            "type": "text" , 
            "title": "猪鼻龟" , 
            "text": "相对大小：\u2605\u2605\u2606\u2606\u2606$(br2)始终活动$(br2)1种肤色$(br2)最喜欢的食物：minecraft:cod$(br2)种类数量：5$(br2)成长时间：6天"
        }
    ]
}