{
    "name": "冷却系统",
    "icon": "minecraft:water_bucket",
    "category": "bigreactors:misc",
    "read_by_default": true,
    "pages": [
        {
            "type": "patchouli:text",
            "text": "$(l:bigreactors:reactor/active)主动冷却$(/l)的反应堆/涡轮机装置利用反应堆的热量使冷却剂汽化产生蒸汽，用于驱动涡轮机的转子并产生能量。$(br2)$(bold)冷却剂$()是一种流体, 如果识别出来，可以用输入模式的$(l:bigreactors:reactor/part-forgefluidport)流体端口$(/l)将其泵入到反应堆的冷却液罐。"
        },
        {
            "type": "patchouli:text",
            "text": "$(bold)蒸汽$()是冷却剂在反应堆内汽化产生的液体，可以从反应堆泵到涡轮机(使用$(l:bigreactors:reactor/part-forgefluidport)流体端口$(/l)) 用于驱动涡轮转子，然后被冷凝为原冷却剂，让循环再次开始。$(br2)只有有效的冷却剂和蒸汽可以在反应堆或涡轮机内使用。"
        },
        {
            "type": "patchouli:text",
            "text": "极限反应堆注册表中，水是默认的有效的冷却剂，因为它能够用于产生蒸汽。$(br2)其他模组或整合包也可以自行添加流体/删除默认的流体。"
        }
    ]
}