
{
  "name": "媒质口袋",
  "category": "hexcasting:items",
  "icon": "hexic:small_preferred_bundle",
  "sortnum": 1,
  "pages": [
    "$(l:items/phials)$(item)媒质之瓶/$是我在$(media)媒质/$存储研究上的终极目标，不过，用$(l:addon/hexic/mediaweave)$(item)媒质布匹/$编织出的口袋也可以协助我管理紫水晶。要的布匹数量不多，造出的口袋容量却不小。每个口袋都有六个槽位，再花少量布匹可以扩充到十二个。小号口袋可以放在大号口袋里面，但两者都不接受同尺寸的口袋。",
    "在自然要求支付$(media)媒质/$时，口袋的内容物会优先消耗。与之类似，对口袋$(l:patterns/spells/hexcasting#hexcasting:recharge)$(action)重新充能/$时，充入的$(media)媒质/$会在口袋内形成某种“云”，而后就将凝集在口袋内的任意$(l:items/hexcasting)$(item)缀品/$及其类似物。",
    {
      "type": "patchouli:text",
      "advancement": "hexcasting:enlightenment",
      "text": "我注意到这些口袋有个怪性质。我能感受到，$(media)媒质/$$(o)不愿意/$，甚至是$(o)抗拒/$离开口袋。只有自然⸺不对，我⸺支取的媒质会离开。随着其中紫水晶的破碎，我能感受到残余的$(media)媒质/$在口袋中回弹、反弹，可以说是$(o)困在/$了口袋中，直到最终蒸发消散。口袋中的储库⸺我最爱的$(l:items/phials)$(item)媒质之瓶/$，或是$(l:items/hexcasting)$(item)造物/$⸺会自发吸引媒质云，$(l:patterns/spells/hexcasting#hexcasting:recharge)$(action)我亲自指引媒质云/$也因此不会产生消耗。"
    }
  ]
}
