{
  "name": "自然的记录",
  "category": "hexcasting:patterns",
  "icon": "minecraft:glow_ink_sac",
  "advancement": "hexcasting:enlightenment",
  "pages": [
    "我的研究向我揭示了这个世界中现实之纤维的方方面面。自然的记录表现为多个类型的“标签”构成的递归式结构。我在后面几页记述了它们。虽然有些类型在其他类型面前像是冗余，我也必须时刻小心，要记住它们不可随意互换。而因为我操纵的是自然的记录本身，犯下的错可能会远超所谓“致命”的范畴。",
    "如果万事万物都能简化成标签⋯⋯那我是什么？我的存在难道也能简化成一堆数据？不过这起码让我安了心，我先前牺牲的所有村民本质上没有它们自己的生命⋯⋯那我呢？我是什么？我现在在这本书上写下的字，难道只是一串零和一？$(2br)我最好别想得太多。我能随意操控万事万物的所有侧面，想太多只会让这种能力变得无趣。",
    {
      "type": "hexcasting:pattern",
      "anchor": "hexic:nbt/lift1",
      "op_id": "hexic:nbt/lift1",
      "input": "number",
      "output": "nbt",
      "text": "将数转变成字节标签：在 -128 到 127 之间（两端闭）的整数。"
    },
    {
      "type": "hexcasting:pattern",
      "anchor": "hexic:nbt/lift2",
      "op_id": "hexic:nbt/lift2",
      "input": "number",
      "output": "nbt",
      "text": "将数转变成短整型标签：在 -65536 到 65535 之间。"
    },
    {
      "type": "hexcasting:pattern",
      "anchor": "hexic:nbt/lift4",
      "op_id": "hexic:nbt/lift4",
      "input": "number",
      "output": "nbt",
      "text": "将数转变成整型标签：在大约负 20 亿到正 20 亿之间。"
    },
    {
      "type": "hexcasting:pattern",
      "anchor": "hexic:nbt/lift8",
      "op_id": "hexic:nbt/lift8",
      "input": "number",
      "output": "nbt",
      "text": "将数转变成长整型标签：范围约是 900 京，大概率永远都超不出去。"
    },
    {
      "type": "hexcasting:pattern",
      "anchor": "hexic:nbt/liftd",
      "op_id": "hexic:nbt/liftd",
      "input": "number",
      "output": "nbt",
      "text": "将数转变为双精度浮点型标签。奇怪的是，双精度浮点型似乎和我对数的认知完全一致，而且还有表示无限和非数的能力。"
    },
    {
      "type": "hexcasting:pattern",
      "anchor": "hexic:nbt/liftf",
      "op_id": "hexic:nbt/liftf",
      "input": "number",
      "output": "nbt",
      "text": "将数转变为单精度浮点型标签。它们和双精度浮点型很相似，但其精度较低。"
    }
  ]
}
