{
  "name": "自然的记录",
  "category": "hexcasting:patterns",
  "icon": "minecraft:glow_ink_sac",
  "advancement": "hexcasting:enlightenment",
  "pages": [
    "信息太多了⋯⋯箱子里的物品？工具有没有坏？我的包里是不是还有几锭铁？还是说留了几块牛肉？<br>自然到底是怎么$(o)记住/$的？<br>这些信息肯定⋯⋯$(l)肯定/$有其$(o)结构/$。<br><br>要是真的有⸺<br>我就能$(o)打破/$它。<br><br>$(l)自然将臣服。它必然臣服。/$"
  ]
}
