{
  "name": "回响碎片",
  "category": "hexcasting:items",
  "icon": "minecraft:echo_shard",
  "advancement": "hexcasting:root",
  "pages": [
    "自从我在那些远古城市里找到几个$(item)回响碎片/$后，我就觉得我的$(hex)咒术/$有些⋯⋯被限制了，好像那些碎片在吸收它们。在另一只手中持有回响碎片，它就会吸收我绘制的所有图案，而后在同一时刻一起施放。",
    "此行为在快速施放写好的咒术时比较有用。比如说，让回响碎片吸收一则简单的射线追踪咒术，后续就可以对着实体一次性施放，而不用等它走神站着不动时再一个个图案绘制。$(item)回响碎片/$运行的图案会使用我的法杖栈。所以，前例追踪到的实体可在法杖处直接使用。"
  ]
}
