{
    "name": "盲洞熊" , 
    "icon": "untamedwilds:textures/icon/bear/blind.png" , 
    "category": "untamedwilds:bear_category" ,
    "pages": [
        {
            "type": "text" , 
            "title": "盲洞熊" ,
            "text": "盲洞熊是洞穴中的肉食性动物，很少能在更深的洞穴中找到。$(br2)不同于表面的亲缘动物，盲洞熊可以通过它们毛茸茸、消瘦的外形、空洞的凝视和恶毒的气质来辨别"
        } , 
        {
            "type": "entity" , 
            "entity": "untamedwilds:bear{Variant: 1, Size: 1, hasShortSnout: 1}" ,
            "text": ""
        } , 
        {
            "type": "text" , 
            "title": "盲洞熊" , 
            "text": "相对大小：\u2605\u2605\u2605\u2606\u2606$(br2)随机活动$(br2)1种肤色$(br2)最喜欢的食物：minecraft:beef$(br2)种类数量：1$(br2)成长时间：8天"
        }
    ]
}