{
    "name": "洞熊" , 
    "icon": "untamedwilds:textures/icon/bear/cave.png" , 
    "category": "untamedwilds:bear_category" ,
    "pages": [
        {
            "type": "text" , 
            "title": "洞熊" , 
            "text": "之所以用 \"洞\"一字以及学名为spelaeus，是因为该物种的化石大部分在洞穴中找到。 $(br2)这反映了专家的观点，即洞熊可能比棕熊在洞穴中的时间长，棕熊只利用洞穴冬眠。"
        } , 
        {
            "type": "entity" , 
            "entity": "untamedwilds:bear{Variant: 3, Size: 1, hasHump: 1}" ,
            "text": ""
        } , 
        {
            "type": "text" , 
            "title": "洞熊" , 
            "text": "相对大小：\u2605\u2605\u2605\u2606\u2606$(br2)黎明和黄昏时最活跃$(br2)1种肤色$(br2)最喜欢的食物：minecraft:potato$(br2)种类数量：1$(br2)成长时间：10天"
        }
    ]
}