{
    "name": "主动冷却",
    "icon": "minecraft:water_bucket",
    "category": "bigreactors:reactor-operational_mode",
    "read_by_default": true,
    "sortnum": 2,
    "pages": [
        {
            "type": "patchouli:text",
            "text": "主动冷却反应堆是一种使用外部冷却剂来降低内部温度的反应堆。$(br2)在这个过程中，冷却剂会汽化，产生的蒸汽可以从反应堆中被提取出来用于驱动涡轮机的转子。"
        },
        {
            "type": "patchouli:text",
            "text": "要搭建一个主动冷却的反应堆，您需要在多方块结构中放置至少两个流体端口，一个用于输入冷却剂到反应堆中，另一个用于输出反应堆中生成的蒸汽。$(br2)随后，输出的蒸汽可通过管道输入到涡轮机中产生能量。"
        }
    ]
}