{
    "name": "减速剂",
    "icon": "minecraft:iron_block",
    "category": "bigreactors:reactor",
    "read_by_default": true,
    "sortnum": 3,
    "pages": [
        {
            "type": "patchouli:text",
            "text": "辐射减速剂是一种可以放在反应堆内部的方块或流体，它可以吸收燃料发出的部分辐射，并将$(l:bigreactors:reactor/innerworking)热量$(/l)从$(l:bigreactors:reactor/part-fuelrod)燃料棒$(/l)移出。$(br2)一种特定的减速剂可以比另一种更有效地将辐射转化为热量，或者比其他减速剂吸收更多的辐射，或者更好地传导热量。"
        },
        {
            "type": "patchouli:text",
            "text": "或者它可能极其便宜但效率极低。以空气为例：它能起作用，但作用不大。$(br2)通常一个稀有的方块/流体，或者一个特别昂贵的配方所制作的，比一个普通的，或便宜的，有更好的属性。$(br2)在默认情况下，极限反应堆会使用一些原版的和模组中的方块/流体作为减速剂。$(br)其他模组和整合包可以添加或修改自己的减速剂/删除默认的减速剂。"
        },
        {
            "type": "patchouli:text",
            "text": "只有有效的减速剂才能放置在反应堆中。无效的减速剂将阻止反应堆多方块结构的形成。$(br2)可以用作减速剂的方块和流体（检查桶中）有一行特殊的标记，如果你想看到这行信息，请打开$(italic)高级提示框$()(F3 + H)。"
        }
    ]
}