{
    "name": "反应堆外壳",
    "icon": "bigreactors:reinforced_reactorcasing",
    "category": "bigreactors:reactor-parts",
    "read_by_default": true,
    "sortnum": 1,
    "pages": [
        {
            "type": "patchouli:spotlight",
            "item": "bigreactors:reinforced_reactorcasing",
            "link_recipe": true,
            "title" : "反应堆外壳",
            "text": "反应堆外壳是建造反应堆的基础方块。$(br2)反应堆需要它来构建框架，也可以用来填充其他部分。如果你不喜欢反应堆玻璃，也可以用反应堆外壳来填充反应堆表面。$(br2)你将会制作一大堆反应堆外壳。"
        },
        {
            "type": "bigreactors:crafting1x",
            "title1": "基础",
            "recipe1": "bigreactors:reactor/basic/casing",
            "title2": "强化",
            "recipe2": "bigreactors:reactor/reinforced/casing"
        },
        {
            "type": "bigreactors:part_usage"
        }
    ]
}