{
    "name": "反应堆 Mekanism 流体端口",
    "icon": "bigreactors:reinforced_reactorfluidport_mekanism_passive",
    "category": "bigreactors:reactor-parts",
    "read_by_default": true,
    "sortnum": 11,
    "pages": [
        {
            "type": "patchouli:spotlight",
            "item": "bigreactors:reinforced_reactorfluidport_mekanism_passive",
            "link_recipe": true,
            "title" : "反应堆 Mekanism 流体端口",
            "text": "反应堆 Mekanism 流体端口允许您从$(l:bigreactors:reactor/active)主动冷却$(/l)反应堆中提取蒸汽作为 Mekanism 气体。$(br2)如果反应堆内存储的流体存在 Mekanism 回旋式气液转换机配方，则该端口将自动将蒸汽转化为气体。配方中的转换率将作为转化的比例得到遵循。"
        },
        {
            "type": "crafting-part_usage",
            "crafting.title1": "强化(被动)",
            "crafting.recipe1": "bigreactors:reactor/reinforced/passivefluidport_mekanism"
        }
    ]
}