{
    "name": "反应堆固体访问端口",
    "icon": "bigreactors:reinforced_reactorsolidaccessport",
    "category": "bigreactors:reactor-parts",
    "read_by_default": true,
    "sortnum": 6,
    "pages": [
        {
            "type": "patchouli:spotlight",
            "item": "bigreactors:reinforced_reactorsolidaccessport",
            "link_recipe": true,
            "title" : "反应堆固体访问端口",
            "text": "反应堆固体访问端口能够将固体材料（通常是锭）转化为燃料，填充你的$(l:bigreactors:reactor/part-fuelrod)燃料棒$(/l)并为反应堆提供动力。$(br2)在图形界面中，将端口设置为$(bold)输入模式$()时，端口将接受燃料源材料，在$(bold)输出模式$()下，它将输出废料。"
        },
        {
            "type": "patchouli:text",
            "text": "可以使用$(l:bigreactors:misc/wrench)扳手$(/l)切换端口模式。$(br2)图形界面还可以用于手动插入和取出材料。$(br2)反应堆固体访问端口是一个将燃料加入到您的反应堆的快速解决方案，但像每一个快速解决方案一样，它并不是完美的，一部分的材料损失是不可避免的。"
        },
        {
            "type": "bigreactors:crafting1x",
            "title1": "基础",
            "recipe1": "bigreactors:reactor/basic/solidaccessport",
            "title2": "强化",
            "recipe2": "bigreactors:reactor/reinforced/solidaccessport"
        },
        {
            "type": "bigreactors:part_usage"
        }
    ]
}