{
    "name": "反应堆控制器",
    "icon": "bigreactors:reinforced_reactorcontroller",
    "category": "bigreactors:reactor-parts",
    "read_by_default": true,
    "sortnum": 3,
    "pages": [
        {
            "type": "patchouli:spotlight",
            "item": "bigreactors:reinforced_reactorcontroller",
            "link_recipe": true,
            "title" : "反应堆控制器",
            "text": "反应堆控制器是反应堆的主要交互界面。$(br2)右键点击控制器打开它的图形界面，从而打开或关闭反应堆，检查燃料棒中剩余反应物，反应堆热量等。"
        },
        {
            "type": "patchouli:text",
            "text": "根据反应堆的运行模式，您还可以检查其内部能量的缓存状态和$(l:bigreactors:reactor/passive)被动冷却$(/l)反应堆的产能效率，或是$(l:bigreactors:reactor/active)主动冷却$(/l)反应堆中存在的蒸汽和冷却剂的量。$(br2)如果将鼠标悬停在界面中的某个控件上，将显示一行提示信息，包含该控件的附加信息或解释性文本。"
        },
        {
            "type": "bigreactors:crafting1x",
            "title1": "基础",
            "recipe1": "bigreactors:reactor/basic/controller_ingots_yellorium",
            "title2": "强化",
            "recipe2": "bigreactors:reactor/reinforced/controller_ingots_yellorium"
        },
        {
            "type": "bigreactors:part_usage"
        }
    ]
}