{
  "name": "紫水晶",
  "icon": "mysticalworld:amethyst_ore",
  "category": "ores",
  "flag": "roots:amethyst",
  "pages": [
    {
      "type": "spotlight",
      "link_recipe": true,
      "item": "mysticalworld:amethyst_ore",
      "text": "挖掘紫水晶矿可以获得紫水晶，它们的稀有度和钻石差不多，用途也相近。"
    },
    {
      "type": "spotlight",
      "link_recipe": true,
      "item": "mysticalworld:amethyst_gem",
      "title": "紫水晶",
      "text": "紫水晶工具和武器有着钻石的挖掘等级，耐久也差不多。"
    },
    {
      "type": "crafting",
      "recipe": "mysticalworld:amethyst_axe",
      "recipe2": "mysticalworld:amethyst_hoe",
      "title": "紫水晶工具"
    },
    {
      "type": "crafting",
      "recipe": "mysticalworld:amethyst_knife",
      "recipe2": "mysticalworld:amethyst_pickaxe"
    },
    {
      "type": "crafting",
      "recipe": "mysticalworld:amethyst_shovel",
      "recipe2": "mysticalworld:amethyst_sword"
    }
  ]
}
