{
  "name": "能量",
  "icon": "minecraft:redstone",
  "category": "1_machines",
  "sortnum": 3,
  "pages": [
    {
      "type": "spotlight",
      "title": "能量",
      "item": "minecraft:redstone",
      "text": "这个模组没有添加产生$(item)能量$()的方式, 所以你需要用其他模组中的$(item)发电机$()来为$(item)机器$()供能。"
    },
    {
      "type": "text",
      "title": "能量单元",
      "text": "$(item)Forge Energy (FE)$()和$(item)Redstone Flux (RF)$()都可以被机器接受。$(br2)下面是几个能够使用的模组，包括但不限于：$(br2)$(l:https://minecraft.curseforge.com/projects/thermalexpansion)Thermal Expansion$() （能源炉）$(br)$(l:https://minecraft.curseforge.com/projects/nuclearcraft-mod)NuclearCraft$()（反应堆）$(br)$(l:https://minecraft.curseforge.com/projects/advanced-generators)Advanced Generators$()"
    }
  ]
}