{
    "name": "火蝾螈" , 
    "icon": "untamedwilds:textures/icon/newt/fire_salamander.png" , 
    "category": "untamedwilds:newt_category" ,
    "pages": [
        {
            "type": "text" , 
            "title": "火蝾螈" , 
            "text": "火蝾螈 is a genus of six species of salamanders localized in central and southern Europe, Northern Africa, and western Asia."
        } , 
        {
            "type": "entity" , 
            "entity": "untamedwilds:newt{Variant: 3, Size: 1}" , 
            "text": ""
        } , 
        {
            "type": "text" , 
            "title": "火蝾螈" , 
            "text": "相对大小：\u2605\u2605\u2605\u2606\u2606$(br2)始终活动$(br2)3种肤色$(br2)最喜欢的食物：无$(br2)种类数量：5$(br2)成长时间：3天"
        }
    ]
}