{
    "name": "恒河鳖" , 
    "icon": "untamedwilds:textures/icon/softshell_turtle/black.png" , 
    "category": "untamedwilds:softshell_turtle_category" , 
    "pages": [
        {
            "type": "text" , 
            "title": "恒河鳖" , 
            "text": "The Indian softshell turtle ($(o)Nilssonia gangetica$()), or Ganges softshell turtle是一种鳖，发现于南亚的恒河、印度河和马哈纳迪河等河流中。$(br2)这种脆弱乌龟的甲壳长度可达94厘米($(o)37英寸)。"
        } , 
        {
            "type": "entity" , 
            "entity": "untamedwilds:softshell_turtle{Variant: 0, Size: 1}" , 
            "text": ""
        } , 
        {
            "type": "text" , 
            "title": "恒河鳖" , 
            "text": "相对大小：\u2605\u2605\u2605\u2606\u2606$(br2)始终活动$(br2)1种肤色$(br2)最喜欢的食物：minecraft:cod$(br2)种类数量：5$(br2)成长时间：6天"
        }
    ]
}