{
    "name": "黑眉锦蛇" , 
    "icon": "untamedwilds:textures/icon/snake/cave_racer.png" , 
    "category": "untamedwilds:snake_category" , 
    "pages": [
        {
            "type": "text" , 
            "title": "黑眉锦蛇" , 
            "text": "该物种原产于东亚和东南亚地区。$(br2)它是一种细长的半树栖蛇，有几个公认的亚种。"
        } , 
        {
            "type": "entity" , 
            "entity": "untamedwilds:snake{Variant: 4, Size: 1}" , 
            "text": ""
        } , 
        {
            "type": "text" , 
            "title": "黑眉锦蛇" , 
            "text": "相对大小：\u2605\u2605\u2605\u2606\u2606$(br2)始终活动$(br2)1种肤色$(br2)最喜欢的食物：minecraft:rabbit$(br2)种类数量：4$(br2)成长时间：6天"
        }
    ]
}