{
    "name": "金黄珊瑚蛇" , 
    "icon": "untamedwilds:textures/icon/snake/coral.png" , 
    "category": "untamedwilds:snake_category" , 
    "pages": [
        {
            "type": "text" , 
            "title": "金黄珊瑚蛇" , 
            "text": "Micrurus fulvius, commonly known as the eastern coral snake, common coral snake, American cobra, and more，是眼镜蛇科的一种剧毒珊瑚蛇。$(br2)该物种是美国东南部的特有品种。"
        } , 
        {
            "type": "entity" , 
            "entity": "untamedwilds:snake{Variant: 5, Size: 1}" , 
            "text": ""
        } , 
        {
            "type": "text" , 
            "title": "金黄珊瑚蛇" , 
            "text": "相对大小：\u2605\u2605\u2606\u2606\u2606$(br2)始终活动$(br2)1种肤色$(br2)最喜欢的食物：minecraft:rabbit$(br2)种类数量：4$(br2)成长时间：6天"
        }
    ]
}