{
    "name": "灰带王蛇" , 
    "icon": "untamedwilds:textures/icon/snake/gray_kingsnake.png" , 
    "category": "untamedwilds:snake_category" , 
    "pages": [
        {
            "type": "text" , 
            "title": "灰带王蛇" , 
            "text": "The gray-banded kingsnake ($(o)Lampropeltis alterna$()), sometimes referred to as the alterna or the Davis Mountain king snake，是黄颌蛇科中的种无毒蛇。$(br2)该物种是美国西南部和邻近墨西哥的特有物种。"
        } , 
        {
            "type": "entity" , 
            "entity": "untamedwilds:snake{Variant: 10, Size: 1}" , 
            "text": ""
        } , 
        {
            "type": "text" , 
            "title": "灰带王蛇" , 
            "text": "相对大小：\u2605\u2605\u2606\u2606\u2606$(br2)始终活动$(br2)1种肤色$(br2)最喜欢的食物：minecraft:rabbit$(br2)种类数量：4$(br2)成长时间：6天"
        }
    ]
}