{
  "name": "订单报酬",
  "category": "delivery:getting_started",
  "icon": "delivery:sealed_parcel",
  "sortnum": 7,
  "pages": [
    {
      "type": "text",
      "text": "每完成一份订单均会收到一定量的经验作为报酬。注意，这里的经验值并不等同于原版的经验值。经验等级会随着经验的获取而提升，订单的难度也会随等级的提升而加大，但完成后的报酬也会愈加丰厚，有时甚至会在邮箱中收到来自甲方的特别礼物。"
    }
  ]
}