{
  "category": "hexalia:equipment",
  "name": "元素卷轴",
  "icon": "hexforged:air_scroll",
  "sortnum": 8,
  "pages": [
    {
      "type": "patchouli:spotlight",
      "title": "元素卷轴",
      "item": "hexalia:parchment",
      "text": "元素卷轴是用于释放元素力量的魔法物品。持卷轴右击可发动一项独特的主动能力，副手持有时还会给予被动效果；各卷轴的效果不一。$(br)这些卷轴可通过$(l:hexalia:rituals/ritual_of_transmutation)嬗变仪式$()嬗变羊皮纸挂饰获得。"
    },
    {
      "type": "patchouli:crafting",
      "title": "羊皮纸挂饰",
      "recipe": "hexalia:parchment"
    },
    {
      "type": "patchouli:text",
      "title": "火之卷轴",
      "text": "$(br)$(bold)右击：$()发射一枚火球。$(br2)$(italic)冷却：$(#ff0000)15 秒$()$(br)$(italic)副手增益：$()击中目标时给予 2 秒抗火。$(br)$(#ff0000)降雨和身处水中时无法使用。"
    },
    {
      "type": "hexalia:transmutation",
      "recipe": "hexforged:scroll_fire_transmutation"
    },
    {
      "type": "patchouli:text",
      "title": "气之卷轴",
      "text": "$(br)$(bold)右击：$()短暂给予飞行能力。$(br2)$(italic)冷却：$(#9d9d9d)60 秒$()$(br)$(italic)副手增益：$()击中目标时后撤一步，并给予目标飘浮。$(br)$(#9d9d9d)雷暴时无法使用。"
    },
    {
      "type": "hexalia:transmutation",
      "recipe": "hexforged:scroll_air_transmutation"
    },
    {
      "type": "patchouli:text",
      "title": "水之卷轴",
      "text": "$(br)$(bold)右击：$()释放一道潮汐，推开生物。$(br2)$(italic)冷却：$(#335b8a)25 秒$()$(br)$(italic)副手增益：$()击中目标时给予 2 秒海豚的恩惠和潮涌能量。$(br)$(#335b8a)只可在水中使用。"
    },
    {
      "type": "hexalia:transmutation",
      "recipe": "hexforged:scroll_water_transmutation"
    },
    {
      "type": "patchouli:text",
      "title": "土之卷轴",
      "text": "$(br)$(bold)右击：$()释放一道震击波，令生物晕眩 5 秒。$(br2)$(italic)冷却：$(#ae7838)40 秒$()$(br)$(italic)副手增益：$()击中目标时给予 2 秒棘肤。$(br)$(#8b4513)身处水中时无法使用。"
    },
    {
      "type": "hexalia:transmutation",
      "recipe": "hexforged:scroll_earth_transmutation"
    }
  ]
}