{
  "name": "Apid Library",
  "icon": "complicated_bees:apid_library",
  "category": "complicated_bees:machines",
  "advancement": "complicated_bees:recipes/misc/apid_library",
  "pages": [
    {
      "type": "patchouli:text",
      "text": "The Apid Library allows you to examine bees in your possession and determine whether or not they can mutate into new species.$(br2)Simply place a bee in the top right slot and select a mutation on the left (if any) to see more information about it."
    },
    {
      "type": "patchouli:crafting",
      "recipe": "complicated_bees:apid_library",
      "title": "Apid Library",
      "text": "$(o)At least the books are waterproof...?$(br2)$()"
    }
  ]
}