{
    "name": "饲养板",
    "icon": "productivebees:feeder",
    "category": "productivebees:blocks",
    "pages": [
        {
            "type": "patchouli:spotlight",
            "item": "productivebees:feeder",
            "text": "可用作喂养蜜蜂的收集点。它包含 3 个物品栏。当木材或采石场蜜蜂从中进食时，它会用喂食器中的随机物品中进行生产。"
        },
        {
            "type": "patchouli:text",
            "text": "喂食板可以被蜂蜜化，为蜜蜂提供了一个浸泡脚趾并从漫长的一天的工作中恢复过来的好地方，也就是让它们再生。"
        },
        {
            "type": "patchouli:text",
            "text": "由于 $(l:items/upgrades#simulator)模拟蜂巢$(/l) 只有 1 个花块位置，因此喂食板与它配合得很好，让您有最多3只不同的蜜蜂在蜂巢中工作。"
        }
    ]
}