{
  "__comment__": "This file was automatically created by mcresources",
  "name": "高端钻头",
  "category": "tfc_ie_addon:tfc_ie_changes",
  "icon": "tfc_ie_addon:drillhead_black_steel",
  "pages": [
    {
      "type": "patchouli:text",
      "text": "感觉采矿钻头太慢？对钢钻头不满意？$(br)您现在可以创建彩钢钻头了！它们具有更好的采矿速度和尺寸，以及更高的耐久。"
    },
    {
      "type": "tfc_ie_addon:tri_anvil_recipe",
      "recipe": "tfc_ie_addon:anvil/drillhead_black_steel",
      "recipe2": "tfc_ie_addon:anvil/drillhead_blue_steel",
      "recipe3": "tfc_ie_addon:anvil/drillhead_red_steel",
      "header": "Drill Heads"
    }
  ],
  "read_by_default": true,
  "sortnum": 12
}