{
  "__comment__": "This file was automatically created by mcresources",
  "name": "电子坩埚？",
  "category": "tfc_ie_addon:tfc_ie_changes",
  "icon": "tfc:crucible",
  "pages": [
    {
      "type": "patchouli:text",
      "text": "这个mod中没有电子坩埚，但$(thing)外置加热器$()可以像$(l:mechanics/charcoal_forge)木炭炉$()一样加热$(l:mechanics/crucible)坩埚$()。"
    },
    {
      "type": "patchouli:crafting",
      "recipe": "immersiveengineering:crafting/furnace_heater",
      "text": "默认情况下，把$(thing)坩埚$()加热到1600°C，需要消耗20IF/t。"
    }
  ],
  "read_by_default": true,
  "sortnum": 11,
  "extra_recipe_mappings": {
    "immersiveengineering:furnace_heater": 0
  }
}