{
  "__comment__": "This file was automatically created by mcresources",
  "name": "薄板模具",
  "category": "tfc_ie_addon:tfc_ie_changes",
  "icon": "tfc_ie_addon:mold_sheet",
  "pages": [
    {
      "type": "patchouli:spotlight",
      "item": "tfc_ie_addon:mold_sheet",
      "title": "薄板模具",
      "link_recipes": false,
      "text": "$(thing)薄板模具$()是在有$(thing)工程师蓝图$()的$(thing)工程师装配台$()中制作的。使用它，你可以在$(thing)金属冲压机$()中制作所有金属的薄板。"
    }
  ],
  "read_by_default": true,
  "sortnum": 5
}