{
  "__comment__": "This file was automatically created by mcresources",
  "name": "多方块的更改",
  "category": "tfc_ie_addon:tfc_ie_changes",
  "icon": "tfc:fire_bricks",
  "pages": [
    {
      "type": "patchouli:text",
      "text": "现在，在创建多块结构时发生了一些变化。要创建$(thing)焦炉$()和$(thing)电弧炉$()，您需要群峦的$(thing)耐火砖块$()，而不是高炉砖块。$(br)此外，请记住，您可以不需要沉浸工程的高炉，因为您在群峦中有高炉！此外，您也不需要合金窑，因为您可以在群峦中制造合金。"
    },
    {
      "type": "patchouli:crafting",
      "recipe": "tfc:crafting/fire_bricks"
    },
    {
      "type": "patchouli:multiblock",
      "multiblock": {
        "pattern": [
          [
            "     ",
            "S    ",
            "LLL  ",
            "S    ",
            "     "
          ],
          [
            "     ",
            "SBBB ",
            "LBBB ",
            "SBBB ",
            "     "
          ],
          [
            "M T  ",
            "LBBBB",
            "LBBBB",
            "LBBBB",
            "M T  "
          ],
          [
            "HHT  ",
            "LBB  ",
            "LBB  ",
            "LBB  ",
            "HHT R"
          ],
          [
            "MMTmm",
            "Mmmmm",
            "Hmmm0",
            "Mmmmm",
            "MMTmS"
          ]
        ],
        "mapping": {
          "S": "immersiveengineering:steel_scaffolding_standard",
          "T": "immersiveengineering:storage_steel",
          "M": "immersiveengineering:sheetmetal_steel",
          "m": "immersiveengineering:slab_sheetmetal_steel",
          "B": "tfc:fire_bricks",
          "L": "immersiveengineering:light_engineering",
          "H": "immersiveengineering:heavy_engineering",
          "R": "immersiveengineering:rs_engineering",
          "0": "minecraft:cauldron"
        }
      },
      "name": "电弧炉",
      "text": "",
      "enable_visualize": true
    },
    {
      "type": "patchouli:multiblock",
      "multiblock": {
        "pattern": [
          [
            "BBB",
            "BBB",
            "BBB"
          ],
          [
            "BBB",
            "BBB",
            "BBB"
          ],
          [
            "BBB",
            "BB0",
            "BBB"
          ]
        ],
        "mapping": {
          "B": "tfc:fire_bricks",
          "0": "tfc:fire_bricks"
        }
      },
      "name": "焦炉",
      "text": "",
      "enable_visualize": true
    }
  ],
  "read_by_default": true,
  "sortnum": 3,
  "extra_recipe_mappings": {
    "immersiveengineering:cokebrick": 0,
    "immersiveengineering:blastbrick": 0
  }
}