{
  "__comment__": "This file was automatically created by mcresources",
  "name": "新的矿物",
  "category": "tfc_ie_addon:tfc_ie_changes",
  "icon": "tfc_ie_addon:ore/normal_aluminum",
  "pages": [
    {
      "type": "patchouli:text",
      "anchor": "aluminum",
      "text": "铝土矿是一种$(thing)铝矿石$()，是高电压建筑不可或缺的一部分。它可以在任何海拔高度找到，但较深的矿脉往往更丰富。它可以在$(l:the_world/geology#sedimentary)沉积岩$()和$(l:the_world/geology#metamorphic)变质岩$()中找到。",
      "title": "铝土矿"
    },
    {
      "type": "tfc:multimultiblock",
      "text": "大理石中的铝土矿。",
      "multiblocks": [
        {
          "pattern": [
            [
              "X"
            ],
            [
              "0"
            ]
          ],
          "mapping": {
            "X": "tfc_ie_addon:ore/poor_aluminum/marble"
          }
        },
        {
          "pattern": [
            [
              "X"
            ],
            [
              "0"
            ]
          ],
          "mapping": {
            "X": "tfc_ie_addon:ore/normal_aluminum/marble"
          }
        },
        {
          "pattern": [
            [
              "X"
            ],
            [
              "0"
            ]
          ],
          "mapping": {
            "X": "tfc_ie_addon:ore/rich_aluminum/marble"
          }
        }
      ]
    },
    {
      "type": "patchouli:text",
      "anchor": "lead",
      "text": "铅用于制作早期的蓄电池。它可以在y=75以下的海拔处找到。它可以在$(l:the_world/geology#metamorphic)变质岩$()、$(l:the_world/geology#igneous_extrusive)喷出岩$()和$(l:the_world/geology#igneous_intrusive)侵入岩$()中发现。",
      "title": "铅"
    },
    {
      "type": "tfc:multimultiblock",
      "text": "大理石中的铅矿石。",
      "multiblocks": [
        {
          "pattern": [
            [
              "X"
            ],
            [
              "0"
            ]
          ],
          "mapping": {
            "X": "tfc_ie_addon:ore/poor_lead/marble"
          }
        },
        {
          "pattern": [
            [
              "X"
            ],
            [
              "0"
            ]
          ],
          "mapping": {
            "X": "tfc_ie_addon:ore/normal_lead/marble"
          }
        },
        {
          "pattern": [
            [
              "X"
            ],
            [
              "0"
            ]
          ],
          "mapping": {
            "X": "tfc_ie_addon:ore/rich_lead/marble"
          }
        }
      ]
    },
    {
      "type": "patchouli:text",
      "anchor": "uranium",
      "text": "铀可以在y=75以下的海拔高度找到。它可以在$(l:the_world/geology#metamorphic)变质岩$()和$(l:the_world/geology#igneous_extrusive)喷出岩$()中发现。铀块可以作为$(thing)热传导发电机$()的热源。",
      "title": "铀"
    },
    {
      "type": "tfc:multimultiblock",
      "text": "大理石中的铀矿石。",
      "multiblocks": [
        {
          "pattern": [
            [
              "X"
            ],
            [
              "0"
            ]
          ],
          "mapping": {
            "X": "tfc_ie_addon:ore/poor_uranium/marble"
          }
        },
        {
          "pattern": [
            [
              "X"
            ],
            [
              "0"
            ]
          ],
          "mapping": {
            "X": "tfc_ie_addon:ore/normal_uranium/marble"
          }
        },
        {
          "pattern": [
            [
              "X"
            ],
            [
              "0"
            ]
          ],
          "mapping": {
            "X": "tfc_ie_addon:ore/rich_uranium/marble"
          }
        }
      ]
    }
  ],
  "read_by_default": true,
  "sortnum": 0,
  "extra_recipe_mappings": {
    "tfc_ie_addon:ore/small_aluminum": 0,
    "tfc_ie_addon:ore/poor_aluminum": 0,
    "tfc_ie_addon:ore/normal_aluminum": 0,
    "tfc_ie_addon:ore/rich_aluminum": 0,
    "tfc_ie_addon:ore/small_lead": 2,
    "tfc_ie_addon:ore/poor_lead": 2,
    "tfc_ie_addon:ore/normal_lead": 2,
    "tfc_ie_addon:ore/rich_lead": 2,
    "tfc_ie_addon:ore/small_uranium": 4,
    "tfc_ie_addon:ore/poor_uranium": 4,
    "tfc_ie_addon:ore/normal_uranium": 4,
    "tfc_ie_addon:ore/rich_uranium": 4
  }
}