{
  "name": "风之印记",
  "icon": "bloodmagic:airsigil",
  "category": "bloodmagic:alchemy_array/sigil",
  "pages": [
    {
      "type": "patchouli:text",
      "text": "将你抛射到目视方向，每次消耗$(blood)50 LP$()。注意：此印记不提供任何缓降效果，着陆时务必当心！虽然是高速移动手段，但伴随着风险。无数巫师在因为在高空耗尽了他们$(l:bloodmagic:altar/soul_network)灵魂网络$()内的$(blood)LP$()而坠亡。"
    },
    {
      "type": "bloodmagic:crafting_2-step_sigil",
      "alchemy_table.heading": "风之试剂",
      "alchemy_table.recipe": "bloodmagic:alchemytable/reagent_air",
      "array.heading": "风之印记",
      "array.recipe": "bloodmagic:array/airsigil",
      "array.text": "$(italic)如释重负…$()"
    }
  ]
}
