{
  "name": "血光印记",
  "icon": "bloodmagic:bloodlightsigil",
  "category": "bloodmagic:alchemy_array/sigil",
  "pages": [
    {
      "type": "patchouli:text",
      "text": "$(item)血光印记$()是矿工、地牢探险家和不喜欢阴影又觉得火把和荧石碍事的血巫师的首选照明工具。使用时朝目视方向射出一枚血光球，命中方块后消耗$(blood)10 LP$()并生成近乎隐形的光源。"
    },
    {
      "type": "bloodmagic:crafting_2-step_sigil",
      "alchemy_table.heading": "血光试剂",
      "alchemy_table.recipe": "bloodmagic:alchemytable/reagent_blood_light",
      "array.heading": " 血光印记",
      "array.recipe": "bloodmagic:array/bloodlightsigil",
      "array.text": "$(italic)我看到光了！"
    }
  ]
}
