{
  "name": "熔岩印记",
  "icon": "bloodmagic:lavasigil",
  "category": "bloodmagic:alchemy_array/sigil",
  "pages": [
    {
      "type": "patchouli:text",
      "text": "作为$(l:bloodmagic:alchemy_array/sigil/water)水之印记$(/l)的姊妹印记。手持$(item)熔岩印记$()摁[$(k:use)]可在目标处生成一格$(fire)熔岩$()，每次消耗$(blood)1000 LP$()。在$(l:bloodmagic:alchemy_array/functional_arrays/arcane_ash)炼金矩阵$(/l)使用$(item)熔岩试剂$()和一块$(item)空白石板$()合成。如果你$(l:bloodmagic:altar/soul_network)灵魂网络$(/l)中的LP不足，将直接扣除5颗心的生命值。"
    },
    {
      "type": "bloodmagic:crafting_2-step_sigil",
      "alchemy_table.heading": "熔岩试剂",
      "alchemy_table.recipe": "bloodmagic:alchemytable/reagent_lava",
      "array.heading": "熔岩印记",
      "array.recipe": "bloodmagic:array/lavasigil",
      "array.text": "$(italic)好烫！不要吃。$()"
    },
    {
      "type": "patchouli:image",
      "images": [
        "bloodmagic:images/entries/sigil/lava_sigil1.png",
        "bloodmagic:images/entries/sigil/lava_sigil2.png"
      ],
      "title": "熔岩印记矩阵",
      "border": true,
      "text": "熔岩印记的矩阵及其用途图示。"
    },
    {
      "type": "bloodmagic:crafting_alchemy_table",
      "heading": "熔岩桶",
      "recipe": "bloodmagic:alchemytable/sigil_lava_bucket",
      "text": "此印记可以在$(l:bloodmagic:alchemy_table/alchemy_table)炼金术桌$()自动产出$(fire)熔岩桶$()。且印记在这个配方里不会被消耗。"
    }
  ]
}
