{
  "name": "水之印记",
  "icon": "bloodmagic:watersigil",
  "category": "bloodmagic:alchemy_array/sigil",
  "pages": [
    {
      "type": "patchouli:text",
      "text": "$(item)水之印记$()的效果很简单。当你注视方块并摁[$(k:use)]你可以消耗你$(l:bloodmagic:altar/soul_network)灵魂网络$(/l)中的100LP，在世界创造一个水源方块。如果你的LP不足，将直接扣除你的生命值。使用$(item)水之试剂$()和$(item)空白石板$()在炼金矩阵合成。"
    },
    {
      "type": "bloodmagic:crafting_2-step_sigil",
      "alchemy_table.heading": "水之试剂",
      "alchemy_table.recipe": "bloodmagic:alchemytable/reagent_water",
      "array.heading": "水之印记",
      "array.recipe": "bloodmagic:array/watersigil",
      "array.text": "$(italic)无限水源？"
    },
    {
      "type": "patchouli:image",
      "images": [
        "bloodmagic:images/entries/sigil/water_sigil1.png",
        "bloodmagic:images/entries/sigil/water_sigil2.png"
      ],
      "title": "水之印记矩阵",
      "border": true,
      "text": "水之印记的矩阵及其用途图示。"
    },
    {
      "type": "bloodmagic:crafting_alchemy_table",
      "heading": "水桶",
      "recipe": "bloodmagic:alchemytable/sigil_water_bucket",
      "text": "此印记可以在$(l:bloodmagic:alchemy_table/alchemy_table)炼金术桌$()自动产出$(fire)水桶$()。且印记在这个配方里不会被消耗。"
    }
  ]
}
