{
    "name": "末影锭",
    "icon": "endreborn:item_ingot_endorium",
    "category": "tools",
    "advancement": "endreborn:endreborn/raw_endorium",
    "priority": true,
    "pages": [
        {
            "type": "text",
            "text": "用大锤试了好几次之后，很多东西都被砸坏了……不过我还是勉强做到了，我发明了一种新的材料--末影锭！它真的非常的坚硬而且好像还带有轻微的震动。"
        },
	{
            "type": "crafting",
            "recipe": "endreborn:items/item_raw_endorium"
        }
    ]
}