{
  "name": "操纵黄金",
  "icon": "minecraft:enchanted_golden_apple",
  "category": "reactive:results",
  "advancement": "reactive:see_synthesis",
  "pages": [
    {
      "type": "reactive:transmute",
      "recipe": "golden_apple_enchantment",
      "text": "这种闪亮果实常被比作神的物品，它的制造方式一直被我们炼金师严格保密。关键在于一种有着亮紫色光辉的$(l:reactive:intro/synthesis)秘密能量$(/l)。"
    },
    {
      "type": "patchouli:spotlight",
      "item": "reactive:gold_foam",
      "text": "这种材料是个谜：贵金属转变为一种充气的、滑润的泡沫类物质。$(br2)由于其本性湿软，它会限制跳跃高度。$(br2)$(l:reactive:intro/synthesis)隐秘能量$(/l)之一可能在$(4)金徽记$(0)的影响下产生这种材料。"
    }
  ],
  "extra_recipe_mappings": {
    "reactive:gold_foam": 0
  }
}