{
  "name": "重力操纵",
  "icon": "reactive:secret_scale",
  "category": "reactive:results",
  "advancement": "reactive:gravity_research",
  "pages": [
    {
      "type": "patchouli:spotlight",
      "item": "reactive:secret_scale",
      "text": "$(o)此材料作为实体存在时完全不受重力影响，而在合适的激发下，它还能将这种属性给予其他实体。"
    },
    {
      "type": "patchouli:text",
      "text": "$(o)首先，手持之Shift+左击船以安到船上，这艘船在被破坏之前会一直处于失重状态。驾驶它遨游天际不是问题。$(p)这么做已经非常有效了⸺但我们还能做得更好。"
    },
    {
      "type": "patchouli:spotlight",
      "item": "minecraft:potion{Potion: 'reactive:no_gravity'}",
      "text": "$(o)将这种鳞片酿造入$(item)浓稠的药水$(0)，所得药水能令服用者短时间内失重。$(p)"
    },
    {
      "type": "patchouli:crafting",
      "recipe": "reactive:gravity_chandelier_crafting",
      "text": "$(o)最后，如果与足够强的无限光源结合，这种鳞片能创造出一种“场”，其中的所有$(thing)生物$(o)不会感受到重力。进入其中的$(item)物品$(o)在被拾取前会一直处于失重状态。"
    },
    {
      "type": "patchouli:text",
      "text": "$(o)单击$(item)重力灯台$(0)就可偏移其影响范围。$(br2)$(o)你可能会觉得在失重情况下行动比较困难⸺我推荐查找一下本书的$(l:reactive:results/power_uses)能量应用$(/l)条目，里面有能帮上忙的东西。"
    },
    {
      "type": "reactive:transmute",
      "recipe": "secret_scale_duplication",
      "text": "$(o)如果不想再用同一种方式制造鳞片，可以简单地复制它们。"
    }
  ],

  "extra_recipe_mappings": {
    "reactive:secret_scale": 0
  }
}
