{
  "name": "混乱效果",
  "icon": "arcanuscontinuum:textures/spell_components/effects/colored/discombobulate_effect.png",
  "category": "arcanuscontinuum:spellcraft",
  "sortnum": 110,
  "advancement": "arcanuscontinuum:arcane/wizard_level_5",
  "pages": [
    {
      "type": "patchouli:text",
      "text": "重量：无$(br)魔力消耗：6$(br)冷却时间：0秒$(br2)描述：$(br)使目标短暂进入头转向与肢体行动颠倒的状态。链式该效果使持续时间更长。"
    },
    {
      "type": "patchouli:image",
      "border": true,
      "images": [
        "arcanuscontinuum:textures/gui/patchouli/entries/effects/discombobulate_effect.png"
      ]
    }
  ]
}
