{
    "name": "小须鲸" , 
    "icon": "untamedwilds:textures/icon/baleen_whale/minke.png" , 
    "category": "untamedwilds:baleen_whale_category" , 
    "pages": [
        {
            "type": "text" , 
            "title": "小须鲸" , 
            "text": "普通小须鲸或北方小须鲸($(o)Balaenoptera acutorostrata$())是须鲸亚目须鲸属的一个种。$(br2)它是鳁鲸中最小的一种，也是须鲸中第二小的物种。"
        } , 
        {
            "type": "entity" , 
            "entity": "untamedwilds:baleen_whale{Variant: 4, Size: 1}" , 
            "text": ""
        } , 
        {
            "type": "text" , 
            "title": "小须鲸" , 
            "text": "相对大小：\u2605\u2605\u2605\u2606\u2606$(br2)始终活动$(br2)1种肤色$(br2)最喜欢的食物：untamedwilds:chum$(br2)种类数量：1$(br2)成长时间：12天"
        }
    ]
}