{
    "name": "马鲹" , 
    "icon": "untamedwilds:textures/icon/trevally/jack.png" , 
    "category": "untamedwilds:trevally_category" , 
    "pages": [
        {
            "type": "text" , 
            "title": "马鲹" , 
            "text": "它与类似物种的区别在于它宽厚的身体，鳍的颜色，以及一系列更详细的解剖特征，包括鳍条和侧线鳞计数。"
        } , 
        {
            "type": "entity" , 
            "entity": "untamedwilds:trevally{Variant: 4, Size: 1}" , 
            "text": ""
        } , 
        {
            "type": "text" , 
            "title": "马鲹" , 
            "text": "相对大小：\u2605\u2605\u2605\u2606\u2606$(br2)始终活动$(br2)1种肤色$(br2)最喜欢的食物：untamedwilds:chum$(br2)种类数量：4$(br2)成长时间：6天"
        }
    ]
}