{
  "name": "放大反制",
  "icon": "minecraft:paper",
  "category": "reactive:reactions",
  "advancement": "reactive:reactions/size_revert_effect_2",
  "flag": "mod:pehkui",
  "pages": [
    {
      "type": "patchouli:text",
      "text": "$(bold)视觉特征：$()$(br)电流束打向周围因魔法影响而变大的生物。$(p)$(bold)实际效果：$()$(br)受影响的生物缩小至正常大小。"
    },
    {
      "type": "reactive:reaction",
      "reaction": "size_revert_effect_2"
    }
  ]
}