{
    "name": "灌注仪式",
    "icon": "betterendforge:infusion_pedestal",
    "read_by_default": true,
    "category": "rituals",
    "pages": [
        {
            "type": "text",
            "text": "将元素的力量灌注到物品中。"
        },
        {
            "type": "crafting",
            "title": "准备结构",
            "text": "首先，你需要合成$(bold)灌注基座$()和八个$(bold)任意$()其它种类的基座。",
            "recipe": "betterendforge:infusion_pedestal"
        },
        {
            "type": "image",
            "text": "然后你需要将灌注基座放置在中间，在它的周围放置其他基座。",
            "border": true,
            "images": [
                "betterendforge:textures/images/infusion_ritual/infusion_ritual_start.png",
                "betterendforge:textures/images/infusion_ritual/infusion_ritual_full.png"
            ]
        },
        {
            "type": "image",
            "title": "灌注",
            "text": "仪式结构建造完毕，你就可以开始灌注。",
            "border": false,
            "images": [
                "betterendforge:textures/images/infusion_ritual/ritual_structure.png"
            ]
        },
        {
            "type": "image",
            "text": "在$(bold)灌注基座$()上放置主要原料，并在其它基座上放置催化剂。",
            "border": false,
            "images": [
                "betterendforge:textures/images/infusion_ritual/ritual_ready.png"
            ]
        },
        {
            "type": "text",
            "text": "你可以在 $(l:https://www.curseforge.com/minecraft/mc-mods/jei)JEI$(/l) 中查看配方。$(br2)只要最后放置主要原料或者右击$(bold)灌注基座$()即可开始灌注。"
        },
        {
            "type": "image",
            "text": "接下来你需要等待仪式完成。",
            "border": false,
            "images": [
                "betterendforge:textures/images/infusion_ritual/ritual_started.png"
            ]
        },
        {
            "type": "image",
            "text": "然后拿取仪式产物。",
            "border": false,
            "images": [
                "betterendforge:textures/images/infusion_ritual/ritual_finished.png"
            ]
        }
    ]
}
