{
    "name": "缘翘陆龟" , 
    "icon": "untamedwilds:textures/icon/tortoise/marginated.png" , 
    "category": "untamedwilds:tortoise_category" , 
    "pages": [
        {
            "type": "text" , 
            "title": "缘翘陆龟" , 
            "text": "缘翘陆龟($(o)Testudo marginata$())是陆龟科的一种乌龟$(br2)该物种是希腊、意大利和南欧巴尔干半岛的特有品种。$(br2)它是欧洲最大的乌龟。$(br2)缘翘陆龟是草食性的，会在冬天交配。"
        } , 
        {
            "type": "entity" , 
            "entity": "untamedwilds:tortoise{Variant: 3, Size: 1}" , 
            "text": ""
        } , 
        {
            "type": "text" , 
            "title": "缘翘陆龟" , 
            "text": "相对大小：\u2605\u2605\u2606\u2606\u2606$(br2)始终活动$(br2)1种肤色$(br2)最喜欢的食物：minecraft:apple$(br2)种类数量：5$(br2)成长时间：6天"
        }
    ]
}