{
  "name": "鉴定卷轴",
  "icon": "scriptor:identify_scroll",
  "category": "scriptor:discovery",
  "pages": [
    {
      "type": "patchouli:text",
      "text": [
        "鉴定卷轴是研究法术的有用工具，能够协助考察那些晦涩或是独特的法术部件。",
        "$(br2)",
        "它的使用方式非常简单！",
        "用鼠标在物品栏中拿起鉴定卷轴，",
        "然后在持有卷轴时，右击法术书即可鉴定！"
      ]
    },
    {
      "type": "patchouli:text",
      "text": [
        "经鉴定的法术书会展现其中所有部件对应的信息，",
        "但$(l)不会$()展示信息和部件之间的确切对应关系。",
        "$(br2)",
        "默认情况下，通常能在下列位置找到这些卷轴：",
        "$(li)村庄箱子",
        "$(li)地牢战利品箱",
        "$(li)埋藏的宝藏",
        "$(li)以及更多位置！"
      ]
    },
    {
      "type": "patchouli:entity",
      "entity": "minecraft:villager",
      "name": "交易",
      "text": "可在图书管理员处用绿宝石购买鉴定卷轴。"
    }
  ]
}