{
  "name": "弹力效果",
  "icon": "arcanuscontinuum:textures/spell_components/effects/colored/bouncy_effect.png",
  "category": "arcanuscontinuum:spellcraft",
  "sortnum": 404,
  "advancement": "arcanuscontinuum:arcane/wizard_level_8",
  "pages": [
    {
      "type": "patchouli:text",
      "text": "重量：无$(br)魔力消耗：5$(br)冷却时间：0秒$(br2)描述：$(br)当目标从高空跌落时会重新弹起，同时使目标免疫摔落伤害。链式该效果会使持续时间更久。"
    },
    {
      "type": "patchouli:image",
      "border": true,
      "images": [
        "arcanuscontinuum:textures/gui/patchouli/entries/effects/bouncy_effect.png"
      ]
    }
  ]
}
