{
  "name": "铜之诅咒效果",
  "icon": "arcanuscontinuum:textures/spell_components/effects/colored/copper_curse_effect.png",
  "category": "arcanuscontinuum:spellcraft",
  "sortnum": 109,
  "advancement": "arcanuscontinuum:arcane/wizard_level_8",
  "pages": [
    {
      "type": "patchouli:text",
      "text": "重量：无$(br)魔力消耗：8$(br)冷却时间：0秒$(br2)描述：$(br)当目标拾起物品时，随机将物品转化为粗铜。牛奶不会解除该效果，但是睡觉会减少20分钟持续时间。链式该效果会使持续时间更久。"
    },
    {
      "type": "patchouli:image",
      "border": true,
      "images": [
        "arcanuscontinuum:textures/gui/patchouli/entries/effects/copper_curse_effect.png"
      ]
    }
  ]
}
