{
  "name": "危险感知效果",
  "icon": "arcanuscontinuum:textures/spell_components/effects/colored/danger_sense_effect.png",
  "category": "arcanuscontinuum:spellcraft",
  "sortnum": 205,
  "advancement": "arcanuscontinuum:arcane/wizard_level_8",
  "pages": [
    {
      "type": "patchouli:text",
      "text": "重量：无$(br)魔力消耗：5$(br)冷却时间：0秒$(br2)描述：$(br)当飞弹或爆炸即将伤害目标时，有概率将目标传送至安全位置。链式该效果提升传送概率。"
    },
    {
      "type": "patchouli:image",
      "border": true,
      "images": [
        "arcanuscontinuum:textures/gui/patchouli/entries/effects/danger_sense_effect.png"
      ]
    }
  ]
}
