{
  "name": "点燃效果",
  "icon": "arcanuscontinuum:textures/spell_components/effects/colored/fire_effect.png",
  "category": "arcanuscontinuum:spellcraft",
  "sortnum": 101,
  "advancement": "arcanuscontinuum:arcane/wizard_level_2",
  "pages": [
    {
      "type": "patchouli:text",
      "text": "重量：无$(br)法力消耗：2$(br)冷却时间：0秒$(br2)描述$(br)使目标进入极短时间的着火状态。链式该效果会使持续时间更久。"
    },
    {
      "type": "patchouli:image",
      "border": true,
      "images": [
        "arcanuscontinuum:textures/gui/patchouli/entries/effects/fire_effect.png"
      ]
    }
  ]
}
