{
  "name": "生长效果",
  "icon": "arcanuscontinuum:textures/spell_components/effects/colored/growth_effect.png",
  "category": "arcanuscontinuum:spellcraft",
  "sortnum": 305,
  "advancement": "arcanuscontinuum:arcane/wizard_level_4",
  "pages": [
    {
      "type": "patchouli:text",
      "text": "重量：无$(br)魔力消耗：6$(br)冷却时间：0秒$(br2)描述：$(br)目标仅能用于加速农作物与动物生长。链式该效果使得强度更高。"
    },
    {
      "type": "patchouli:image",
      "border": true,
      "images": [
        "arcanuscontinuum:textures/gui/patchouli/entries/effects/growth_effect.png"
      ]
    }
  ]
}
