{
  "name": "治愈效果",
  "icon": "arcanuscontinuum:textures/spell_components/effects/colored/heal_effect.png",
  "category": "arcanuscontinuum:spellcraft",
  "sortnum": 200,
  "advancement": "arcanuscontinuum:arcane/wizard_level_1",
  "pages": [
    {
      "type": "patchouli:text",
      "text": "重量：无$(br)魔力消耗：5$(br)冷却时间：0秒$(br2)描述：$(br)治愈目标少量生命值。链式该效果提高治愈量。"
    },
    {
      "type": "patchouli:image",
      "border": true,
      "images": [
        "arcanuscontinuum:textures/gui/patchouli/entries/effects/heal_effect.png"
      ]
    }
  ]
}
