{
  "name": "冰冻效果",
  "icon": "arcanuscontinuum:textures/spell_components/effects/colored/ice_effect.png",
  "category": "arcanuscontinuum:spellcraft",
  "sortnum": 103,
  "advancement": "arcanuscontinuum:arcane/wizard_level_2",
  "pages": [
    {
      "type": "patchouli:text",
      "text": "重量：无$(br)魔力消耗：2$(br)冷却时间：0秒$(br2)描述：$(br)开始冻结目标，降低其移速并可能造成伤害。链式该效果会使持续时间更久。"
    },
    {
      "type": "patchouli:image",
      "border": true,
      "images": [
        "arcanuscontinuum:textures/gui/patchouli/entries/effects/ice_effect.png"
      ]
    }
  ]
}
