{
  "name": "魔力之翼效果",
  "icon": "arcanuscontinuum:textures/spell_components/effects/colored/mana_wings_effect.png",
  "category": "arcanuscontinuum:spellcraft",
  "sortnum": 407,
  "advancement": "arcanuscontinuum:arcane/wizard_level_10",
  "pages": [
    {
      "type": "patchouli:text",
      "text": "重量：无$(br)魔力消耗：8.5$(br)冷却时间：0秒$(br2)描述：$(br)为目标赋予短暂的鞘翅飞行权限，在效果结束前可进行所有常规鞘翅飞行动作。链式该效果会使持续时间更久。"
    },
    {
      "type": "patchouli:image",
      "border": true,
      "images": [
        "arcanuscontinuum:textures/gui/patchouli/entries/effects/mana_wings_effect.png"
      ]
    }
  ]
}
