{
  "name": "魔力护盾效果",
  "icon": "arcanuscontinuum:textures/spell_components/effects/colored/mana_shield_effect.png",
  "category": "arcanuscontinuum:spellcraft",
  "sortnum": 205,
  "advancement": "arcanuscontinuum:arcane/wizard_level_10",
  "pages": [
    {
      "type": "patchouli:text",
      "text": "重量：无$(br)魔力消耗：8$(br)冷却时间：0秒$(br2)描述：$(br)在目标周围创建一枚魔法护盾。链式该效果会使持续时间更久。"
    },
    {
      "type": "patchouli:image",
      "border": true,
      "images": [
        "arcanuscontinuum:textures/gui/patchouli/entries/effects/mana_shield_effect.png"
      ]
    }
  ]
}
