{
  "name": "速度效果",
  "icon": "arcanuscontinuum:textures/spell_components/effects/colored/speed_effect.png",
  "category": "arcanuscontinuum:spellcraft",
  "sortnum": 402,
  "advancement": "arcanuscontinuum:arcane/wizard_level_8",
  "pages": [
    {
      "type": "patchouli:text",
      "text": "重量：无$(br)魔力消耗：7$(br)冷却时间：0秒$(br2)描述：$(br)给目标短暂的速度状态效果。链式该效果会增强速度等级。"
    },
    {
      "type": "patchouli:image",
      "border": true,
      "images": [
        "arcanuscontinuum:textures/gui/patchouli/entries/effects/speed_effect.png"
      ]
    }
  ]
}
