{
  "name": "时间膨胀效果",
  "icon": "arcanuscontinuum:textures/spell_components/effects/colored/temporal_dilation_effect.png",
  "category": "arcanuscontinuum:spellcraft",
  "sortnum": 44,
  "advancement": "arcanuscontinuum:arcane/wizard_level_10",
  "pages": [
    {
      "type": "patchouli:text",
      "text": "重量：无$(br)魔力消耗：10$(br)冷却时间：0秒$(br2)描述：$(br)在目标周围创建一个泡泡，当任意其他实体进入泡泡时减缓其时间流逝。链式该效果会使持续时间更久。"
    },
    {
      "type": "patchouli:image",
      "border": true,
      "images": [
        "arcanuscontinuum:textures/gui/patchouli/entries/effects/temporal_dilation_effect.png"
      ]
    }
  ]
}
