{
    "name": "拉氏翻车鱼" , 
    "icon": "untamedwilds:textures/icon/sunfish/southern.png" , 
    "category": "untamedwilds:sunfish_category" , 
    "pages": [
        {
            "type": "text" , 
            "title": "拉氏翻车鱼" , 
            "text": "它与更广为人知的Mola Mola有着紧密的亲缘关系，其分布于南半球。"
        } , 
        {
            "type": "entity" , 
            "entity": "untamedwilds:sunfish{Variant: 1, Size: 1}" , 
            "text": ""
        } , 
        {
            "type": "text" , 
            "title": "拉氏翻车鱼" , 
            "text": "相对大小：\u2605\u2605\u2605\u2606\u2606$(br2)始终活动$(br2)1种肤色$(br2)最喜欢的食物：untamedwilds:chum$(br2)种类数量：5$(br2)成长时间：6天"
        }
    ]
}