{
    "name": "卡布奇诺咖啡",
    "icon": "coffeecraft:coffee_cappuccino",
    "category": "coffeecraft:coffee",
    "pages": [
        {
            "type": "patchouli:text",
            "text": "尽情享受我们卡布奇诺咖啡的优雅奶油，丝滑牛奶与纯正浓缩咖啡的完美搭配！享受和谐平衡的口感。顶部的奶油顶为您营造出奢华舒适的咖啡体验。"
        },
        {
            "type": "coffeecraft:template_coffee_crafting",
            "text": "调制卡布奇诺咖啡！",
            "item0": "coffeecraft:coffee_powder#2",
            "item1": "minecraft:milk_bucket",
            "item2": "minecraft:air",
            "result": "coffeecraft:coffee_cappuccino"
        }
    ]
}