{
    "name": "意式浓缩咖啡",
    "icon": "coffeecraft:short_mug",
    "category": "coffeecraft:coffee",
    "pages": [
        {
            "type": "patchouli:text",
            "text": "品尝我们的意式浓缩咖啡，感受来自亚平宁半岛的纯正咖啡。慢慢品尝，品味这款经久不衰、深受喜爱的经典咖啡浓郁、柔滑的口感。"
        },
        {
            "type": "coffeecraft:template_coffee_maker_short",
            "text": "调制意式浓缩咖啡！",
            "item0": "coffeecraft:coffee_powder",
            "item1": "coffeecraft:coffee_powder",
            "item2": "coffeecraft:coffee_powder",
            "result": "coffeecraft:short_mug"
        }
    ]
}