{
    "name": "蜂蜜咖啡",
    "icon": "coffeecraft:coffee_honey",
    "category": "coffeecraft:coffee",
    "pages": [
        {
            "type": "patchouli:text",
            "text": "品尝我们蜂蜜咖啡的独特甜味，蜂蜜的天然精华为每一口增添了愉悦的感觉。尽情享受浓郁咖啡风味和微妙蜂蜜底色的和谐平衡，创造出美味芳香和令人满意的饮料。"
        },
        {
            "type": "coffeecraft:template_coffee_crafting",
            "text": "调制蜂蜜咖啡！",
            "item0": "coffeecraft:coffee_powder#2",
            "item1": "minecraft:honey_bottle",
            "item2": "minecraft:air",
            "result": "coffeecraft:coffee_honey"
        }
    ]
}