{
    "name": "冰咖啡",
    "icon": "coffeecraft:coffee_iced",
    "category": "coffeecraft:coffee",
    "pages": [
        {
            "type": "patchouli:text",
            "text": "喝一杯我们清爽的冰咖啡，放松身心。冰块慢慢融化，让您尽享清爽提神的口感。炎炎夏日，弱水三千，应取这一瓢饮。"
        },
        {
            "type": "coffeecraft:template_coffee_crafting",
            "text": "调制冰咖啡！",
            "item0": "coffeecraft:coffee_powder#2",
            "item1": "minecraft:ice",
            "item2": "minecraft:air",
            "result": "coffeecraft:coffee_iced"
        }
    ]
}