{
    "name": "意式廊构咖啡",
    "icon": "coffeecraft:long_mug",
    "category": "coffeecraft:coffee",
    "pages": [
        {
            "type": "patchouli:text",
            "text": "尽情享受我们的意式廊构（Lungo）咖啡的柔滑和细腻口味。这是一种深度萃取的浓缩咖啡。享受其均衡的口感，在更温和的浓度下感受新鲜研磨咖啡豆的浓郁精华。"
        },
        {
            "type": "coffeecraft:template_coffee_crafting",
            "text": "调制意式廊构咖啡！",
            "item0": "coffeecraft:coffee_powder#2",
            "item1": "minecraft:air",
            "item2": "minecraft:air",
            "result": "coffeecraft:long_mug"
        }
    ]
}