{
    "name": "摩卡咖啡",
    "icon": "coffeecraft:coffee_mocha",
    "category": "coffeecraft:coffee",
    "pages": [
        {
            "type": "patchouli:text",
            "text": "在我们的摩卡咖啡中体验浓郁可可和浓烈咖啡的绝妙融合。顺滑的浓缩咖啡、奶油与牛奶和甜美巧克力的绝妙组合，为您带来奢华而令人满意的饮料，使你心安神定。"
        },
        {
            "type": "coffeecraft:template_coffee_crafting",
            "text": "调制摩卡咖啡！",
            "item0": "coffeecraft:coffee_powder#2",
            "item1": "minecraft:milk_bucket",
            "item2": "minecraft:cocoa_beans",
            "result": "coffeecraft:coffee_mocha"
        }
    ]
}