{
    "name": "加糖的意式廊构咖啡",
    "icon": "coffeecraft:coffee_sweet_lungo",
    "category": "coffeecraft:coffee",
    "pages": [
        {
            "type": "patchouli:text",
            "text": "感受比超凡更脱俗的意式廊构咖啡！享受深度萃取后顺滑、醇厚的口味与淡淡的焦糖或巧克力底色的完美结合，创造出一杯令人满意且令人陶醉的咖啡。"
        },
        {
            "type": "coffeecraft:template_coffee_crafting",
            "text": "调制加糖的意式廊构咖啡！",
            "item0": "coffeecraft:coffee_powder#2",
            "item1": "minecraft:sugar",
            "item2": "minecraft:air",
            "result": "coffeecraft:coffee_sweet_lungo"
        }
    ]
}