{
    "name": "加糖的意式浓缩咖啡",
    "icon": "coffeecraft:coffee_sweet_expresso",
    "category": "coffeecraft:coffee",
    "pages": [
        {
            "type": "patchouli:text",
            "text": "为意式浓缩咖啡增加一丝甜蜜！在浓郁咖啡香气和沁人心脾的甜蜜中寻找新的和谐，为您注入更多能量。"
        },
        {
            "type": "coffeecraft:template_coffee_crafting",
            "text": "调制加糖的意式浓缩咖啡！",
            "item0": "coffeecraft:coffee_powder",
            "item1": "minecraft:sugar",
            "item2": "minecraft:air",
            "result": "coffeecraft:coffee_sweet_expresso"
        }
    ]
}