{
  "name": "灵体召唤",
  "icon": "minecraft:white_candle",
  "category": "reactive:results",
  "advancement": "reactive:make_crucible",
  "turnin": "reactive:see_allay_summon",
  "pages": [
    {
      "type": "patchouli:text",
      "text": "$(1)坩埚应该可以用来召唤灵体。有些人可能会认为简单释放灵魂即可，但实际的操作会比较复杂，实操总是难于理论。$(br2)我认为点燃的蜡烛具有精神价值，应该对这一过程有所帮助。"
    },
    {
      "type": "patchouli:text",
      "text": "此外，召唤出的灵体品性随机。而如果真是这样，意识能量能让灵体偏向善良的一面。"
    },
    {
      "type": "patchouli:text",
      "text": "$(o)$(l:intro/curse)某一种能量$(/l)自然会使召唤的灵体几乎都是邪恶的。$(br2)不清楚你为什么会想这样做，但决定权在你。"
    }
    ]
}
