{
  "name": "魔法粉笔",
  "icon": "arsomega:magic_chalk",
  "category": "arsomega:arcane_equipment",
  "pages": [
    {
      "type": "text",
      "text": "魔法粉笔可在地面上直接绘制出魔法粉笔线条。这些线迹能接受一个触摸法术，法术羊皮纸或法术书均可，之后线迹会向所有触摸到它的实体施放此法术。线迹可被多次注入并积累层数，每次触发会消耗一层。魔法粉笔不会对所有者生效，是理想的防御圈材料。"
    },
    {
      "type": "patchouli:crafting",
      "recipe": "arsomega:magic_chalk"
    },
    {
      "type": "patchouli:crafting",
      "recipe": "arsomega:marvelous_chalk"
    },
    {
      "type": "patchouli:crafting",
      "recipe": "arsomega:mystic_chalk"
    },
    {
      "type": "patchouli:crafting",
      "recipe": "arsomega:arcane_chalk"
    }
  ]
}