{
  "name": "采矿钻机",
  "icon": "industrialrenewal:mining",
  "category": "industrialrenewal:large_machines_category",
  "pages": [
    {
      "type": "patchouli:text",
      "text": "一台挖掘区块中矿石的大型机械，每tick消耗500RF(默认情况)，120ticks(默认情况)挖掘一个方块。$(br2)手持钢钻头、钻石钻头或深层钻头右键单击钻机即可安装钻头。需要提供红石信号以启动。尽管非必需，但仍高度建议使用水冷。温度过高时钻头会以四倍速度消耗耐久度。"
    }
  ]
}