{
  "category": "hexalia:enchanted_plants",
  "name": "噩兆葵",
  "icon": "hexalia:grimshade",
  "sortnum": 0,
  "pages": [
    {
      "type": "patchouli:spotlight",
      "item": "hexalia:grimshade",
      "text": "噩兆葵会将周围的骷髅转化成凋灵骷髅，将骷髅头颅（无论放置下来还是掉落的物品）转化成凋灵骷髅头颅。激活后，此花有小概率在受影响区域内生成凋灵玫瑰。$(br2)此花需要使用$(l:hexalia:items/hex_focus)巫能聚焦杖$()右击激活。"
    },
    {
      "type": "hexalia:transmutation",
      "recipe": "hexalia:grimshade_transmutation"
    }
  ]
}