{
  "category": "hexalia:enchanted_plants",
  "name": "月光百合",
  "icon": "hexalia:lunar_lily",
  "sortnum": 1,
  "pages": [
    {
      "type": "patchouli:spotlight",
      "item": "hexalia:lunar_lily",
      "text": "在夜晚给月光百合喂食$(l:hexalia:rituals/moonlight_ritual)白月水晶$()可激活之。激活后，月光百合会周期性为周围农作物和树苗播撒骨粉，持续 2 分钟。"
    },
    {
      "type": "hexalia:transmutation",
      "recipe": "hexalia:lunar_lily_transmutation"
    }
  ]
}