{
  "category": "hexalia:items",
  "name": "石匕首",
  "icon": "hexalia:stone_dagger",
  "sortnum": 2,
  "pages": [
    {
      "type": "patchouli:spotlight",
      "item": "hexalia:stone_dagger,hexalia:tree_resin",
      "text": "此物品可从深色橡木原木和棉杨木原木中割取$(#ce7e00)树脂$()。$(br2)用匕首对原木右击可剥皮，可能时还会产出树脂。"
    },
    {
      "type": "patchouli:crafting",
      "recipe": "hexalia:stone_dagger"
    },
    {
      "type": "patchouli:spotlight",
      "item": "hexalia:ritual_brazier",
      "text": "潜行时对木板右击可将其雕刻为仪式木堆，这种木堆是施展$(l:hexalia:rituals/ritual_table)仪式$()的必需品。"
    },
    {
      "type": "patchouli:image",
      "title": "仪式木堆",
      "images": [
        "hexalia:textures/gui/patchouli/ritual_brazier.png"
      ],
      "border": true
    }
  ]
}