{
    "name": "欢乐女神闪蝶" , 
    "icon": "untamedwilds:textures/icon/butterfly/morpho.png" , 
    "category": "untamedwilds:butterfly_category" , 
    "pages": [
        {
            "type": "text" , 
            "title": "欢乐女神闪蝶" , 
            "text": "Morpho didius，欢乐女神闪蝶，是属于蛱蝶科闪蝶亚科的一种新热带蝴蝶。$(br2)有一些作者认为其是蓝闪蝶的一个亚种。"
        } , 
        {
            "type": "entity" , 
            "entity": "untamedwilds:butterfly{Variant: 11, Size: 1}" , 
            "text": ""
        } , 
        {
            "type": "text" , 
            "title": "欢乐女神闪蝶" , 
            "text": "相对大小：\u2605\u2605\u2605\u2606\u2606$(br2)始终活动$(br2)1种肤色$(br2)最喜欢的食物：minecraft:dandelion$(br2)种类数量：4$(br2)成长时间：无天数"
        }
    ]
}