{
    "name": "流化器固体输入端口",
    "icon": "bigreactors:fluidizersolidinjector",
    "category": "bigreactors:fluidizer-parts",
    "read_by_default": true,
    "sortnum": 5,
    "pages": [
        {
            "type": "spotlight",
            "item": "bigreactors:fluidizersolidinjector",
            "link_recipe": true,
            "title" : "流化器固体输入端口",
            "text": "流化器固体输入端口允许您将现有的固体燃料（如锭）输入流化器，将它们转换为流体或将它们混合并产生新的燃料。"
        },
        {
            "type": "crafting-part_usage",
            "crafting.title1": "流化器固体输入端口",
            "crafting.recipe1": "bigreactors:fluidizer/solidinjector"
        }
    ]
}