{
    "name": "熔岩蜜蜂",
    "icon": "minecraft:magma_block",
    "read_by_default": true,
    "category": "productivebees:bees_wild",
    "pages": [
        {
            "type": "patchouli:text",
            "title": "Magmatic Bee",
            "text": "被发现生活在下界堡垒的下界砖蜂巢中。岩浆蜜蜂更喜欢为岩浆块或下界疣授粉.$(br)小心你建造围栏用的材料，这些虫子可以把圆石变成岩浆.",
            "anchor": "magmatic"
        },
        {
            "type": "patchouli:entity",
            "entity": "productivebees:configurable_bee{type:'productivebees:magmatic'}"
        }
    ]
}