{
    "name": "大砗磲" , 
    "icon": "untamedwilds:textures/icon/giant_clam/gigas.png" , 
    "category": "untamedwilds:giant_clam_category" ,
    "pages": [
        {
            "type": "text" , 
            "title": "大砗磲" , 
            "text": "大砗磲是砗磲属的成员，砗磲是现存最大的双壳纲软体动物。$(br2)大砗磲是濒危的砗磲物种之一。$(br2)安东尼奥·皮加费塔早在1521年就在他的日记中记录了这些。"
        } , 
        {
            "type": "entity" , 
            "entity": "untamedwilds:giant_clam{Variant: 1, Size: 1}" , 
            "text": ""
        } , 
        {
            "type": "text" , 
            "title": "大砗磲" , 
            "text": "相对大小：\u2605\u2605\u2605\u2606\u2606$(br2)始终活动$(br2)1种肤色$(br2)最喜欢的食物：无$(br2)种类数量：4$(br2)成长时间：6天"
        }
    ]
}