{
  "name": "铜盔甲",
  "icon": "mysticalworld:copper_chestplate",
  "category": "items",
  "pages": [
    {
      "type": "spotlight",
      "item": "mysticalworld:copper_ingot",
      "text": "铜能制造一套意外耐用的盔甲，穿戴时还能增加你的生命值上限！"
    },
    {
      "type": "crafting",
      "recipe": "mysticalworld:copper_helmet",
      "recipe2": "mysticalworld:copper_chestplate"
    },
     {
      "type": "crafting",
      "recipe": "mysticalworld:copper_leggings",
      "recipe2": "mysticalworld:copper_boots"
    }
  ]
}
