{
  "name": "臼与杵",
  "icon": "roots:mortar",
  "category": "automation",
  "read_by_default": true,
  "pages": [
    {
      "type": "text",
      "text": "The mortar and pestle can be provided ingredients by hoppers or other methods of delivering items to the top of the mortar.$(br2)A redstone comparator can be attached to determine when the mortar contains a valid recipe.$(br2)Finally, a dispenser containing a $(l:crafting/mortar_and_pestle)pestle$() can perform the craft."
    },
    {
      "type": "multiblock",
      "anchor": "multiblock",
      "multiblock": {
        "mapping": {
          "0": "roots:mortar",
          "D": "minecraft:dispenser[facing=west]",
          "S": "minecraft:stone",
          "1": "minecraft:redstone_wire[east=none,north=none,south=side,west=none]",
          "2": "minecraft:redstone_wire[east=none,north=side,south=side,west=side]",
          "3": "minecraft:unpowered_repeater[facing=north]",
          "4": "minecraft:unlit_redstone_torch[facing=up]",
          "5": "minecraft:hopper[facing=south]",
          "6": "minecraft:chest[facing=west]",
          "7": "minecraft:hopper[facing=down]",
          "8": "minecraft:redstone_wire[east=side,north=none,south=none,west=side]",
          "9": "minecraft:unpowered_repeater[facing=south]",
          "Q": "minecraft:redstone_wire[east=side,north=none,south=side,west=none]",
          "Z": "minecraft:redstone_wire[east=side,north=side,south=none,west=none]",
          "R": "minecraft:redstone_block"
        },
        "pattern": [
          ["      ","6     ","      "],
          ["      ","7     ","56    "],
          ["  Q9Z ","0 8 8 ","D12324"],
          ["SSSSSS","SSSSSS","SSSSSR"]
        ]
      },
      "text": "An example of the mortar set-up."
    },
    {
      "type": "relations",
      "anchor": "related",
      "entries": [
        "crafting/mortar_and_pestle"
      ]
    }
  ]
}