{
    "name": "反应堆流体端口",
    "icon": "bigreactors:reinforced_reactorfluidport_forge_passive",
    "category": "bigreactors:reactor-parts",
    "read_by_default": true,
    "sortnum": 10,
    "pages": [
        {
            "type": "patchouli:spotlight",
            "item": "bigreactors:reinforced_reactorfluidport_forge_passive",
            "link_recipe": true,
            "title" : "反应堆流体端口",
            "text": "反应堆流体端口允许您从$(l:bigreactors:reactor/active)主动冷却$(/l)反应堆中输入或提取流体。$(br2)该端口可以输入或输出原版中可作为有效的$(l:bigreactors:misc/coolantsystem)冷却剂或蒸汽$(/l)的液体。$(br2)可以用$(l:bigreactors:misc/wrench)扳手$(/l)改变端口的输入输出模式。"
        },
        {
            "type": "bigreactors:crafting1x",
            "title1": "强化(被动)",
            "recipe1": "bigreactors:reactor/reinforced/passivefluidport_forge",
            "title2": "强化(主动)",
            "recipe2": "bigreactors:reactor/reinforced/activefluidport_forge"
        },
        {
            "type": "bigreactors:part_usage"
        }
    ]
}