{
  "name": "创造物质",
  "icon": "minecraft:paper",
  "category": "reactive:reactions",
  "advancement": "reactive:reactions/astral_curse_annihilation",
  "pages": [
    {
      "type": "patchouli:text",
      "text": "$(bold)视觉特征：$()$(br)坩埚周围出现三个光球，同时坩埚中飘出烟。$(p)$(bold)实际效果：$()$(br)能量束射向光球所在的位置，制造出$(item)未定型物质$(0)。这些方块最终会坍缩为其他物质。"
    },
    {
      "type": "reactive:reaction",
      "reaction": "astral_curse_annihilation"
    }
  ]
}