{
    "name": "南方帝王蟹" , 
    "icon": "untamedwilds:textures/icon/king_crab/centolla.png" , 
    "category": "untamedwilds:king_crab_category" , 
    "pages": [
        {
            "type": "text" , 
            "title": "南方帝王蟹" , 
            "text": "Lithodes santolla，指南方帝王蟹，king crab or centolla，是一种帝王蟹,发现于南美洲南部，包括福克兰群岛/马尔维纳斯群岛.$(br2在智利，它大多生活在深150米($(o)49英尺$())的地方但是在40\u00b0 S以南，他被发现在深600米($(o)2000英尺)处。"
        } , 
        {
            "type": "entity" , 
            "entity": "untamedwilds:king_crab{Variant: 0, Size: 1}" , 
            "text": ""
        } , 
        {
            "type": "text" , 
            "title": "南方帝王蟹" , 
            "text": "相对大小：\u2605\u2605\u2605\u2606\u2606$(br2)始终活动$(br2)1种肤色$(br2)最喜欢的食物：minecraft:cod$(br2)种类数量：4$(br2)成长时间：无天数"
        }
    ]
}