{
    "name": "堪察加拟石蟹" , 
    "icon": "untamedwilds:textures/icon/king_crab/red.png" , 
    "category": "untamedwilds:king_crab_category" , 
    "pages": [
        {
            "type": "text" , 
            "title": "堪察加拟石蟹" , 
            "text": "堪察加拟石蟹($(o)Paralithodes camtschaticus$())，也被称为阿拉斯加帝王蟹，是一种帝王蟹，原产于白令海和阿拉斯加湾。$(br2)它被引入巴伦支海。$(br2)它的腿部完全展开可达1.8米($(o)5.9英尺$())，是重点捕捞蟹种。"
        } , 
        {
            "type": "entity" , 
            "entity": "untamedwilds:king_crab{Variant: 1, Size: 1}" , 
            "text": ""
        } , 
        {
            "type": "text" , 
            "title": "堪察加拟石蟹" , 
            "text": "相对大小：\u2605\u2605\u2605\u2606\u2606$(br2)始终活动$(br2)1种肤色$(br2)最喜欢的食物：minecraft:cod$(br2)种类数量：4$(br2)成长时间：无天数"
        }
    ]
}