{
    "name": "刺鲎" , 
    "icon": "untamedwilds:textures/icon/king_crab/spiny.png" , 
    "category": "untamedwilds:king_crab_category" , 
    "pages": [
        {
            "type": "text" , 
            "title": "刺鲎" , 
            "text": "Paralithodes rathbuni，指刺鲎，是石蟹科拟石蟹属的一个种。$(br2)它被发现于加利福尼亚州附近的东太平洋。"
        } , 
        {
            "type": "entity" , 
            "entity": "untamedwilds:king_crab{Variant: 2, Size: 1}" , 
            "text": ""
        } , 
        {
            "type": "text" , 
            "title": "刺鲎" , 
            "text": "相对大小：\u2605\u2605\u2606\u2606\u2606$(br2)始终活动$(br2)1种肤色$(br2)最喜欢的食物：minecraft:cod$(br2)种类数量：4$(br2)成长时间：无天数"
        }
    ]
}