{
  "name": "爆炸构型",
  "icon": "arcanuscontinuum:textures/spell_components/shapes/colored/explosion_shape.png",
  "category": "arcanuscontinuum:spellcraft",
  "sortnum": 9,
  "advancement": "arcanuscontinuum:arcane/wizard_level_7",
  "pages": [
    {
      "type": "patchouli:text",
      "text": "重量：非常重$(br)魔力消耗：0$(br)魔力倍率：+25%$(br)效力修正：+0%$(br)冷却时间：3秒$(br2)描述：$(br)创造一个能够引起爆炸大型爆发能量体，作用于施法者周遭的多个实体与方块，但不会对施法者起效。"
    },
    {
      "type": "patchouli:image",
      "border": true,
      "images": [
        "arcanuscontinuum:textures/gui/patchouli/entries/shapes/explosion_shape.png"
      ]
    }
  ]
}
