{
    "name": "末地精华",
    "icon": "endreborn:item_end_essence",
    "category": "world",
	"advancement": "endreborn:endreborn/mine_essence",
    "priority": true,
    "pages": [
        {
            "type": "text",
            "text": "我最近注意到一个发着光的奇怪黑曜石方块，看起来这个黑曜石不单单是非常坚硬这么简单……我需要带走一些这样的材料。虽然这材料不是必要的，但是它在我的世界里却相当稀少。"
        },
	{
            "type": "spotlight",
            "item": "endreborn:block_essence_ore",
            "link_recipe": true
        }
    ]
}