{
    "name": "泰坦鸟" , 
    "icon": "untamedwilds:textures/icon/terror_bird/titanis.png" , 
    "category": "untamedwilds:terror_bird_category" , 
    "pages": [
        {
            "type": "text" , 
            "title": "泰坦鸟" ,
            "text": "其正模标本是零散的，只有一个不完整的右跗跖骨($(o)胫骨$())和指骨($(o)趾骨$())，但它来自已知最大的一种骇鸟个体。"
        } , 
        {
            "type": "entity" , 
            "entity": "untamedwilds:terror_bird{Variant: 4, Size: 1}" , 
            "text": ""
        } , 
        {
            "type": "text" , 
            "title": "泰坦鸟" , 
            "text": "相对大小：\u2605\u2605\u2605\u2606\u2606$(br2)日间活动$(br2)1种肤色$(br2)最喜欢的食物：minecraft:rabbit$(br2)种类数量：5$(br2)成长时间：无天数"
        }
    ]
}