{
	"name": "Assembly Required",
	"category": "assemblylinemachines:items",
	"icon": "assemblylinemachines:music_disc_assembly_required",
	"pages":[
		{
			"type": "spotlight",
			"item": "assemblylinemachines:music_disc_assembly_required",
			"title": "Assembly Required",
			"link_recipe": true,
			"text": "如果你对来自你友好的社区模组开发团队的史诗级电子音乐感兴趣，那么就别再寻找了，就在这张唱片中。$(p)要获取它，可以将任何原版音乐唱片与钛锭在流体搅拌机中与熔岩混合在一起。"
		},
		{
			"type": "image",
			"images":[
				"assemblylinemachines:textures/gui/patchouli/assembly_required.png"
			],
			"title": "安全隐患",
			"border": true,
			"text": "$(7)$(o)注意：由NinjaKittens（Dax Flame）制作的强烈节奏音乐非常出色。"
		}
	]
}