{
	"name": "肥料",
	"category": "assemblylinemachines:items",
	"icon": "assemblylinemachines:fertilizer",
	"pages":[
		{
			"type": "text",
			"text": "肥料是将锯末与其他材料混合后的绝妙组合。它的范围比骨粉要大。"
		},
		{
			"type": "spotlight",
			"item": "assemblylinemachines:sludge",
			"link_recipe": true,
			"text": "污泥在肥料生产中是必不可少的。$(p)污泥是液缸失败配方的产物，你也可以在搅拌机中将两份有机物与水搅拌获得。"
		},
		{
			"type": "crafting",
			"recipe": "assemblylinemachines:crafting/fertilizer",
			"text": "肥料可以在3x3范围内生效！"
		},
		{
			"type": "spotlight",
			"item": "assemblylinemachines:enhanced_fertilizer",
			"link_recipe": true,
			"text": "强化肥料可以在5x5范围内生效！$(p)想要获得它，你需要在锯木机中加工绯红菌核获得副产物$(item)绯红锯末$()。$(p)将它与一个肥料在搅拌机中与熔岩混合即可获得强化肥料。"
		},
		{
			"type": "spotlight",
			"item": "assemblylinemachines:ultimate_fertilizer",
			"link_recipe": true,
			"text": "终极肥料可以在7x7范围内生效！$(p)想要获得它，你需要在锯木机中加工诡异菌核获得副产物$(item)诡异锯末$()。$(p)将它与一个强化肥料在搅拌机中与浓缩虚空混合即可获得终极肥料。"
		},
		{
			"type": "spotlight",
			"item": "assemblylinemachines:chaotic_fertilizer",
			"link_recipe": true,
			"text": "混沌肥料可以在10x10范围内生效！$(p)想要获得它，你需要在锯木机中加工混沌原木获得副产物$(l:age5#chaosbarklog)混沌锯末$(/l)。$(p)将它与一个终极肥料在搅拌机中与暗能量混合即可获得混沌肥料。"
		}
	]
}