{
	"name": "升级套件",
	"category": "assemblylinemachines:items",
	"icon": "assemblylinemachines:electric_upgrade_kit",
	"pages":[
		{
			"type": "text",
			"text": "如果你的机器中已经安装了一些升级，而你又不想麻烦地将升级转移到升级版本中，试试$(1)升级套件$()。手持物品SHIFT并右击一个物品可以将其升级，并将内部物品转移到适当的新槽位。"
		},
		{
			"type": "crafting",
			"recipe": "assemblylinemachines:crafting/electric_upgrade_kit",
			"text": "$(4)电力升级套件$()能将所有动力机器(即动力搅拌机和磨粉机)转化为对应的电力机器。"
		},
		{
			"type": "crafting",
			"recipe": "assemblylinemachines:crafting/mkii_upgrade_kit",
			"text": "$(9)MKII升级套件$()能将所有电力机器转化为对应的MKII版本并保留所有升级。此外MKII机器的任何输入输出都会放置在第一个处理槽。"
		}
	]
}