{
	"name": "电动扳手",
	"category": "assemblylinemachines:items",
	"icon": "assemblylinemachines:wrench_o_matic",
	"pages":[
		{
			"type": "crafting",
			"recipe": "assemblylinemachines:crafting/wrench_o_matic",
			"text": "$(8)电动扳手是一种方便的设备，可以对世界中的机器进行配置。"
		},
		{
			"type": "text",
			"text": "电动扳手有三种模式，在准星没对准任何东西时，你可以SHIFT右键更改模式。这些模式分别是：$(li)$(9)交互模式$()，可以使机器旋转90°。$(li)$(2)扳手模式$()，可以更改管道的连接器所在方位或创造新的连接器。$(li)$(4)愤怒模式$()，增加扳手的伤害和击退。$(br)你也可以为愤怒模式应用$(l:items/enchantments#engineersfury)工程师之怒$()附魔。"
		}
	]
}