{
  "name": "重力操纵",
  "icon": "reactive:secret_scale",
  "category": "reactive:results",
  "advancement": "reactive:gravity_research",
  "pages": [
    {
      "type": "patchouli:spotlight",
      "item": "reactive:secret_scale",
      "text": "$(o)此材料作为实体存在时完全不受重力影响，而在合适的激发下，它还能将这种属性给予其他实体。"
    },
    {
      "type": "patchouli:text",
      "text": "$(o)首先，手持之 Shift 左击船以安到船上，这艘船在被破坏之前会一直处于失重状态。驾驶它遨游天际不是问题。$(p)这么做已经非常有效了⸺但我们还能做得更好。"
    },
    {
      "type": "patchouli:spotlight",
      "item": "minecraft:potion[potion_contents={potion:\"reactive:no_gravity\"}]",
      "text": "$(o)将这种鳞片酿造入$(item)浓稠的药水$(0)，所得药水能令服用者短时间内失重。$(p)"
    },
    {
      "type": "patchouli:crafting",
      "recipe": "reactive:gravity_beam_crafting",
      "text": "$(o)与红石灯配合使用时，这种鳞片的性质会投射为一束能够抵消重力的光，接触它的$(thing)生物$(0)和$(thing)物品实体$(0)不会受到重力影响。"
    },
    {
      "type": "patchouli:crafting",
      "recipe": "reactive:gravity_chandelier_crafting",
      "text": "$(o)最后，与足够强的无限光源结合，这种鳞片就能创造出一种球形的反重力场。"
    },
    {
      "type": "patchouli:text",
      "text": "$(o)单击$(item)重力灯台$(0)就可偏移其影响范围，Shift 左击则能取消视觉效果。$(br2)$(o)你可能会觉得在失重情况下行动比较困难⸺我推荐尝试$(l:reactive:results/flow)风的能量$(/l)。"
    },
    {
      "type": "reactive:transmute",
      "recipe": "secret_scale_duplication",
      "text": "$(o)如果不想再用同一种方式制造鳞片，可以简单地复制它们。"
    }
  ],

  "extra_recipe_mappings": {
    "reactive:secret_scale": 0
  }
}
