{
  "processor": "dev.hyperlynx.reactive.integration.patchouli.TransmuteComponentProcessor",
  "components": [
    {
      "type": "patchouli:header",
      "text": "嬗变",
      "x": -1,
      "y": -1
    },
    {
      "type": "patchouli:item",
      "item": "#reactant",
      "x": 15,
      "y": 15,
      "framed": true
    },
    {
      "type": "patchouli:item",
      "item": "#product",
      "x": 80,
      "y": 15,
      "framed": true,
      "link_recipe": true
    },
    {
      "type": "patchouli:image",
      "image": "reactive:textures/gui/tf.png",
      "width": 64,
      "height": 64,
      "texture_width": 64,
      "texture_height": 64,
      "x": 23,
      "y": 5
    },
    {
      "type": "patchouli:text",
      "text": "#reagents",
      "y": 56
    },
    {
      "type": "patchouli:text",
      "text": "#text",
      "y": 68
    }
  ]
}