{
  "index": {"id": "root", "icon": "neepmeat:meat_steel_ingot", "text": "root","entries": [
    {"type": "page", "id": "intro", "icon": "neepmeat:meat_steel_ingot", "text": "Introduction"},
    {"type": "article", "id": "fluids", "icon": "neepmeat:ethereal_fuel_bucket", "text": "Power Transfer"},
    {"type": "menu", "id": "getting_started", "icon": "neepmeat:motor_unit", "text": "Getting Started", "entries": [
      {"type": "page", "id": "brains", "icon": "neepmeat:brain_rough", "text": "Brains", "lookup": "neepmeat:brain_rough"},
      {"type": "page", "id": "meat", "icon": "neepmeat:raw_meat_brick", "text": "Meat", "lookup": ["neepmeat:raw_meat_brick"]},
      {"type": "page", "id": "blood", "icon": "neepmeat:blood_bucket", "text": "Blood", "lookup": ["neepmeat:blood_bucket", "neepmeat:sacrificial_dagger"]},
      {"type": "page", "id": "integrator", "icon": "neepmeat:integrator_egg", "text": "Integrator Organism", "lookup": ["neepmeat:integrator_egg", "neepmeat:advanced_integrator"]},
      {"type": "page", "id": "enlightening", "icon": "neepmeat:pedestal", "text": "Enlightening", "lookup": ["neepmeat:pedestal"]},
      {"type": "page", "id": "charnel_compactor", "icon": "neepmeat:charnel_compactor", "text": "Charnel Compactor", "lookup": "neepmeat:charnel_compactor"}
    ]},
    {"type": "menu", "id": "power", "icon": "neepmeat:motor_unit", "text": "Power", "entries": [
      {"type": "page", "id": "fluids", "icon": "neepmeat:ethereal_fuel_bucket", "text": "Energetic Fluids", "lookup": "neepmeat:ethereal_fuel_bucket"},
      {"type": "page", "id": "fuel_transducer", "icon": "neepmeat:transducer", "text": "Fuel Transducer", "lookup": "neepmeat:transducer"},
      {"type": "page", "id": "power_flower", "icon": "neepmeat:power_flower_growth", "text": "Power Flower", "lookup": ["neepmeat:power_flower_seeds", "neepmeat:power_flower_growth", "neepmeat:power_flower_controller", "neepmeat:power_flower_fluid_port"]},
      {"type": "page", "id": "heart_machine", "icon": "neepmeat:fluid_exciter", "text": "Heart Machine", "lookup": "neepmeat:fluid_exciter"}
      ]},
    {"type": "menu", "id": "farming", "icon": "neepmeat:motor_unit", "text": "Farming", "entries": [
      {"type": "page", "id": "gland_potato", "icon": "neepmeat:flesh_potato", "text": "Gland Potato", "lookup": "neepmeat:gland_potato"},
      {"type": "page", "id": "whisper_wheat", "icon": "neepmeat:whisper_wheat", "text": "Whisper Wheat", "lookup": ["neepmeat:whisper_wheat", "neepmeat:whisper_wheat_seeds", "neepmeat:whisper_flour", "neepmeat:whisper_bread"]},
      {"type": "page", "id": "blood_bubble_tree", "icon": "neepmeat:blood_bubble_sapling", "text": "Blood Bubble Tree", "lookup": ["neepmeat:blood_bubble_sapling", "neepmeat:blood_bubble"]},
      {"type": "page", "id": "feeding_trough", "icon": "neepmeat:feeding_trough", "text": "Feeding Trough", "lookup": ["neepmeat:feeding_trough", "neepmeat:animal_feed_bucket"]}
    ]},
    {"type": "menu", "id": "rotary_machines", "icon": "neepmeat:motor_unit", "text": "Rotary Machines", "entries": [
        {"type": "page", "id": "mixer", "icon": "neepmeat:mixer", "text": "Mixer", "lookup": "neepmeat:mixer"},
        {"type": "page", "id": "trommel", "icon": "neepmeat:small_trommel", "text": "Trommel", "lookup": "neepmeat:small_trommel"},
        {"type": "page", "id": "motor", "icon": "neepmeat:motor_unit", "text": "Motor", "lookup": "neepmeat:motor_unit"},
        {"type": "page", "id": "advanced_motor", "icon": "neepmeat:advanced_motor", "text": "Advanced Motor", "lookup": "neepmeat:advanced_motor"},
        {"type": "page", "id": "stirling_engine", "icon": "neepmeat:stirling_engine", "text": "Stirling Engine", "lookup": "neepmeat:stirling_engine"},
        {"type": "page", "id": "grinder", "icon": "neepmeat:grinder", "text": "Crusher", "lookup": "neepmeat:grinder"},
        {"type": "page", "id": "bottler", "icon": "neepmeat:bottler", "text": "Bottler", "lookup": "neepmeat:bottler"},
        {"type": "page", "id": "item_mincer", "icon": "neepmeat:item_mincer", "text": "Item Mincer", "lookup": "neepmeat:item_mincer"},
        {"type": "page", "id": "large_mincer", "icon": "neepmeat:mincer", "text": "Large Mincer", "lookup": "neepmeat:mincer"},
        {"type": "page", "id": "pylon", "icon": "neepmeat:pylon", "text": "Pylon", "lookup": "neepmeat:pylon"}
    ]},
    {"type": "menu", "id": "fluid_machines", "icon": "neepmeat:motor_unit", "text": "Vascular Power Machines", "entries": [
      {"type": "page", "id": "heater", "icon": "neepmeat:heater", "text": "Heater", "lookup": "neepmeat:heater"},
      {"type": "page", "id": "phage_ray", "icon": "neepmeat:phage_ray", "text": "Phage Ray", "lookup": "neepmeat:phage_ray"}
    ]},
    {"type": "menu", "id": "living_machines_menu", "icon": "neepmeat:living_machine_controller", "text": "Living Machines", "entries": [
      {"type": "page", "id": "living_machines", "icon": "neepmeat:living_machine_controller", "text": "Living Machines",
        "lookup":
        ["neepmeat:living_machine_controller", "neepmeat:machine_block", "neepmeat:base_machine_block", "neepmeat:meat_steel_machine_block", "neepmeat:meat_steel_machine_block_2", "neepmeat:skin_machine_block"]},
      {"type": "page", "id": "phage_ray", "icon": "neepmeat:phage_ray", "text": "Phage Ray", "lookup": "neepmeat:phage_ray"},
      {"type": "page", "id": "crusher_segment", "icon": "neepmeat:crusher_segment", "text": "Large Crusher", "lookup": "neepmeat:crusher_segment"},
      {"type": "page", "id": "large_trommel", "icon": "neepmeat:large_trommel", "text": "Large Trommel", "lookup": "neepmeat:large_trommel"},
      {"type": "page", "id": "tree_vacuum", "icon": "neepmeat:tree_vacuum", "text": "Tree Vacuum", "lookup": "neepmeat:tree_vacuum"},
      {"type": "page", "id": "charnel_pump", "icon": "neepmeat:charnel_pump", "text": "Charnel Pump", "lookup": "neepmeat:charnel_pump"},
      {"type": "page", "id": "large_compressor", "icon": "neepmeat:large_compressor", "text": "Large Compressor", "lookup": "neepmeat:large_compressor"}
    ]},
    {"type": "menu", "id": "plc", "icon": "neepmeat:plc", "text": "PLC and Manufacturing", "entries": [
      {"type": "page", "id": "plc", "icon": "neepmeat:plc", "text": "PLC", "lookup": ["neepmeat:plc", "neepmeat:executor"]},
      {"type": "menu", "id": "neepasm_menu", "icon": "neepmeat:plc", "text": "NEEPASM Language", "entries": [
        {"type": "page", "id": "neepasm", "icon": "neepmeat:plc", "text": "NEEPASM"},
        {"type": "page", "id": "stack", "icon": "neepmeat:plc", "text": "Stack Operations"},
        {"type": "page", "id": "labels", "icon": "neepmeat:plc", "text": "Labels and Branches"},
        {"type": "page", "id": "functions", "icon": "neepmeat:plc", "text": "Functions and Aliases"},
        {"type": "page", "id": "macros", "icon": "neepmeat:plc", "text": "Macros"}
      ]},
      {"type": "page", "id": "plc_instructions", "icon": "neepmeat:plc", "text": "Instructions"},
      {"type": "page", "id": "plc_workbenches", "icon": "neepmeat:surgery_platform", "text": "PLC Workbenches"},
      {"type": "page", "id": "implants", "icon": "neepmeat:pineal_eye", "text": "Implants", "lookup": ["neepmeat:pineal_eye", "neepmeat:extra_mouth", "neepmeat:extra_knees", "neepmeat:lung_extensions"]},
      {"type": "page", "id": "implant_manager", "icon": "neepmeat:upgrade_manager", "text": "Implant Manager", "lookup": ["neepmeat:upgrade_manager"]}
    ]},
    {"type": "menu", "id": "ore_processing", "icon": "neepmeat:motor_unit", "text": "Ore Processing", "entries": [
      {"type": "page", "id": "eldritch_enzymes", "icon": "neepmeat:eldritch_enzymes_bucket", "text": "Eldritch Enzymes", "lookup": "neepmeat:eldritch_enzymes_bucket"},
      {"type": "page", "id": "trommel", "icon": "neepmeat:small_trommel", "text": "Trommel", "lookup": ["neepmeat:small_trommel", "neepmeat:large_trommel"]},
      {"type": "page", "id": "crucible", "icon": "neepmeat:crucible", "text": "Rendering Basin", "lookup": "neepmeat:crucible"},
      {"type": "page", "id": "collector", "icon": "neepmeat:collector", "text": "Fat Collector", "lookup": "neepmeat:collector"},
      {"type": "page", "id": "press", "icon": "neepmeat:hydraulic_press", "text": "Hydraulic Press", "lookup": "neepmeat:hydraulic_press"},
      {"type": "page", "id": "charnel_pump", "icon": "neepmeat:charnel_pump", "text": "Charnel Pump", "lookup": "neepmeat:charnel_pump"}
    ]},
    {"type": "menu", "id": "meat_processing", "icon": "neepmeat:raw_meat_brick", "text": "Meat Processing", "entries": [
      {"type": "page", "id": "meat", "icon": "neepmeat:raw_meat_brick", "text": "Meat"},
      {"type": "page", "id": "large_mincer", "icon": "neepmeat:mincer", "text": "Large Mincer"},
      {"type": "page", "id": "trommel", "icon": "neepmeat:small_trommel", "text": "Trommel"},
      {"type": "page", "id": "item_mincer", "icon": "neepmeat:item_mincer", "text": "Item Mincer", "lookup": "neepmeat:item_mincer"}
    ]},
    {"type": "menu", "id": "fluid_transport", "icon": "neepmeat:motor_unit", "text": "Fluid Transport", "entries": [
      {"type": "page", "id": "fluid_pipe", "icon": "neepmeat:fluid_pipe", "text": "Fluid Pipes", "lookup": "neepmeat:fluid_pipe"},
      {"type": "page", "id": "valves", "icon": "neepmeat:check_valve", "text": "Valves", "lookup": ["neepmeat:fluid_pipe", "neepmeat:check_valve", "neepmeat:stop_valve", "neepmeat:limiter_valve"]},
      {"type": "page", "id": "flex_tank", "icon": "neepmeat:flex_tank", "text": "Flex Tanks", "lookup": ["neepmeat:flex_tank", "neepmeat:advanced_flex_tank"]},
      {"type": "page", "id": "fluid_drain", "icon": "neepmeat:fluid_drain", "text": "Fluid Drain", "lookup": "neepmeat_fluid_drain"},
      {"type": "page", "id": "fluid_interface", "icon": "neepmeat:fluid_interface", "text": "Fluid Interface", "lookup": "neepmeat:fluid_interface"},
      {"type": "page", "id": "fluid_rationer", "icon": "neepmeat:fluid_rationer", "text": "Fluid Rationer", "lookup": "neepmeat:fluid_rationer"}
    ]},
    {"type": "menu", "id": "item_transport", "icon": "neepmeat:item_pipe", "text": "Item Transport", "entries": [
      {"type": "page", "id": "item_pipe", "icon": "neepmeat:item_pipe", "text": "Item Pipes", "lookup": ["neepmeat:item_pipe", "neepmeat:merge_item_pipe"]},
      {"type": "page", "id": "ejector", "icon": "neepmeat:ejector", "text": "Item Extraction", "lookup": ["neepmeat:ejector", "neepmeat:item_pump"]},
      {"type": "page", "id": "router", "icon": "neepmeat:router", "text": "Item Sorter", "lookup": "neepmeat:router"},
      {"type": "page", "id": "dumper", "icon": "neepmeat:dumper", "text": "Smart Dumper", "lookup": "neepmeat:dumper"}
    ]},
    {"type": "menu", "id": "misc", "icon": "neepmeat:essential_saltes", "text": "Misc", "entries": [
      {"type": "page", "id": "cloning", "icon": "neepmeat:essential_saltes", "text": "Cloning", "lookup": "neepmeat:essential_saltes"},
      {"type": "page", "id": "synthesiser", "icon": "neepmeat:synthesiser", "text": "Oviparous Synthesiser", "lookup": "neepmeat:synthesiser"},
      {"type": "page", "id": "airtruck", "icon": "meatweapons:airtruck", "text": "Airtruck", "lookup": "meatweapons:airtruck"}
    ]},
    {"type": "menu", "id": "weapons", "icon": "meatweapons:assault_drill", "text": "Weapons", "entries": [
      {"type": "page", "id": "assault_drill", "icon": "meatweapons:assault_drill", "text": "Assault Drill", "lookup": "meatweapons:assault_drill"}
    ]}
  ]}
}
