{
    "name": "海带是新的煤炭",
    "icon": "minecraft:kelp",
    "category": "turtlemancy:getting_started",
    "pages": [
        {
            "type": "spotlight",
        	"item": "minecraft:kelp",
            "text": "身为一个$(#009432)海龟术士$()，你将会很容易获得和烤干海带：$(br) $(li)施展$(l)$(l:spells/apprentice_spells#kelp_collector)海带收集术$()来获得$(item)海带$()。$(br) $(li)使用$(l)$(l:turtlemy/turtlemy_101)海龟术$()将其变成$(item)干海带$()。"
        },
        {
            "type": "spotlight",
        	"item": "minecraft:dried_kelp_block",
            "text": "干海带块比煤炭好多了，而且现在更容易获得！"
        }
    ]
}