{
  "name": "矿物",
  "category": "world",
  "icon": "bewitchment:amethyst",
  "pages": [
	{
	  "type": "text",
	  "text": "无机矿物质，无论是宝石还是石头或者金属，在巫术艺术中同样重要。"
	},
	{
	  "type": "empty",
	  "draw_filler": false
	},
	{
	  "type": "text",
	  "title": "贝壳灰岩",
	  "text": "一种发现在海滩上的沉积岩，这种石头和海洋有一种强力的联系，事实上，它本身就是由海洋中的甲壳类动物遗骸所组成。"
	},
	{
	  "type": "image",
	  "images": [
		"bewitchment:textures/gui/patchouli/coquina.png"
	  ],
	  "border": true
	},
	{
	  "type": "text",
	  "title": "紫水晶",
	  "text": "一种非常受欢迎的紫色水晶体，它被用来辅助提高进攻性魔法的威力，一些人声称它可以影响健康积极性"
	},
	{
	  "type": "image",
	  "images": [
		"bewitchment:textures/gui/patchouli/amethyst.png"
	  ],
	  "border": true
	},
	{
	  "type": "text",
	  "title": "石榴石",
	  "text": "一种深紫红色宝石，这种宝石非常擅长防护邪恶魔法等诸如此类的魔法。具有防御属性。"
	},
	{
	  "type": "image",
	  "images": [
		"bewitchment:textures/gui/patchouli/garnet.png"
	  ],
	  "border": true
	},
	{
	  "type": "text",
	  "title": "蛋白石",
	  "text": "一种以变彩效应或者“火”而闻名的白色的宝石，它可以变换出灿烂的流光，这取决于它被如何拿着。这种宝石能增幅支援类魔法，比如增强力量等"
	},
	{
	  "type": "image",
	  "images": [
		"bewitchment:textures/gui/patchouli/opal.png"
	  ],
	  "border": true
	},
	{
	  "type": "text",
	  "title": "盐",
	  "text": "在浅层地下发现的矿物，虽然看起来不显然，但盐可以用来防御所有种类的超自然生物，勉强扮演着一道天然的屏障"
	},
	{
	  "type": "image",
	  "images": [
		"bewitchment:textures/gui/patchouli/salt.png"
	  ],
	  "border": true
	},
	{
	  "type": "text",
	  "title": "银",
	  "text": "一种光亮的金属，仅伴生于金矿周围。代表了纯洁的月亮，银是一种用于许多魔法设备的令人向往的金属。它也被发现可以广泛地应用于猎杀超自然生物，比如狼人，但是吸血鬼和其他亡灵生物也受它的影响"
	},
	{
	  "type": "image",
	  "images": [
		"bewitchment:textures/gui/patchouli/silver.png"
	  ],
	  "border": true
	}
  ]
}
