{
  "name": "树木",
  "category": "world",
  "icon": "bewitchment:elder_sapling",
  "pages": [
	{
	  "type": "text",
	  "text": "常见于各种树林之中, 树木是大多数巫术的关键道具。"
	},
	{
	  "type": "empty",
	  "draw_filler": false
	},
	{
	  "type": "text",
	  "title": "柏树",
	  "text": "在针叶环境中(如Taigas地形)发现的一种高大而黑暗的树。这种树与死亡和来世有关，对制备死亡低潮烟雾至关重要。尽管如此，用柏木制成的扫把在飞行中可以给骑手带来暂时的抗性提升。"
	},
	{
	  "type": "image",
	  "images": [
		"bewitchment:textures/gui/patchouli/cypress.png"
	  ],
	  "border": true
	},
	{
	  "type": "text",
	  "title": "接骨木",
	  "text": "接骨木是一种在茂密的森林中常见的树，包括常见的森林和桦树森林。这棵树与智慧有关，树苗产生智慧液滴。用这棵树的木头制作的魔法扫把是最快的。这棵树也产生多汁的浆果，这是你父亲曾经闻到的。"
	},
	{
	  "type": "image",
	  "images": [
		"bewitchment:textures/gui/patchouli/elder.png"
	  ],
	  "border": true
	},
	{
	  "type": "text",
	  "title": "杜松",
	  "text": "一种主要在干旱地区发现的树，最常见的是在萨瓦纳草原。这棵树以其强大的魔力而闻名，从幼树中提取的提取物被用来制作液化魔力。这种木质的扫把具有天生的魔力，不需要额外提供魔力。它产生小的蓝色莓状球果，是一种流行的香料。"
	},
	{
	  "type": "image",
	  "images": [
		"bewitchment:textures/gui/patchouli/juniper.png"
	  ],
	  "border": true
	},
	{
	  "type": "text",
	  "title": "龙血木",
	  "text": "一种稀少的树木，以其树脂而闻名，它有着许多用途，但最常见的用途是参与符文制作。这种树在自然环境下已经找不到了，但是某些炼金术士会以家养的形式种植这种树，他们或许会给其所信任的人一些树苗。用伯莱恩新月小刀剥去一个成熟的原木，会使得原木流出似血殷红的树脂。用这种木头做成的扫帚很快，速度仅次于接骨木。"
	},
	{
	  "type": "image",
	  "images": [
		"bewitchment:textures/gui/patchouli/dragonsblood.png"
	  ],
	  "border": true,
	  "text": "虽然速度略逊一筹，但是你可以将符文附着扫帚其上，扫帚上的符文效果会施加到骑手身上。"
	}
  ]
}
