{
  "name": "龙血木",
  "category": "trees",
  "icon": "bewitchment:dragons_blood_sapling",
  "pages": [
	{
	  "type": "text",
	  "title": "龙血木",
	  "text": "一种稀少的树木，以其树脂而闻名，它有着许多用途，但最常见的用途是参与符文制作。这种树在自然环境下已经找不到了，但是某些炼金术士会以家养的形式种植这种树，他们或许会给其所信任的人一些树苗。用伯莱恩新月小刀剥去一个成熟的原木，会使得原木流出似血殷红的树脂。用这种木头做成的扫帚很快，速度仅次于接骨木。"
	},
	{
	  "type": "image",
	  "images": [
		"bewitchment:textures/gui/patchouli/dragonsblood.png"
	  ],
	  "border": true,
	  "text": "虽然速度略逊一筹，但是你可以将符文附着扫帚其上，扫帚上的符文效果会施加到骑手身上。"
	}
  ]
}
