{
    "name": "短吻柠檬鲨" , 
    "icon": "untamedwilds:textures/icon/shark/lemon.png" , 
    "category": "untamedwilds:shark_category" , 
    "pages": [
        {
            "type": "text" , 
            "title": "短吻柠檬鲨" , 
            "text": "短吻柠檬鲨可长到3.4米($(o)11英尺$())长。$(br2)它们经常出现在亚热带浅水区，会栖息于当地，繁殖时会返回特定的繁殖地。$(br2)这些鲨鱼经常在晚上进食，它们利用电感受器来寻找它们的主要的猎物：鱼类。"
        } , 
        {
            "type": "entity" , 
            "entity": "untamedwilds:shark{Variant: 7, Size: 1}" , 
            "text": ""
        } , 
        {
            "type": "text" , 
            "title": "短吻柠檬鲨" , 
            "text": "相对大小：\u2605\u2605\u2606\u2606\u2606$(br2)始终活动$(br2)1种肤色$(br2)最喜欢的食物：untamedwilds:chum$(br2)种类数量：3$(br2)成长时间：7天"
        }
    ]
}