{
  "name": "魔法农业",
  "icon": "minecraft:vine",
  "category": "reactive:results",
  "advancement": "reactive:make_crucible",
  "turnin": "reactive:get_mnemonic_bulb",
  "pages": [
    {
      "type": "patchouli:text",
      "text": "使用奥术手段操纵植物的可行性已在历史中多次验证，记录颇丰，我们的炼金技艺也应当不例外。对繁茂能量进行简单实验，就能产生奇妙的结果。"
    },
    {
      "type": "patchouli:text",
      "text": "首先，在金徽记下使用植物的$(4)繁茂能量$(0)和第三基础能量，就能触发一个反应，并奇迹般地催熟周围的农作物。$(br2)需注意此反应只会尝试催熟$(4)与坩埚同高度或低一格$(0)的农作物。"
    },
    {
      "type": "reactive:transmute",
      "recipe": "vine_plus_light",
      "text": "此外，向$(item)藤蔓$(0)中注入基础能量可制造某些植物。"
    },
    {
      "type": "reactive:transmute",
      "recipe": "flower_vine_from_vine",
      "text": "例如，与生命能量融合所制造的植物有一种相当强的生命力。"
    },
    {
      "type": "reactive:transmute",
      "recipe": "vine_plus_soul",
      "text": "大多数此类生命形式的形态都有些不自然。"
    },
    {
      "type": "reactive:transmute",
      "recipe": "mind_lichen_from_vine",
      "text": "值得考虑开展对$(l:reactive:items/mnemonic)此类样本$(/l)的深度研究。"
    },
    {
      "type": "reactive:transmute",
      "recipe": "vine_plus_acid",
      "text": "就连下界中的奇怪植物都能以这种方式产生。"
    },
    {
      "type": "reactive:transmute",
      "recipe": "vine_plus_warp",
      "text": "炼金术的成就之中，此类流程必有一席。"
    }
  ]
}