{
  "name": "敌意法球构型",
  "icon": "arcanuscontinuum:textures/spell_components/shapes/colored/aggressorb_shape.png",
  "category": "arcanuscontinuum:spellcraft",
  "sortnum": 14,
  "advancement": "arcanuscontinuum:arcane/wizard_level_10",
  "pages": [
    {
      "type": "patchouli:text",
      "text": "重量：非常重$(br)魔力消耗：0$(br)魔力倍率：-20%$(br)效力修正：+0%$(br)冷却时长：10秒$(br2)描述：$(br)这是一个独特的法术构型，可在目标身上持续积累（默认为施法者自身）。最多可叠加8层法球，当目标进行近战攻击时，所有法球将瞬间激发！"
    },
    {
      "type": "patchouli:image",
      "border": true,
      "images": [
        "arcanuscontinuum:textures/gui/patchouli/entries/shapes/aggressorb_shape.png"
      ]
    }
  ]
}
