{
  "name": "反击构型",
  "icon": "arcanuscontinuum:textures/spell_components/shapes/colored/counter_shape.png",
  "category": "arcanuscontinuum:spellcraft",
  "sortnum": 10,
  "advancement": "arcanuscontinuum:arcane/wizard_level_7",
  "pages": [
    {
      "type": "patchouli:text",
      "text": "重量：重$(br)魔力消耗：0$(br)魔力倍率：+20%$(br)效力修正：+0%$(br)冷却时间：15秒$(br2)描述：$(br)在目标周围创建几个魔法灵光。当目标受到攻击，向攻击者施放法术效果。"
    },
    {
      "type": "patchouli:image",
      "border": true,
      "images": [
        "arcanuscontinuum:textures/gui/patchouli/entries/shapes/counter_shape.png"
      ]
    }
  ]
}
