{
  "name": "高球构型",
  "icon": "arcanuscontinuum:textures/spell_components/shapes/colored/lob_shape.png",
  "category": "arcanuscontinuum:spellcraft",
  "sortnum": 5,
  "advancement": "arcanuscontinuum:arcane/wizard_level_3",
  "pages": [
    {
      "type": "patchouli:text",
      "text": "重量：轻$(br)魔力消耗：0$(br)魔力倍率：+0%$(br)效力修正：+0%$(br)冷却时间：1秒$(br2)描述：$(br)创造一个受重力影响的慢速魔法能量法球。十分适合越过障碍物打击那些躲起来的敌人！"
    },
    {
      "type": "patchouli:image",
      "border": true,
      "images": [
        "arcanuscontinuum:textures/gui/patchouli/entries/shapes/lob_shape.png"
      ]
    }
  ]
}
