{
  "name": "符文构型",
  "icon": "arcanuscontinuum:textures/spell_components/shapes/colored/rune_shape.png",
  "category": "arcanuscontinuum:spellcraft",
  "sortnum": 8,
  "advancement": "arcanuscontinuum:arcane/wizard_level_7",
  "pages": [
    {
      "type": "patchouli:text",
      "text": "重量：重$(br)魔力消耗：0$(br)魔力倍率：+0%$(br)效力修正：+0%$(br)冷却时间：2.5秒$(br2)描述：$(br)创造一个几乎看不见的魔法符文，当它被踏入时，激活其法术效果与链式法术构型。"
    },
    {
      "type": "patchouli:image",
      "border": true,
      "images": [
        "arcanuscontinuum:textures/gui/patchouli/entries/shapes/rune_shape.png"
      ]
    }
  ]
}
