{
  "name": "复杂法术",
  "icon": "scriptor:spellbook",
  "category": "scriptor:advanced",
  "advancement": "scriptor:complex_spells",
  "pages": [
    {
      "type": "patchouli:text",
      "text": [
        "严格来讲，法术可以包含任意数量的行为词，每个行为词又可以对应任意数量的描述词。",
        "现在你手头有一句复杂法术，就可以复现这一特性了！",
        "$(br)",
        "选定一句拥有多个行为词的法术，观察时注意以下两点：",
        "$(li)每一部段中咒词的结构$()",
        "$(li)有没有额外的咒词分割这些段落$()"
      ]
    },
    {
      "type": "patchouli:text",
      "text": [
        "好在这些复杂法术中某些假设依然成立。",
        "$(br)",
        "比如说，“影响行为词的描述词必然出现在行为词旁边”，",
        "以及“每个部段中行为词和描述词的顺序必然一致”。",
        "$(br2)",
        "而且，行为词的解析必然从左至右进行，",
        "法术中位置越靠左侧的行为词必然先产生效果。"
      ]
    }
  ]
}