{
  "name": "施法水晶",
  "icon": "scriptor:casting_crystal",
  "category": "scriptor:advanced",
  "pages": [
    {
      "type": "patchouli:text",
      "text": [
        "简而言之，施法水晶可用于更改施法讲台的“自身”目标。",
        "本条目介绍其机制细节事项。",
        "合成方式上的细节请见$(l:crafting/crystals)该合成条目$(/l)。",
        "$(br2)",
        "对施法讲台右击时，施法水晶会修改所施放法术的“自身”目标。",
        "大概是这样。"
      ]
    },{
      "type": "patchouli:text",
      "text": [
        "特别地，受影响的施法讲台所施放法术的施法位置仍是讲台，",
        "但那些以物品栏为目标，以及以自身为目标的部件",
        "则会重定向至校准水晶中的目标。",
        "$(br2)",
        "例如，传送弹射物依然会从讲台的背面射出；但当其击中目标时，",
        "该目标会被传送至水晶所设定的位置。",
        "$(br2)",
        "施法水晶只会重定向至距讲台 16 格范围内的目标。"
      ]
    },
    {
      "type": "patchouli:text",
      "anchor": "player",
      "title": "玩家",
      "text": [
        "玩家校准水晶是施法水晶的一种。",
        "这类水晶用于校准聚焦至某一位玩家。",
        "合成方式上的细节请见$(l:crafting/crystals#player)该合成条目$(/l)。",
        "$(br2)",
        "手持未绑定的玩家校准水晶右击即可令其绑定至你。",
        "当讲台以你为目标，且你身处距讲台 16 格范围内时，大多数情况下你都会是法术中的“自身”目标。"
      ]
    },
    {
      "type": "patchouli:text",
      "anchor": "coordinates",
      "title": "坐标",
      "text": [
        "另一种施法水晶便是坐标校准水晶。",
        "这类水晶用于校准聚焦至世界中的一处或多处坐标。",
        "合成方式上的细节请见$(l:crafting/crystals#coordinates)该合成条目$(/l)。",
        "$(br2)",
        "手持存储坐标数小于 4 的坐标校准水晶右击方块时，",
        "便会将$(l)所右击方块背后的方块，以及所右击面的对面$()存入坐标列表。",
        "对大多数法术而言，这样相当于将目标设定为你所右击的方块上所右击的面，",
        "但其中差别还需注意区分。",
        "$(br2)",
        "施法讲台仅会校准至距其 16 格内的坐标。"
      ]
    }
  ]
}