{
  "name": "失效序列",
  "icon": "minecraft:cauldron",
  "category": "reactive:objects_of_study",
  "advancement": "reactive:see_crucible_fail",
  "pages": [
    {
      "type": "patchouli:text",
      "text": "$(o)啊！我的预感是正确的，但我没想到它会⸺嗯，如此剧烈。腐化单元消耗的不再是$(thing)基础能量$(0)了，而是开始消解坩埚自身的坚护性质。"
    },
    {
      "type": "patchouli:text",
      "text": "$(o)在单元还有基础能量可供消耗时，这种腐坏不会出现。$(br2)而且，我还观察到单元被摧毁⸺或者至少移开时⸺坚护性质都会迅速恢复。"
    },
    {
      "type": "patchouli:text",
      "text": "$(o)显然，这种失效的进行分为许多阶段。坩埚魔咒上的符文出现在空中，再是出现嗡鸣声，最后坩埚才会完全破损。$(br2)我确实很想知道阶段推进时，坩埚的何种功能也会失效。如果它的某种功能会产生明确$(4)信号$(0)，那么那种信号大概会消失，此时便可利用自动化系统阻止失效了。"
    }
  ]
}