{
    "name": "棕鬣狗" , 
    "icon": "untamedwilds:textures/icon/hyena/brown.png" , 
    "category": "untamedwilds:hyena_category" , 
    "pages": [
        {
            "type": "text" , 
            "title": "棕鬣狗" , 
            "text": "棕鬣狗($(o)Parahyaena brunnea$())，also called strandwolf，是一种鬣狗，发现于纳米比亚、博茨瓦纳、津巴布韦西部和南部、莫桑比克南部和南非。$(br2)它是棕鬣狗属唯一现存的物种。$(br2)它是目前最稀有的猎狗。"
        } , 
        {
            "type": "entity" , 
            "entity": "untamedwilds:hyena{Variant: 1, Size: 1}" , 
            "text": ""
        } , 
        {
            "type": "text" , 
            "title": "棕鬣狗" , 
            "text": "相对大小：\u2605\u2605\u2606\u2606\u2606$(br2)夜间活动$(br2)1种肤色$(br2)最喜欢的食物：minecraft:rotten_flesh$(br2)种类数量：2$(br2)成长时间：4天"
        }
    ]
}