{
  "name": "能量法杖",
  "icon": "reactive:incomplete_staff",
  "category": "reactive:items",
  "advancement": "reactive:see_synthesis",
  "pages": [
    {
      "type": "patchouli:text",
      "text": "$(1)我们总算到这一步了！法师们手持法杖掌控奥术的传说即将化作现实！真是激动人心！$(br2)所有三种已知的隐秘能量合一，即是故事与现实间门扉的钥匙。"
    },
    {
      "type": "patchouli:crafting",
      "recipe": "reactive:staff_crafting",
      "text": "$(1)首先，用金和铜制造一个简单的束柄以传导能量，在其末端装上一块纯化过的石英以作嵌座，再安上一块能将这种能量定向的板材。$(0)$(o)在你所处的情况下，一片固化传送门就应足够。"
    },
    {
      "type": "patchouli:text",
      "text": "$(1)如此造出的装置对$(4)周围坩埚排出的能量$(1)很敏感。特别地，隐秘能量则会与其共振并精校装置，但这需要你一次性排出超过半个坩埚的量。$(br2)$(4)按正确顺序使用三种隐秘能量后$(1)，法杖即校准完毕。"
    },
    {
      "type": "patchouli:text",
      "text": "$(1)法杖校准好后，需要排出任意量的基础能量之一作为制作过程的收束。法杖会获得对应能量的能力。$(br2)每制成一种法杖，我都会将有关细节记录在此。"
    },
    {
      "type": "patchouli:spotlight",
      "item": "reactive:mind_staff",
      "text": "$(item)奥术能量法杖$(1)能够进行简单的短程攻击。每次产生脉动时，它都会发射三束奥术能量，这些能量束会瞄准周围的活物。",
      "advancement": "reactive:get_mind_staff"
    },
    {
      "type": "patchouli:spotlight",
      "item": "reactive:blaze_staff",
      "text": "$(item)烈焰能量法杖$(1)会向你所看的方向发射烈焰人火球。这种火球会自动飞向你所看的实体，或你视线方向 32 格内任意一处。",
      "advancement": "reactive:get_blaze_staff"
    },
    {
      "type": "patchouli:spotlight",
      "item": "reactive:vital_staff",
      "text": "$(item)护生能量法杖$(1)在使用时会产生治疗光环，给予范围内活物生命恢复和一定量的生命提升。",
      "advancement": "reactive:get_vital_staff"
    },
    {
      "type": "patchouli:spotlight",
      "item": "reactive:light_staff",
      "text": "$(item)耀熠能量法杖$(1)会发生一束纯净的光耀能量。这束能量击中方块时会制造一种不可触的隐形光源。能束穿过的亡灵生物会开始燃烧。$(br2)像用它攻击一样挥动，就可摧毁附近的一个不可触光源。",
      "advancement": "reactive:get_light_staff"
    },
    {
      "type": "patchouli:spotlight",
      "item": "reactive:soul_staff",
      "text": "$(item)灵质能量法杖$(1)会召唤出足以完全消灭范围内活物的灵体云。$(br2)千万不要靠得太近⋯⋯",
      "advancement": "reactive:get_soul_staff"
    },
    {
      "type": "patchouli:spotlight",
      "item": "reactive:warp_staff",
      "text": "$(item)折跃能量法杖$(1)能传送活物。使用一次以选择生物，再次使用就会将其传送至你指向的位置。$(br2)跨越维度界限会切断法杖的连接。",
      "advancement": "reactive:get_warp_staff"
    }
  ],
  "extra_recipe_mappings": {
    "reactive:blaze_staff": 0,
    "reactive:mind_staff": 0,
    "reactive:soul_staff": 0,
    "reactive:warp_staff": 0,
    "reactive:vital_staff": 0,
    "reactive:light_staff": 0
  }
}