{
  "name": "烈焰能量",
  "icon": "minecraft:blaze_powder",
  "category": "reactive:objects_of_study",
  "advancement": "reactive:make_crucible",
  "pages": [
    {
      "type": "patchouli:text",
      "text": "在所有基础能量中，有四种是平凡的，不论从来源材料的获取简单，还是从坩埚中释放过程的轻松来讲都是这样。然而，烈焰棒中的能量依旧难以捉摸。$(br2)烈焰能量的重要性显而易见，但其与水会产生不良反应，捕获这种能量似乎不可能⋯⋯"
    },
    {
      "type": "patchouli:crafting",
      "recipe": "reactive:mounted_blaze_rod_crafting",
      "text": "我设计了一种将烈焰棒嵌入标格的装置。用铜做其端盖的材质能令其中的能量辐散出来，但可惜这种辐散太过微弱，无法影响到坩埚。要是能有种$(l:reactive:intro/symbols)强化能量传输$(0)的方式就再好不过了⋯⋯"
    },
    {
      "type": "patchouli:spotlight",
      "item": "minecraft:end_rod",
      "text": "$(o)前代文本还提及了另一种将烈焰棒嵌入方块的方式。这种紫色物质会将能量纯化为光，因此类似操作可从其中辐散光耀能量。"
    }
  ]
}