{
  "name": "促动盐",
  "icon": "reactive:motion_salt",
  "category": "reactive:objects_of_study",
  "advancement": "reactive:get_motion_salts",
  "pages": [
    {
      "type": "patchouli:spotlight",
      "item": "reactive:motion_salt",
      "text": "看啊！我所预言的物质奇迹般地出现了！我将这种物质称作$(item)标格破坏之盐$(0)。$(p)$(o)称呼为$(item)促动盐$(0)或许更好。"
    },
    {
      "type": "patchouli:crafting",
      "recipe": "reactive:motion_salt_block_crafting",
      "text": "这种盐比学徒之盐的硬度高得多。而制成方块后，它会表现出一种奇异的性质：其周围的方块会如$(item)沙子$(0)一样下落。"
    },
    {
      "type": "patchouli:crafting",
      "recipe": "reactive:framed_motion_salt_block_crafting",
      "text": "我也发现了一种带有铜框架的美观版本，并会抑制这种盐破坏标格的能力。"
    },
    {
      "type": "patchouli:text",
      "text": "我不知道这种奇怪物质的所有秘密是否全已被解开。正如制成方块时它会表现出一种奇特行为，则寻找其他行为表现也合乎逻辑。$(br2)也许某种$(4)高能激发$(0)能劝这种盐表现出又一种奇迹⋯⋯"
    }
  ]
}