{
    "name": "菜粉蝶" , 
    "icon": "untamedwilds:textures/icon/butterfly/cabbage.png" , 
    "category": "untamedwilds:butterfly_category" , 
    "pages": [
        {
            "type": "text" , 
            "title": "菜粉蝶" , 
            "text": "菜粉蝶是粉蝶科的一种黄白色的中小型蝴蝶。$(br2)其幼虫时期通常被称为\"菜青虫\"，对卷心菜、羽衣甘蓝、白菜、西兰花等十字花科植物来说是害虫"
        } , 
        {
            "type": "entity" , 
            "entity": "untamedwilds:butterfly{Variant: 3, Size: 1}" , 
            "text": ""
        } , 
        {
            "type": "text" , 
            "title": "菜粉蝶" , 
            "text": "相对大小：\u2605\u2605\u2606\u2606\u2606$(br2)始终活动$(br2)1种肤色$(br2)最喜欢的食物：minecraft:dandelion$(br2)种类数量：4$(br2)成长时间：无天数"
        }
    ]
}