{
    "name": "青凤蝶" , 
    "icon": "untamedwilds:textures/icon/butterfly/triangle.png" , 
    "category": "untamedwilds:butterfly_category" , 
    "pages": [
        {
            "type": "text" , 
            "title": "青凤蝶" , 
            "text": "Graphium sarpedon，指澳大利亚的青凤蝶或蓝三角蝶，是一种分布于南亚，东南亚以及澳大利亚东部的燕尾蝶。$(br2)大约有16个分布在不同地方的亚种。"
        } , 
        {
            "type": "entity" , 
            "entity": "untamedwilds:butterfly{Variant: 19, Size: 1}" , 
            "text": ""
        } , 
        {
            "type": "text" , 
            "title": "青凤蝶" , 
            "text": "相对大小：\u2605\u2605\u2606\u2606\u2606$(br2)始终活动$(br2)1种肤色$(br2)最喜欢的食物：minecraft:dandelion$(br2)种类数量：4$(br2)成长时间：无天数"
        }
    ]
}