{
  "name": "星灵能量",
  "icon": "reactive:divine_symbol",
  "category": "reactive:results",
  "advancement": "reactive:see_astral_synthesis",
  "turnin": "reactive:reactions/astral_curse_annihilation",
  "secret": true,
  "pages": [
    {
      "type": "patchouli:text",
      "text": "$(o)如果我能分离出那种能量⸺$(4)星灵能量$(0)，它理论上的外形会是什么样？$(p)显然，它会和诅咒能量一样，同化进入坩埚的所有能量。"
    },
    {
      "type": "reactive:transmute",
      "recipe": "divine_symbol",
      "text": "$(o)也许它也可绑定至某种新徽记，就和诅咒能量一样？$(p)如果说神秘徽记是一种能量源，这种徽记则会接受提供的能量之瓶，类似某种祭品。这种说法我挺喜欢的。"
    },
    {
      "type": "reactive:transmute",
      "recipe": "rending_plinth",
      "text": "$(o)如此基础的能量也许能够撕开空间。"
    },
    {
      "type": "reactive:transmute",
      "recipe": "eternal_life_sprig_from_flower_vine",
      "text": "$(o)也许它就是永生的关键？$(p)⋯⋯不对，这样还是有点过头了。"
    },
    {
      "type": "patchouli:text",
      "text": "$(o)也许，也许，它会和诅咒能量相湮灭？哦，我早就想到了！$(p)神圣的力量，混沌与秩序，潜能与行动⸺无论两者放在一起能创造出什么事物，它必定涉及到现实的基础，以至于无法预测。"
    }
  ]
}