{
  "name": "徽记",
  "icon": "reactive:copper_symbol",
  "category": "reactive:intro",
  "advancement": "reactive:make_crucible",
  "pages": [
    {
      "type": "patchouli:text",
      "text": "$(o)$(item)徽记$(0)能改变坩埚与环境交互的方式。每种徽记功能各不相同。$(p)使用时无需绑定，简单将其放在距坩埚若干格之内，而后等待即可。"
    },
    {
      "type": "reactive:transmute",
      "recipe": "copper_symbol",
      "text": "$(o)$(item)铜徽记$(0)发挥了铜的变化本性，促使周围方块中的能量向坩埚移动。"
    },
    {
      "type": "reactive:transmute",
      "recipe": "iron_symbol",
      "text": "$(o)$(item)铁徽记$(0)发挥了铁的防护本性，阻止周围方块或事件产生的能量进入坩埚。"
    },
    {
      "type": "reactive:transmute",
      "recipe": "gold_symbol",
      "text": "$(o)$(item)金徽记$(0)发挥了金的光耀，使得某些平时无法发生的反应发生。"
    },
    {
      "type": "patchouli:text",
      "text": "$(o)这些现象的背后机制不为人知，但似乎与冶金学有关。铜促进变化，铁促进稳定，金促进表现。"
    },
    {
      "type": "patchouli:text",
      "text": "$(o)对了，还有两件事：你可以用$(item)发射器$(0)自动放置徽记，用$(item)活塞$(0)推动它们时则会将其破坏。$(p)搭建切换徽记的设施时，这些属性能帮上大忙。"
    }
  ]
}