{
    "name": "眼镜熊" , 
    "icon": "untamedwilds:textures/icon/bear/spectacled.png" , 
    "category": "untamedwilds:bear_category" ,
    "pages": [
        {
            "type": "text" , 
            "title": "眼镜熊" , 
            "text": "它是南美洲唯一现存的熊，也是仅存的短面熊($(o)subfamily Tremarctinae$())。$(br2)眼镜熊主要是草食性的，但偶尔食肉。$(br2)由于其栖息地消失，该物种被世界自然保护联盟列为易危物种。"
        } , 
        {
            "type": "entity" , 
            "entity": "untamedwilds:bear{Variant: 6, Size: 1, hasShortSnout: 1}" ,
            "text": ""
        } , 
        {
            "type": "text" , 
            "title": "眼镜熊" , 
            "text": "相对大小：\u2605\u2605\u2606\u2606\u2606$(br2)黎明/黄昏时最活跃$(br2)1种肤色$(br2)最喜欢的食物：minecraft:apple$(br2)种类数量：1$(br2)成长时间：7天"
        }
    ]
}