{
    "name": "美洲黑熊" , 
    "icon": "untamedwilds:textures/icon/bear/black.png" , 
    "category": "untamedwilds:bear_category" ,
    "pages": [
        {
            "type": "text" , 
            "title": "美洲黑熊" , 
            "text": "美洲黑熊($(o)Ursus americanus$()),或者简称黑熊，是北美洲特有的中型熊。$(br2)它是陆地上最小、分布范围最广的一种熊。$(br2)美洲黑熊是杂食性动物，它们的饮食因季节和地点而异。"
        } , 
        {
            "type": "entity" , 
            "entity": "untamedwilds:bear{Variant: 0, Size: 1}" , 
            "text": ""
        } , 
        {
            "type": "text" , 
            "title": "美洲黑熊" , 
            "text": "相对大小：\u2605\u2605\u2606\u2606\u2606$(br2)黎明和黄昏时最活跃$(br2)4种肤色($(o)4种稀有肤色$())$(br2)最喜欢的食物：minecraft:sweet_berries$(br2)种类数量：2$(br2)成长时间：8天"
        }
    ]
}