{
  "name": "漂浮效果",
  "icon": "arcanuscontinuum:textures/spell_components/effects/colored/float_effect.png",
  "category": "arcanuscontinuum:spellcraft",
  "sortnum": 406,
  "advancement": "arcanuscontinuum:arcane/wizard_level_5",
  "pages": [
    {
      "type": "patchouli:text",
      "text": "重量：无$(br)法力消耗：10$(br)冷却时间：0秒$(br2)描述：$(br)允许目标在空中缓慢漂浮，直到他们受到伤害或效果被移除。链式该法术不会有任何效果。"
    },
    {
      "type": "patchouli:image",
      "border": true,
      "images": [
        "arcanuscontinuum:textures/gui/patchouli/entries/effects/float_effect.png"
      ]
    }
  ]
}
