{
  "name": "微缩效果",
  "icon": "arcanuscontinuum:textures/spell_components/effects/colored/shrink_effect.png",
  "category": "arcanuscontinuum:spellcraft",
  "sortnum": 306,
  "flag": "mod:pehkui",
  "advancement": "arcanuscontinuum:arcane/wizard_level_9",
  "pages": [
    {
      "type": "patchouli:text",
      "text": "重量：无$(br)魔力消耗：8$(br)冷却时间：0秒$(br2)描述：$(br)使目标短暂的缩小。链式该效果会使持续时间更久。"
    },
    {
      "type": "patchouli:image",
      "border": true,
      "images": [
        "arcanuscontinuum:textures/gui/patchouli/entries/effects/shrink_effect.png"
      ]
    }
  ]
}
