{
  "name": "蚕",
  "icon": "mysticalworld:silk_cocoon",
  "category": "creatures",
  "flag": "roots:silkworm",
  "pages": [
    {
      "type": "spotlight",
      "item": "mysticalworld:silkworm_egg",
      "text": "这种生物会慢慢长大并产出$(l:items/silk_cocoon)蚕茧$()。$(br2)它们不会在任何群系生成，也不能人工繁殖，不过能从蚕卵里孵出来。请翻到后面几页查看蚕卵在哪掉落。"
    },
    {
      "type": "entity",
      "name": "蚕",
      "entity": "mysticalworld:entity_silkworm",
      "scale": 1.5,
      "offset": -0.3,
      "text": "你可以通过对它们使用树叶来加速蚕茧的产生。"
    },
    {
      "type": "spotlight",
      "item": "minecraft:leaves",
      "flag": "roots:silkworm_leaves",
      "text": "喂给蚕的树叶会加速蚕茧的产生并增加蚕茧的产量。$(br2)蚕不会自然生成，也不能人工繁殖，但能从蚕卵中孵出来（有一定成功率）。$(br2)就像树苗一样，蚕卵可以通过破坏树叶获得。"
    }
  ]
}
