{
    "name": "双峰骆驼" , 
    "icon": "untamedwilds:textures/icon/camel/bactrian.png" , 
    "category": "untamedwilds:camel_category" ,
    "pages": [
        {
            "type": "text" , 
            "title": "双峰骆驼" , 
            "text": "双峰骆驼($(o)Camelus bactrianus$())，也被称为蒙古骆驼或家养双峰驼，是一种原产于中亚大草原的大型偶蹄动物。$(br2)它背上的双峰与单峰骆驼的单峰形成了鲜明对比。"
        } , 
        {
            "type": "entity" , 
            "entity": "untamedwilds:camel{Variant: 0, Size: 1}" , 
            "text": ""
        } , 
        {
            "type": "text" , 
            "title": "双峰骆驼" , 
            "text": "相对大小：\u2605\u2605\u2605\u2606\u2606$(br2)日间活动$(br2)1种肤色$(br2)最喜欢的食物：minecraft:cactus$(br2)种类数量：1$(br2)成长时间：13天"
        }
    ]
}