{
    "name": "灰烬穴居蜜蜂",
    "icon": "productivebees:spawn_egg_ashy_mining_bee",
    "read_by_default": true,
    "sortnum": 1,
    "category": "productivebees:bees_solitary",
    "pages": [
        {
            "type": "patchouli:text",
            "title": "Ashy Mining Bee",
            "text": "[Andrena cineraria]",
            "anchor": "ashy_mining"
        },
        {
            "type": "patchouli:entity",
            "entity": "productivebees:ashy_mining_bee"
        }
    ]
}