{
    "name": "巧克力穴居蜜蜂",
    "icon": "productivebees:spawn_egg_chocolate_mining_bee",
    "read_by_default": true,
    "sortnum": 5,
    "category": "productivebees:bees_solitary",
    "pages": [
        {
            "type": "patchouli:text",
            "title": "Chocolate Mining Bee",
            "text": "[]",
            "anchor": "chocolate_mining"
        },
        {
            "type": "patchouli:entity",
            "entity": "productivebees:chocolate_mining_bee"
        }
    ]
}