{
  "name": "流体罐",
  "sortnum": 12,
  "category": "justdirethings:items",
  "icon": "justdirethings:fluid_canister",
  "pages": [
    {
      "type": "patchouli:text",
      "text": "流体罐可以存储最多 8 桶液体。右击可倒出或装起流体，与铁桶类似。$(br2)Shift 右击可选择自动填充至物品栏内其他流体容器与否。共有三种选项：“无”，仅限“JustDireThings”的物品，“所有”（自动填充所有流体容器，所有模组的均可）。"
    },
    {
      "type": "patchouli:crafting",
      "title": "流体罐的配方",
      "recipe": "justdirethings:fluid_canister"
    }
  ]
}
