{
  "name": "高级点击器",
  "sortnum": 8,
  "category": "justdirethings:machines",
  "icon": "justdirethings:clickert2",
  "pages": [
    {
      "type": "patchouli:text",
      "text": "高级点击器是$(l:justdirethings:mach_clickert1)初级点击器$(/l)的升级版。其影响区域较大，且支持过滤方块和实体。$(br2)实体可用刷怪蛋和生物捕捉器过滤。$(br2)设置为左击敌对生物时很适合生物农场，右击成年生物就很适配动物繁殖场！"
    },
    {
      "type": "patchouli:crafting",
      "title": "高级点击器",
      "recipe": "justdirethings:clickert2"
    }
  ]
}
