{
    "name": "石英蜜蜂",
    "icon": "minecraft:quartz",
    "read_by_default": true,
    "category": "productivebees:bees_wild",
    "flag": "productivebees:crystalline",
    "pages": [
        {
            "type": "patchouli:text",
            "title": "Crystalline Bee",
            "text": "发现生活在下界的石英蜂巢中。石英蜜蜂更喜欢为含有或由下界石英制成的东西授粉。",
            "anchor": "crystalline"
        },
        {
            "type": "patchouli:entity",
            "entity": "productivebees:configurable_bee{type:'productivebees:crystalline'}"
        }
    ]
}