{
    "name": "末影龙蜜蜂",
    "icon": "productivebees:draconic_chunk",
    "read_by_default": true,
    "category": "productivebees:bees_wild",
    "pages": [
        {
            "type": "patchouli:text",
            "title": "Draconic Bee",
            "text": "很少发现生活在末地主岛的黑曜石柱子中。末影龙蜜蜂通过飞来飞去授粉，从末地的空中收集花蜜。如果有机会，他们也会啃龙蛋。",
            "anchor": "draconic"
        },
        {
            "type": "patchouli:entity",
            "entity": "productivebees:configurable_bee{type:'productivebees:draconic'}"
        }
    ]
}