{
    "name": "恶魂蜜蜂",
    "icon": "minecraft:ghast_tear",
    "read_by_default": true,
    "category": "productivebees:bees_wild",
    "pages": [
        {
            "type": "patchouli:text",
            "title": "Ghostly Bee",
            "text": "被发现生活在下界的灵魂沙蜂巢中。恶魂蜜蜂更喜欢为附近的灵魂沙授粉。",
            "anchor": "ghostly"
        },
        {
            "type": "patchouli:entity",
            "entity": "productivebees:configurable_bee{type:'productivebees:ghostly'}"
        }
    ]
}