{
    "name": "发光蜜蜂",
    "icon": "minecraft:glowstone_dust",
    "read_by_default": true,
    "category": "productivebees:bees_wild",
    "pages": [
        {
            "type": "patchouli:text",
            "title": "Glowing Bee",
            "text": "被发现生活在下界的发光巢穴中。发光蜜蜂更喜欢为发光方块（如萤石或灯）授粉。",
            "anchor": "glowing"
        },
        {
            "type": "patchouli:entity",
            "entity": "productivebees:configurable_bee{type:'productivebees:glowing'}"
        }
    ]
}