{
    "name": "黏液蜜蜂",
    "icon": "minecraft:slime_ball",
    "read_by_default": true,
    "category": "productivebees:bees_wild",
    "pages": [
        {
            "type": "patchouli:text",
            "title": "Slimy Bee",
            "text": "生活在沼泽生物群落的黏液蜂巢中。黏液蜜蜂更喜欢在沼泽地区发现的花朵，但也会使用其他生物群系的花朵。",
            "anchor": "slimy"
        },
        {
            "type": "patchouli:entity",
            "entity": "productivebees:configurable_bee{type:'productivebees:slimy'}"
        }
    ]
}