{
    "name": "流化器流体输入端口",
    "icon": "bigreactors:fluidizerfluidinjector",
    "category": "bigreactors:fluidizer-parts",
    "read_by_default": true,
    "sortnum": 6,
    "pages": [
        {
            "type": "spotlight",
            "item": "bigreactors:fluidizerfluidinjector",
            "link_recipe": true,
            "title" : "流化器流体输入端口",
            "text": "流化器流体输入端口允许您将现有的流体燃料加入流化器以混合它们并创建新的燃料。"
        },
        {
            "type": "crafting-part_usage",
            "crafting.title1": "流化器流体输入端口",
            "crafting.recipe1": "bigreactors:fluidizer/fluidinjector"
        }
    ]
}