{
  "name": "住所",
  "icon": "mythicmounts:textures/gui/book/dash.png",
  "category": "mythicmounts:care",
  "read_by_default": true,
  "pages": [
    {
      "type": "patchouli:text",
      "text": "在为坐骑建造住所时，需要考虑到许多坐骑都会喜欢既有足够的漫步空间，又能躲避恶劣天气的生活环境。$(br2)在这一点上，当单独行动或休息时，坐骑会自动在骑手最后一次下来的位置附近徘徊。"
    },
    {
      "type": "patchouli:text",
      "text": "$(br2)这与飞行坐骑尤其相关，因为它们可以在住所周围自由飞行，而不会有迷路的风险。$(br2)$(o)（所有坐骑如果被乘坐或是被命令跟随，将在以主人最后下来的位置为中心的垂直16x16方块内徘徊）"
    }
  ],
  "sortnum": 3
}