{
    "name": "海龟术士套装",
    "icon": "turtlemancy:turtle_helmet",
    "category": "turtlemancy:equipment",
    "pages": [
        {
            "type": "spotlight",
            "title": "海龟术士套装",
        	"item": "turtlemancy:turtle_helmet",
            "text": "海龟术士套装是抗性最强的盔甲之一，能承受最大的击打。$(br2)如果你装备一整套，你会获得额外的$(l)$(thing)六颗心$()，所以……考虑一下吧，$(playername)。"
        },
        {
            "type": "crafting",
        	"recipe": "turtlemancy:turtle_helmet",
            "title": "海龟术士头盔",
        	"text": "这不是你见过最酷的头盔吗？"
        },
        {
            "type": "crafting",
        	"recipe": "turtlemancy:turtle_chestplate",
        	"title": "海龟术士胸甲",
        	"text": "这可能至少会持续几次击打。去打龙什么的测试一下。来吧，不要成为$(thing)怂狗$()。"
        },
        {
            "type": "crafting",
        	"recipe": "turtlemancy:turtle_leggings",
        	"title": "Leggings",
        	"text": "记得穿一些紧身裤。也许不是这个如果你不想，但一定要穿一些裤子。"
        },
        {
            "type": "crafting",
        	"recipe": "turtlemancy:turtle_boots",
        	"text": "每当你要求自己选择靴子时，请记住：$(l)$(#fd79a8)时 尚$()排在第一位。"
        }
    ]
}