{
  "name": "传送门的晶化",
  "icon": "reactive:solid_portal",
  "category": "reactive:items",
  "advancement": "reactive:portal_freeze",
  "pages": [
    {
      "type": "patchouli:spotlight",
      "item": "reactive:solid_portal",
      "text": "$(o)向下界传送门中一次性注入足够多的意识能量，即可制成晶化下界传送门。$(p)在传送门框架不完整的情况下，可空手直接采集。"
    }
  ],
  "extra_recipe_mappings": {
    "reactive:solid_portal": 0
  }
}
