{
  "name": "大坝进水口",
  "icon": "industrialrenewal:dam_intake",
  "category": "industrialrenewal:dam_category",
  "pages": [
    {
      "type": "patchouli:text",
      "text": "当放置于水体旁边时产生水。$(br2)7x3x7大小的水池可以提供最高效率，这一效率还由天气与生物群系影响。右键单击进水口以检查水量。"
    },
    {
      "type": "patchouli:image",
      "images": ["industrialrenewal:textures/gui/book/intake.png"]
    },
    {
      "type": "patchouli:text",
      "text": "$(li)沙滩，河流，海洋: x2 $(li)恶地，沙漠，热带草原: x0.2 $(li)冻原，针叶林: x0.8 $(li)下界: x0 $(li)其他: x1"
    }
  ]
}