{
    "name": "中国大鲵" , 
    "icon": "untamedwilds:textures/icon/giant_salamander/chinese.png" , 
    "category": "untamedwilds:giant_salamander_category" , 
    "pages": [
        {
            "type": "text" , 
            "title": "中国大鲵" , 
            "text": "中国大鲵($(o)Andrias davidianus$())是世界上最大的蝾螈，也是最大的两栖动物之一。$(br2)它完全是水生的，是中国中部长江流域多岩石的山溪和湖泊的特有的动物。"
        } , 
        {
            "type": "entity" , 
            "entity": "untamedwilds:giant_salamander{Variant: 0, Size: 1}" , 
            "text": ""
        } , 
        {
            "type": "text" , 
            "title": "中国大鲵" , 
            "text": "相对大小：\u2605\u2605\u2605\u2606\u2606$(br2)始终活动$(br2)1种肤色$(br2)最喜欢的食物：untamedwilds:food_turtle_raw$(br2)种类数量：5$(br2)成长时间：6天"
        }
    ]
}