{
    "name": "儒艮" , 
    "icon": "untamedwilds:textures/icon/manatee/dugong.png" , 
    "category": "untamedwilds:manatee_category" ,
    "pages": [
        {
            "type": "text" , 
            "title": "儒艮" , 
            "text": "儒艮($(o); Dugong dugon$())是一种海洋哺乳动物。$(br2)它是海牛目的四种现存物种之一，海牛目还包括另外三种海牛。"
        } , 
        {
            "type": "entity" , 
            "entity": "untamedwilds:manatee{Variant: 2, Size: 1}" , 
            "text": ""
        } , 
        {
            "type": "text" , 
            "title": "儒艮" , 
            "text": "相对大小：\u2605\u2605\u2606\u2606\u2606$(br2)日间活动$(br2)1种肤色$(br2)最喜欢的食物：minecraft:sea_grass$(br2)种类数量：1$(br2)成长时间：12天"
        }
    ]
}