{
    "name": "西印度海牛" , 
    "icon": "untamedwilds:textures/icon/manatee/west.png" , 
    "category": "untamedwilds:manatee_category" ,
    "pages": [
        {
            "type": "text" , 
            "title": "西印度海牛" , 
            "text": "基于遗传学和形态学的研究，它被进一步分为两个亚种，佛罗里达海牛($(o)T. m. latirostris$())和安地列斯或加勒比海牛($(o)T. m. manatus$())。"
        } , 
        {
            "type": "entity" , 
            "entity": "untamedwilds:manatee{Variant: 4, Size: 1}" , 
            "text": ""
        } , 
        {
            "type": "text" , 
            "title": "西印度海牛" , 
            "text": "相对大小：\u2605\u2605\u2605\u2606\u2606$(br2)日间活动$(br2)1种肤色$(br2)最喜欢的食物：minecraft:sea_grass$(br2)种类数量：1$(br2)成长时间：12天"
        }
    ]
}