{
  "name": "温度与湿度",
  "icon": "complicated_bees:meter",
  "category": "complicated_bees:started",
  "advancement": "complicated_bees:apiary",
  "pages": [
    {
      "type": "patchouli:text",
      "text": "蜜蜂只在特定的环境下才能工作，各蜂种的要求不一。通常来说，蜜蜂更喜欢它们世代居住的环境；比如说，丛林蜂喜欢炎热潮湿的环境。可以用测量表测量周围区域内的温度和湿度。"
    },
    {
      "type": "patchouli:crafting",
      "recipe": "complicated_bees:meter",
      "text": "$(thing)使用$()测量表可测量环境。$(br2)湿度等级分为干燥、普通、潮湿。$(br2)温度等级分为严寒、寒冷、凉爽、普通、温暖、炎热、地狱。"
    }
  ]
}