{
  "name": "古老的宝典",
  "icon": "scriptor:tome_tier1",
  "category": "scriptor:discovery",
  "pages": [
    {
      "type": "patchouli:text",
      "text": [
        "字符魔法师中发现新法术的主要方式就是那些古老的宝典！",
        "$(br2)",
        "拍去这些宝典上的尘土，就可能会发现一整段法术，通常可以直接拿来用！",
        "$(br2)",
        "尽管这些法术可以直接施放，它们的用处主要还是在于协助发现新法术部件，也即咒词！",
        "$(br2)",
        "有关使用法术书施法的知识参见$(l:casting/spellbooks)法术书$(/l)。"
      ]
    },
    {
      "type": "patchouli:text",
      "text": [
        "你能在荒野四处找到这些古老的宝典。",
        "$(br)",
        "默认情况下，通常能在下列位置找到这些宝典：",
        "$(li)村庄箱子",
        "$(li)地牢战利品箱",
        "$(li)Boss掉落物",
        "$(li)埋藏的宝藏",
        "$(li)以及更多位置！"
      ]
    },
    {
      "type": "patchouli:entity",
      "entity": "minecraft:villager",
      "name": "交易",
      "text": "村民会与你交易宝典。"
    },
    {
      "type": "patchouli:text",
      "text": [
        "如果你手中高级宝典太多，而且还集齐了该等级的法术，大可试试交易！",
        "$(br)",
        "图书管理员通常愿意用 2 到 3 本低等级的宝典交易高级宝典。"
      ]
    },
    {
      "type": "patchouli:text",
      "advancement": "scriptor:fizzle",
      "text": [
        "你找到的某些法术的直接施放消耗可能过高。",
        "可在书中$(l:casting/fizzle)施法失败$(/l)部分了解为何如此，以及施法失败的其他原因。",
        "$(br2)",
        "通常来说，会施法失败的法术都拥有非常强大或者非常稀有的部件。",
        "除去研究其中部件具体有什么作用外，往里面加入减少消耗的描述词，",
        "乃至重构法术之类，都是不错的选择。"
      ]
    }
  ]
}