{
  "name": "红石之谜",
  "icon": "minecraft:comparator",
  "category": "reactive:objects_of_study",
  "advancement": "reactive:make_crucible",
  "pages": [
    {
      "type": "patchouli:text",
      "text": "$(1)我擅长工程的朋友对坩埚的红石信号响应愈发好奇。现在就来研究吧。$(p)探索方向共有两种：$(item)输入$(1)和$(item)输出$(1)。"
    },
    {
      "type": "patchouli:text",
      "text": "$(1)输出响应似乎比较简单。$(item)比较器$(1)会响应坩埚，信号强度受能量含量影响，不过我怀疑其他因素也会影响强度。$(p)$(item)输入$(1)响应则更为有趣。我认为足够强的红石信号可能能以某种方式影响坩埚的坚护性。"
    }
  ]
}