{
    "name": "海龟仇恨者仪式",
    "icon": "turtlemancy:turtle_curse",
    "category": "turtlemancy:rituals",
    "pages": [
        {
            "type": "text",
            "text": "$(turtlemancy)海龟仇恨者仪式$()是那些只能被以错误的方式对待海龟的海龟术士进行的仪式。必须使用$(#d63031)海龟的诅咒$()来充能$(thing)海龟祭坛$()以进行这类型的任意仪式。$(br2)所有要献祭的生物都必须是$(l)成年$()生物。"
        },
        {
            "type": "turtlemancy:dark_ritual_recipe",
            "recipe": "turtlemancy:magma_heart",
            "title": "岩浆之心仪式",
            "description": "此仪式会给予你$(l:turtlemancy:equipment/magma_heart)$(item)岩浆之心$()。",
            "anchor": "ritual_of_the_magma_heart"
        },
        {
            "type": "turtlemancy:dark_ritual_recipe",
            "recipe": "turtlemancy:death_and_life",
            "title": "生死仪式",
            "description": "此仪式会击杀成年海龟和生成$(turtlemancy)$(l)幼年海龟$()作为回报。",
            "link_recipe": true
        },
        {
            "type": "turtlemancy:dark_ritual_recipe",
            "recipe": "minecraft:wither_skeleton_skull",
            "title": "死亡仪式",
            "description": "通过这个马基雅维利主义仪式，你可以获得$(item)凋灵骷髅头颅$()作为奖励。"
        },
        {
            "type": "turtlemancy:dark_ritual_recipe",
            "recipe": "turtlemancy:thorns",
            "title": "荆棘仪式",
            "description": "使用$(thing)荆棘$()附魔你的装备。"
        },
        {
            "type": "turtlemancy:dark_ritual_recipe",
            "recipe": "turtlemancy:nether_star_of_forgiveness",
            "title": "宽恕仪式",
            "description": "这是一个救赎仪式，它会给予你$(item)宽恕之星$()。"
        }
    ],
    "sortnum": 3
}