{
    "name": "蓝鲸" , 
    "icon": "untamedwilds:textures/icon/baleen_whale/blue.png" , 
    "category": "untamedwilds:baleen_whale_category" , 
    "pages": [
        {
            "type": "text" , 
            "title": "蓝鲸" , 
            "text": "蓝鲸($(o)Balaenoptera musculus$())是一种海洋中的哺乳动物，也是须鲸。$(br2)蓝鲸细长身体的背部是深浅不一的青灰色，底部略浅。$(br2)在智利附近海域也有一个种群，可能构成第五亚种。"
        } , 
        {
            "type": "entity" , 
            "entity": "untamedwilds:baleen_whale{Variant: 0, Size: 1}" , 
            "text": ""
        } , 
        {
            "type": "text" , 
            "title": "Blue Whale" , 
            "text": "相对大小：\u2605\u2605\u2605\u2605\u2605$(br2)始终活动$(br2)1种肤色$(br2)最喜欢的食物：untamedwilds:chum$(br2)种类数量：1$(br2)成长时间：12天"
        }
    ]
}