{
    "name": "塞鲸" , 
    "icon": "untamedwilds:textures/icon/baleen_whale/sei.png" , 
    "category": "untamedwilds:baleen_whale_category" , 
    "pages": [
        {
            "type": "text" , 
            "title": "塞鲸" , 
            "text": "塞鲸($(o) SAY, 挪威语：[s\u00e6\u026a]; Balaenoptera borealis$())是一种须鲸，其是仅次于蓝鲸和长须鲸的第三大须鲸。$(br2)它栖息在大部分海洋和邻近海域中，其更喜欢深海。$(br2)它会避开极地、热带水域和半封闭水体。"
        } , 
        {
            "type": "entity" , 
            "entity": "untamedwilds:baleen_whale{Variant: 5, Size: 1}" , 
            "text": ""
        } , 
        {
            "type": "text" , 
            "title": "塞鲸" , 
            "text": "相对大小：\u2605\u2605\u2605\u2605\u2606$(br2)始终活动$(br2)1种肤色$(br2)最喜欢的食物：untamedwilds:chum$(br2)种类数量：1$(br2)成长时间：12天"
        }
    ]
}