{
    "name": "短吻硕鬣狗" , 
    "icon": "untamedwilds:textures/icon/hyena/shortface.png" , 
    "category": "untamedwilds:hyena_category" , 
    "pages": [
        {
            "type": "text" , 
            "title": "短吻硕鬣狗" , 
            "text": "硕鬣狗属是一个现存的史前鬣狗属。$(br2)硕鬣狗最早出现在中新世晚期($(o)公元720万至530万年前$())并在40万年前的更新世中期灭绝。"
        } , 
        {
            "type": "entity" , 
            "entity": "untamedwilds:hyena{Variant: 4, Size: 1}" , 
            "text": ""
        } , 
        {
            "type": "text" , 
            "title": "短吻硕鬣狗" , 
            "text": "相对大小：\u2605\u2605\u2605\u2606\u2606$(br2)夜间活动$(br2)1种肤色$(br2)最喜欢的食物：minecraft:rotten_flesh$(br2)种类数量：2$(br2)成长时间：4天"
        }
    ]
}