{
    "name": "农夫蜜蜂",
    "icon": "minecraft:wheat",
    "read_by_default": true,
    "sortnum": 1,
    "category": "productivebees:bees_worker",
    "pages": [
        {
            "type": "patchouli:text",
            "title": "Farmer Bee",
            "text": "将收割附近的农作物并将农产品留在地上。它在居住的蜂巢周围的4格方块半径内运行，可以通过范围升级来增加半径。如果你添加了右键收获模组，蜜蜂也会这样做。"
        },
        {
            "type": "patchouli:entity",
            "entity": "productivebees:farmer_bee"
        }
    ]
}