{
    "name": "石料蜜蜂",
    "icon": "minecraft:wooden_pickaxe",
    "read_by_default": true,
    "sortnum": 4,
    "category": "productivebees:bees_worker",
    "pages": [
        {
            "type": "patchouli:text",
            "title": "Quarry Bee",
            "text": "啃食附近的石头、沙子或砾石，并在蜂巢中收集石屑。石屑可以制作成对应的方块。"
        },
        {
            "type": "patchouli:entity",
            "entity": "productivebees:quarry_bee"
        }
    ]
}