{
    "name": "牧场蜜蜂",
    "icon": "minecraft:milk_bucket",
    "read_by_default": true,
    "sortnum": 2,
    "category": "productivebees:bees_worker",
    "pages": [
        {
            "type": "patchouli:text",
            "title": "Rancher Bee",
            "text": "会给附近的奶牛、绵羊或骆驼挤奶，在蜂巢中形成乳白色的奶蜜脾。绵羊也会被剪毛。$(br2)一些奶牛会在这只蜜蜂的生产过程中受到伤害。"
        },
        {
            "type": "patchouli:entity",
            "entity": "productivebees:rancher_bee"
        }
    ]
}