{
  "name": "驮鸟",
  "icon": "mythicmounts:textures/gui/book/dash.png",
  "category": "mythicmounts:creatures",
  "read_by_default": true,
  "pages": [
    {
      "type": "patchouli:text",
      "text": "出没于热带丛林，这些像鹦鹉一样的大型鸟类已经长得太重，无法飞翔。$(br2)相对地，它们用有力的腿在树枝间跳跃，寻找浆果和其他水果。$(br2)它们是信使最爱得坐骑，因为它们可以以很高的速度和很小的负担奔跑。"
    },
    {
      "type": "patchouli:entity",
      "entity": "mythicmounts:courierbird",
      "title": "驮鸟",
      "text": "$(br)一只驮鸟。",
      "scale": 0.55,
      "offset": 0.45,
      "rotate": true,
      "border": true
    },
    {
      "type": "mythicmounts:server_page",
      "page_title": "栖息地",
      "entity_id": "mythicmounts:courierbird"
    },
    {
      "type": "mythicmounts:server_page",
      "page_title": "驯服物品",
      "entity_id": "mythicmounts:courierbird"
    },
    {
      "type": "mythicmounts:server_page",
      "page_title": "食物",
      "entity_id": "mythicmounts:courierbird"
    },
    {
      "type": "mythicmounts:server_page",
      "page_title": "繁殖物品",
      "entity_id": "mythicmounts:courierbird"
    },
    {
      "type": "mythicmounts:server_page",
      "page_title": "基本状态",
      "entity_id": "mythicmounts:courierbird"
    }
  ]
}