{
  "name": "龙",
  "icon": "mythicmounts:textures/gui/book/dash.png",
  "category": "mythicmounts:creatures",
  "read_by_default": true,
  "pages": [
    {
      "type": "patchouli:text",
      "text": "它们强大无比，它们熟睡的鼾声据说会引发地震，它们的翅膀扇动会引发旋风。$(br2)龙居住在地下深处的洞穴中，这些传说中的生物以贪婪的天性而闻名。尽管异常聪明，但它们对财富的贪得无厌的欲望常常驱使年轻的龙在地下深挖太多以寻找财富。如果驻留太久，它们可能会变得太大而无法离开所在洞穴。"
    },
    {
      "type": "patchouli:entity",
      "entity": "mythicmounts:dragon",
      "title": "龙",
      "text": "$(br)一只龙。",
      "scale": 0.5,
      "offset": 1.65,
      "rotate": true,
      "border": true
    },
    {
      "type": "mythicmounts:server_page",
      "page_title": "栖息地",
      "entity_id": "mythicmounts:dragon"
    },
    {
      "type": "mythicmounts:server_page",
      "page_title": "驯服物品",
      "entity_id": "mythicmounts:dragon"
    },
    {
      "type": "mythicmounts:server_page",
      "page_title": "食物",
      "entity_id": "mythicmounts:dragon"
    },
    {
      "type": "mythicmounts:server_page",
      "page_title": "繁殖物品",
      "entity_id": "mythicmounts:dragon"
    },
    {
      "type": "mythicmounts:server_page",
      "page_title": "基本状态",
      "entity_id": "mythicmounts:dragon"
    }
  ]
}