{
  "name": "下界蝙蝠",
  "icon": "mythicmounts:textures/gui/book/dash.png",
  "category": "mythicmounts:creatures",
  "read_by_default": true,
  "pages": [
    {
      "type": "patchouli:text",
      "text": "这些噩梦般的蝙蝠出没于下界的巨大真菌森林。$(br2)它们擅长审时度势，最著名的狩猎方式是从高处俯冲，而后快速抓走疣猪兽作为其战利品。$(br2)虽然主要是肉食性的，但它们喜欢苹果。"
    },
    {
      "type": "patchouli:entity",
      "entity": "mythicmounts:netherbat",
      "title": "下界蝙蝠",
      "text": "$(br)一只下界蝙蝠。",
      "scale": 0.5,
      "offset": 0.25,
      "rotate": true,
      "border": true
    },
    {
      "type": "mythicmounts:server_page",
      "page_title": "栖息地",
      "entity_id": "mythicmounts:netherbat"
    },
    {
      "type": "mythicmounts:server_page",
      "page_title": "驯服物品",
      "entity_id": "mythicmounts:netherbat"
    },
    {
      "type": "mythicmounts:server_page",
      "page_title": "食物",
      "entity_id": "mythicmounts:netherbat"
    },
    {
      "type": "mythicmounts:server_page",
      "page_title": "繁殖物品",
      "entity_id": "mythicmounts:netherbat"
    },
    {
      "type": "mythicmounts:server_page",
      "page_title": "基本状态",
      "entity_id": "mythicmounts:netherbat"
    }
  ]
}