{
    "name": "药水酿造",
    "icon": "minecraft:potion",
    "category": "turtlemancy:turtlemy",
    "pages": [
        {
            "type": "text",
            "text": "$(turtlemancy)海龟术士$()有一种制作$(thing)一些$()药水的$(thing)简单$()方法。目前可以制作的一些药水：$(li)伤害药水$(li)剧毒药水$(li)再生药水"
        },
        {
            "type": "turtlemancy:turtlemy_recipe",
            "recipe": "turtlemancy:harming_potion",
            "title": "伤害药水",
            "text": "只是不要伤害无辜的生物，好吗？"
        },
        {
            "type": "turtlemancy:turtlemy_recipe",
            "recipe": "turtlemancy:poison_potion",
            "title": "剧毒药水",
            "text": "只是不要毒死无辜的生物，好吗？"
        },
        {
            "type": "turtlemancy:turtlemy_recipe",
            "recipe": "turtlemancy:regeneration_potion",
            "title": "再生药水",
            "text": "只是不要治疗非无辜的生物，好吗？"
        }
        
    ],
    "sortnum": 4
}