{
  "name": "便携发电器",
  "sortnum": 2,
  "category": "justdirethings:items",
  "icon": "justdirethings:pocket_generator",
  "pages": [
    {
      "type": "patchouli:text",
      "text": "便携发电器是一种便携式的能量源，是随时随地保持耗能设备能量供应充足的完美设备。对依赖 FE 的冒险者至关重要。$(br2)手持点击打开界面，再放入煤炭、特化煤炭一类的燃料即可！"
    },
    {
      "type": "patchouli:text",
      "text": "更高品质燃料的燃烧时间更长，燃烧温度也更高，即高品质燃料的每刻产能也更多。便携发电器也接受$(l:justdirethings:item_fuel_canister)燃料罐$(/l)。"
    },
    {
      "type": "patchouli:crafting",
      "title": "便携发电器的配方",
      "recipe": "justdirethings:pocket_generator"
    }
  ]
}
