{
  "name": "高级传感器",
  "sortnum": 10,
  "category": "justdirethings:machines",
  "icon": "justdirethings:sensort2",
  "pages": [
    {
      "type": "patchouli:text",
      "text": "高级传感器是$(l:justdirethings:mach_sensort1)初级传感器$(/l)的升级版。$(br2)它可以检测目标区域内匹配事物的$(l)数量$()。默认设置为“>0”，也即区域内有大于等于 1 个匹配事物时发出红石信号。"
    },
    {
      "type": "patchouli:text",
      "text": "“大于”按钮可以换为“等于”和“小于”，再使用右侧的按钮调整数量。$(br2)比如说，可以检测区域内是否只有不到 10 头牛，若是则发出红石信号，激活点击器进行喂食。"
    },
    {
      "type": "patchouli:text",
      "text": "过滤槽和初级传感器的功能一致，也可右击槽位设置方块状态匹配项。"
    },
    {
      "type": "patchouli:crafting",
      "title": "高级传感器",
      "recipe": "justdirethings:sensort2"
    }
  ]
}
