{
    "name": "驯养" ,
    "icon": "untamedwilds:textures/icon/info/taming.png" ,
    "category": "untamedwilds:info" ,
    "pages": [
        {
            "type": "text" , 
            "title": "驯养" ,
            "text": "驯养是玩家在生物身上留下印象的过程，生物将遵循玩家的指令。$(br2)大多数聪明的生物都可被驯服，尽管只有喂食孩子们喜欢的食物（可以在生物条目中看到）时才能在玩家身上留下好印象。"
        },
        {
            "type": "text" ,
            "title": "指令" ,
            "text": "一旦被驯服的生物长大，它就能够接受任何指令（空手右击），同时失去一些不太需要的行为，比如‘狩猎’$(br2)可以使用的指令有‘游荡’（模仿自然行为）、‘坐’（在当前位置呆着）和‘跟随’（以各种身份跟随并帮助它的主人，例如战斗）"
        },
        {
            "type": "crafting" ,
            "title": "所有权契约" ,
            "recipe": "untamedwilds:items/ownership_deed",
            "text": "生物的所有权可以通过所有权契约在玩家之间相互转移。$(br2)所有权契约也适用于其他生物，只要它们能被驯服。"
        }
    ]
}