{
    "name": "捕捉" ,
    "icon": "untamedwilds:textures/icon/info/capturing.png" ,
    "category": "untamedwilds:info" ,
    "pages": [
        {
            "type": "text" ,
            "title": "捕捉生物" ,
            "text": "一些小型生物可以通过多种方法捕捉。$(br)节肢动物可以用空瓶捕捉。$(br)水中的生物可以用桶捞起来。$(br)某些坚硬且顽固的生物可以用锹挖起。$(br)一些其他生物可以直接用手抓起。"
        },
        {
            "type": "crafting" ,
            "title": "陷阱笼" ,
            "recipe": "untamedwilds:blocks/cage_trap",
            "text": "陷阱笼是解决生物捕捉问题的底牌。任何接触打开的捕捉笼都会被抓进去。$(br2)陷阱笼可通过激活笼子（右击或通过红石信号）来释放内部的生物。"
        }
    ]
}