{
    "name": "威胁等级" ,
    "icon": "untamedwilds:textures/icon/info/eco_levels.png" ,
    "category": "untamedwilds:info" ,
    "pages": [
        {
            "type": "text" , 
            "title": "威胁等级" ,
            "text": "每种生物在食物链中都有自己的位置，而威胁等级就是这种情况的表现形式。$(br2)威胁等级指示了捕食者与被捕食者之间的关系，并可作为对战斗结果的粗略估计。生物只会猎杀在食物链中比自己低的生物，还会避免潜在的威胁。"
        },
        {
            "type": "text" ,
            "title": "计算公式" ,
            "text": "给定实体的威胁级别结算如下：$(br2)Sqrt(Max(攻击力，4) + 当前生命值)/2.5$(br2)四舍五入到最近的值,且动物群内每有一只动物则威胁等级额外加1$(br2)而玩家是个例外，他们的威胁等级为4（每有3颗心则额外加1）"
        }
    ]
}