{
    "name": "皮肤" ,
    "icon": "untamedwilds:textures/icon/info/skins.png" ,
    "category": "untamedwilds:info" ,
    "pages": [
        {
            "type": "text" , 
            "title": "肤色系统" ,
            "text": "同个物种的生物可能有不同的外观，皮肤的不同不会影响生物之间的杂交。$(br2)此外，一些生物（eg. Green Arowana）在默认情况下有5%的概率生出拥有皮肤更亮眼的后代。"
        },
        {
            "type": "text" ,
            "title": "皮肤和你" ,
            "text": "可以按照内部的命名规则用数据包和资源包自定义其他皮肤：$(br2)以下划线和数字作为后缀的皮肤将被分配给通用皮肤列表。$(br2)以下划线后he数字和“r”为后缀的皮肤将被添加到稀有皮肤中。"
        },
        {
            "type": "text" ,
            "title": "皮肤和你：问题" ,
            "text": "请注意，如果你在服务器上游玩，则服务端和客户端必须有相同的自定义皮肤，否则可能会有异常行为。$(br2)皮肤也必须按顺序定义，定义的数字应从1开始，到相应实体数据文件结束（最多为99）。"
        }
    ]
}