{
    "name": "生物观察" ,
    "icon": "untamedwilds:textures/icon/info/spotting.png" ,
    "category": "untamedwilds:info" ,
    "pages": [
        {
            "type": "text" ,
            "title": "观察生物" ,
            "text": "通过望远镜观察生物，屏幕上会显示其一些信息。包括生物名、对其健康情况的粗略估计、以及它们相对于你的威胁等级的粗略警示。$(br2)因此，望远镜是玩家在接近生物之前评估生物可能构成的威胁的一种方式。"
        },
        {
            "type": "crafting" ,
            "title": "Spyglass" ,
            "recipe": "minecraft:spyglass"
        }
    ]
}