{
  "name": "龙卷风",
  "icon": "ars_nouveau:glyph_tornado",
  "category": "arsomega:spells_4",
  "advancement": "arsomega:restricted_knowledge",
  "sortnum": 3,
  "pages": [
    {
      "type": "text",
      "text": "ars_nouveau.glyph_desc.tornado"
    },
    {
      "type": "glyph_recipe",
      "recipe": "ars_nouveau:glyph_tornado",
      "tier": "四",
      "mana_cost": "极高",
      "clay_type": "ars_nouveau:mythical_clay",
      "reagent": "ars_nouveau:glyph_tornado"
    }
  ]
}