{
    "name": "红襟粉蝶" , 
    "icon": "untamedwilds:textures/icon/butterfly/orange_tip.png" , 
    "category": "untamedwilds:butterfly_category" , 
    "pages": [
        {
            "type": "text" , 
            "title": "红襟粉蝶" , 
            "text": "Anthocharis cardamines，指红襟粉蝶，是粉蝶科的中一种蝴蝶，约有1100种。$(br2)A. cardamines以其栖息地内的大多数植物为食，但雌性会有选择地将卵产在十字花科植物上。"
        } , 
        {
            "type": "entity" , 
            "entity": "untamedwilds:butterfly{Variant: 14, Size: 1, hasDimorphism: 1}" ,
            "text": ""
        } , 
        {
            "type": "text" , 
            "title": "红襟粉蝶" , 
            "text": "相对大小：\u2605\u2605\u2606\u2606\u2606$(br2)始终活动$(br2)1种肤色$(br2)最喜欢的食物：minecraft:dandelion$(br2)种类数量：4$(br2)成长时间：无天数"
        }
    ]
}