{
    "name": "优红蛱蝶" , 
    "icon": "untamedwilds:textures/icon/butterfly/red_admiral.png" , 
    "category": "untamedwilds:butterfly_category" , 
    "pages": [
        {
            "type": "text" , 
            "title": "优红蛱蝶" , 
            "text": "Vanessa atalanta，指优红蛱蝶($(o)the red admiral$())或者称其旧俗名($(o))the red admirable$()，是一种美丽的中等大小的蝴蝶，黑色的翅膀上有红色条纹和白色斑点。$(br2)它的翼展约为2英寸($(o)5厘米)。$(br2)卡尔·林奈在1758年出版的《自然系统》第10版中首次对其进行记述。"
        } , 
        {
            "type": "entity" , 
            "entity": "untamedwilds:butterfly{Variant: 16, Size: 1}" , 
            "text": ""
        } , 
        {
            "type": "text" , 
            "title": "优红蛱蝶" , 
            "text": "相对大小：\u2605\u2605\u2606\u2606\u2606$(br2)始终活动$(br2)1种肤色$(br2)最喜欢的食物：minecraft:dandelion$(br2)种类数量：4$(br2)成长时间：无天数"
        }
    ]
}