{
    "name": "斑点木蝶" , 
    "icon": "untamedwilds:textures/icon/butterfly/speckled_wood.png" , 
    "category": "untamedwilds:butterfly_category" , 
    "pages": [
        {
            "type": "text" , 
            "title": "斑点木蝶" , 
            "text": "斑点木蝶($(o)Pararge aegeria$())是一种被发现于整个古北区大部分林地地区的蝴蝶。$(br2)该物种被细分为多个亚种，包括Pararge aegeria aegeria，Pararge aegeria tircis，Pararge aegeria oblita，and Pararge aegeria insula。"
        } , 
        {
            "type": "entity" , 
            "entity": "untamedwilds:butterfly{Variant: 17, Size: 1}" , 
            "text": ""
        } , 
        {
            "type": "text" , 
            "title": "斑点木蝶" , 
            "text": "相对大小：\u2605\u2605\u2606\u2606\u2606$(br2)始终活动$(br2)1种肤色$(br2)最喜欢的食物：minecraft:dandelion$(br2)种类数量：4$(br2)成长时间：无天数"
        }
    ]
}