{
  "name": "记忆鳞茎",
  "icon": "reactive:mnemonic_bulb",
  "category": "reactive:items",
  "advancement": "reactive:get_mnemonic_bulb",
  "pages": [
    {
      "type": "patchouli:spotlight",
      "item": "reactive:mnemonic_bulb",
      "text": "我称这种增生物为$(thing)记忆鳞茎$(0)，因其能很好地检测和复现$(4)红石信号序列$(0)。$(p)请允许我介绍其用途和操作方式。"
    },
    {
      "type": "patchouli:text",
      "text": "1) 放置鳞茎，再延出一条红石线与其相接。$(p)2) 以任意序列传输红石信号脉冲。可以使用拉杆或更精密的机械生成序列。$(p)3) 给予一次$(l:reactive:intro/volt_cell)电脉冲$(/l)以结束记录。$(p)如果电力使用起来不太方便，可以直接破坏方块。物品形态的鳞茎会保留序列。"
    },
    {
      "type": "patchouli:text",
      "text": "此后，鳞茎即可完美复现传入的信号序列，无论是持续时间还是信号强度，直至撤走电力。$(p)若需覆写其中序列，重复上述步骤即可。"
    },
    {
      "type": "patchouli:text",
      "text": "我承认我不是红石工程师，但我相信若是配合$(thing)串行编解码器$(0)使用，便可将其看作存储方块。$(p)它也可用作便捷的$(thing)自定义时钟$(0)。"
    }
  ],
  "extra_recipe_mappings": {
    "reactive:mnemonic_bulb": 0
  }
}