{
    "name": "栉齿锯鳐" , 
    "icon": "untamedwilds:textures/icon/sawfish/small_tooth.png" , 
    "category": "untamedwilds:sawfish_category" , 
    "pages": [
        {
            "type": "text" , 
            "title": "栉齿锯鳐" , 
            "text": "栉齿锯鳐($(o)Pristis pectinata$())是锯鳐科锯鳐属的一个种。$(br2)它分布在大西洋沿岸和河口的热带和亚热带浅水区。$(br2)来自其他地方的发现报告现在被认为是对其他种类锯鱼的误认。"
        } , 
        {
            "type": "entity" , 
            "entity": "untamedwilds:sawfish{Variant: 4, Size: 1}" , 
            "text": ""
        } , 
        {
            "type": "text" , 
            "title": "栉齿锯鳐" , 
            "text": "相对大小：\u2605\u2605\u2605\u2606\u2606$(br2)夜间活动$(br2)1种肤色$(br2)最喜欢的食物：untamedwilds:chum$(br2)种类数量：3$(br2)成长时间：无天数"
        }
    ]
}