{
    "name": "高级蜂箱",
    "icon": "productivebees:advanced_oak_beehive",
    "category": "productivebees:hives",
    "sortnum": 2,
    "pages": [
        {
            "type": "patchouli:spotlight",
            "item": "productivebees:advanced_oak_beehive",
            "text": "资源蜜蜂使用的高级蜂巢是在原版蜂巢上扩展。与原版蜂巢不同，高级蜂箱不需要附近有营火即可收获，它可以在蜜蜂仍在里面的情况下被采集和移动，而无需使用精准采集。"
        },
        {
            "type": "patchouli:crafting",
            "recipe": "productivebees:hives/advanced_oak_beehive",
            "text": "有许多高级蜂箱可供选择，具体取决于您的背包中是否有其他木材。"
        },
        {
            "type": "patchouli:text",
            "text": "高级蜂箱具有一个 GUI，您可以从中查看蜂巢内当前有哪些蜜蜂，并取出任何产生的资源。高级蜂箱可以使用 $(l:hives/expansion_boxes)扩容盒$(/l)进一步升级。使用 $(l:hives/expansion_boxes)扩容盒$(/l) 会将蜜蜂容量从 3 个增加到5个，并允许安装 $(l:items/upgrades)升级$(/l)。"
        },
        {
            "type": "patchouli:text",
            "text": "如果你厌倦了等待蜜蜂完成工作后离开蜂巢，你可以用棍子敲打蜂巢或蜂箱以将其驱赶出来，并失去所有生产进度。这只有在蜜蜂安全离开时才有效。"
        }
    ]
}