{
    "name": "条纹鬣狗" , 
    "icon": "untamedwilds:textures/icon/hyena/striped.png" , 
    "category": "untamedwilds:hyena_category" , 
    "pages": [
        {
            "type": "text" , 
            "title": "条纹鬣狗" , 
            "text": "条纹鬣狗($(o)Hyaena hyaena$())是一种原产于北非和东非、中东、高加索地区、中亚和印度次大陆的鬣狗。$(br2)它是鬣狗属中唯一现存的物种。"
        } , 
        {
            "type": "entity" , 
            "entity": "untamedwilds:hyena{Variant: 3, Size: 1}" , 
            "text": ""
        } , 
        {
            "type": "text" , 
            "title": "条纹鬣狗" , 
            "text": "相对大小：\u2605\u2605\u2606\u2606\u2606$(br2)夜间活动$(br2)1种肤色$(br2)最喜欢的食物：minecraft:rotten_flesh$(br2)种类数量：2$(br2)成长时间：4天"
        }
    ]
}