{
  "category": "hexalia:rituals",
  "name": "仪式木堆",
  "icon": "hexalia:ritual_brazier",

  "sortnum": 1,
  "pages": [
    {
      "type": "patchouli:spotlight",
      "item": "hexalia:ritual_brazier",
      "text": "在特定月相下，将特定物品放到仪式木堆上，可触发一种简单的仪式。$(br2)仪式的施展需要仪式木堆受月光照射，也即，封闭环境中不可能施展此仪式。"
    },
    {
      "type": "patchouli:image",
      "title": "仪式木堆",
      "images": [
        "hexalia:textures/gui/patchouli/ritual_brazier.png"
      ],
      "border": true
    }
  ]
}