{
  "name": "移位",
  "icon": "reactive:motion_salt_block",
  "category": "reactive:results",
  "advancement": "reactive:see_displacement",
  "pages": [
    {
      "type": "patchouli:text",
      "text": "不可思议！真是不可思议！我承认，我只是对我之前的笔记保持了些许乐观，但这种乐观有时也会化为现实。$(br2)对$(thing)促动盐块$(0)施加$(l:reactive:intro/volt_cell)电力$(/l)后，它就会违抗现实本身，变得“无形”，或者说被某个能量场移位了。"
    },
    {
      "type": "patchouli:text",
      "text": "这种能量场不会影响实体，但仍会充满标格中的对应格胞。$(br2)在$(thing)撤去能量$(0)前这种场会一直保持，撤去后受影响的方块会回归到原来的状态。"
    },
    {
      "type": "patchouli:text",
      "text": "此外，$(thing)促动盐块$(0)的$(item)镶框$(0)变种会将效果传导至所有相连的镶框促动盐块，且均会在单个$(item)电激单元$(0)的激发下一起消失。$(br2)我还注意到同时给予镶框盐块红石信号和电激发会产生特殊效果。"
    },
    {
      "type": "patchouli:text",
      "text": "简单来说，$(4)如果同时给予镶框促动盐块红石信号和电能，则它也会移位相邻的平凡方块。$(0)$(br2)这一效果会随移位一起延伸至相连的镶框促动盐块。$(p)而且，许多种$(item)铜块$(0)会使得此类效果直线通过，但自身不会被移位。"
    },
    {
      "type": "patchouli:text",
      "text": "这还不是全部！只要稍加思考，就能想到还可以将此效果移到便携设备上。向诸位介绍$(item)移位槌$(0)！$(p)对任意可移位方块使用即可将其移位。就和说的一样轻松！重复击打同一移位方块还能扩展移位的区域。"
    },
    {
      "type": "patchouli:crafting",
      "recipe": "reactive:displacer",
      "text": "外形可能不算非常好看，但每个必要组件都在：酸质产电能，铜用于传导，促动盐则将能量转换为移位效果。"
    },
    {
      "type": "patchouli:text",
      "text": "我相信这一属性有许多创造性用途⸺同样，平凡材料也可被移位的事实本身也相当有趣。也许$(br2)$(o)从这里开始，他讲起了几乎无法理解的理论。尽管我并不认为他的理论解释值得在此重复，但我也没有更好的说法了。所以我想⋯⋯接受事实就好。"
    }
  ]
}