{
  "name": "大坝水轮机",
  "icon": "industrialrenewal:dam_turbine",
  "category": "industrialrenewal:dam_category",
  "pages": [
    {
      "type": "patchouli:text",
      "text": "该机器接收水作为输入，在顶部输出旋转动能，在侧面底部输出水。可以使用$(l:industrialrenewal:dam/turbine_shaft)水轮机轴$()以传递动能。$(br2)该机器每tick消耗200桶水(默认情况下)并且会排放出同等数量的水。如果水没能排出，转速会立刻降低为0。"
    },
    {
      "type": "patchouli:image",
      "images": ["industrialrenewal:textures/gui/book/dam_turbine.png"]
    },
    {
      "type": "patchouli:text",
      "text": "如果使用连接到进水口的$(l:industrialrenewal:dam/high_pressure_pipe)高压管道$()作为输入，水轮机可以更快产生动能。$(br2)如果使用连接到出水口的$(l:industrialrenewal:dam/high_pressure_pipe)高压管道$()作为输出，水轮机可以获得更大的动能输出上限。"
    }
  ]
}