{
  "name": "泥块装饰",
  "icon": "mysticalworld:mud_block_stairs",
  "category": "blocks",
  "pages": [
    {
      "type": "spotlight",
      "item": "mysticalworld:mud_block_stairs",
      "link_recipe": true,
      "text": "干泥块和干泥砖都可以用来合成泥块楼梯。"
    },
    {
      "type": "crafting",
      "recipe": "mysticalworld:mud_block_stairs",
      "recipe2": "mysticalworld:mud_brick_stairs",
      "link_recipe": true,
      "title": "楼梯"
    },
    {
      "type": "spotlight",
      "item": "mysticalworld:mud_block_slab",
      "link_recipe": true,
      "text": "干泥块和干泥砖都可以用来合成泥块台阶。"
    },
    {
      "type": "crafting",
      "recipe": "mysticalworld:mud_block_slab",
      "recipe2": "mysticalworld:mud_brick_slab",
      "link_recipe": true,
      "title": "台阶"
    },
    {
      "type": "spotlight",
      "item": "mysticalworld:mud_block_wall",
      "link_recipe": true,
      "text": "干泥块和干泥砖都可以用来合成泥块墙。"
    },
    {
      "type": "crafting",
      "recipe": "mysticalworld:mud_block_wall",
      "recipe2": "mysticalworld:mud_brick_wall",
      "link_recipe": true,
      "title": "墙"
    },
    {
      "type": "spotlight",
      "item": "mysticalworld:mud_block_fence",
      "link_recipe": true,
      "text": "干泥块和干泥砖都可以用来合成泥块栅栏。"
    },
    {
      "type": "crafting",
      "recipe": "mysticalworld:mud_block_fence",
      "recipe2": "mysticalworld:mud_brick_fence",
      "link_recipe": true,
      "title": "栅栏"
    },
    {
      "type": "spotlight",
      "item": "mysticalworld:mud_block_fence_gate",
      "link_recipe": true,
      "text": "干泥块和干泥砖都可以用来合成泥块栅栏门。"
    },
    {
      "type": "crafting",
      "recipe": "mysticalworld:mud_block_fence_gate",
      "recipe2": "mysticalworld:mud_brick_fence_gate",
      "link_recipe": true,
      "title": "栅栏"
    }
  ]
}
