{
    "name": "计算机端口",
    "icon": "bigreactors:reinforced_reactorcomputerport",
    "category": "bigreactors:reactor-parts",
    "read_by_default": true,
    "sortnum": 9,
    "pages": [
        {
            "type": "patchouli:spotlight",
            "item": "bigreactors:reinforced_reactorcomputerport",
            "link_recipe": true,
            "title" : "计算机端口",
            "text": "计算机端口允许您将反应堆连接到计算机以执行复杂的自动化任务。$(br2)利用连接的计算机发送一组操作方案，您可以使用它们来查询反应堆的状态并控制其行为。"
        },
        {
            "type": "crafting-text",
            "title": "强化",
            "recipe": "bigreactors:reactor/reinforced/computerport",
            "text": "要使用计算机端口，您需要一个额外的模组，将可编程计算机添加到游戏中。$(br2)目前唯一支持（和可用）的模组是CC：Tweaked。"
        },
        {
            "type": "bigreactors:part_usage"
        }
    ]
}