{
  "name": "负鼠",
  "icon": "arcanuscontinuum:opossum_spawn_egg",
  "category": "arcanuscontinuum:mobs",
  "pages": [
    {
      "type": "patchouli:text",
      "text": "负鼠是一种可爱且友善的生物，只能在巫师塔的地下室找到它。他们可以被胡萝卜驯服，之后像其他宠物一样跟随您。$(br2)这些小家伙完全不会战斗，如果他们受伤只会四处逃窜！"
    },
    {
      "type": "patchouli:image",
      "border": true,
      "images": [
        "arcanuscontinuum:textures/gui/patchouli/entries/opossum.png"
      ]
    },
    {
      "type": "patchouli:image",
      "border": true,
      "title": "巫师之物!",
      "images": [
        "arcanuscontinuum:textures/gui/patchouli/entries/wizard_poss.png"
      ]
    },
    {
      "type": "patchouli:text",
      "text": "可以把巫师帽放置于已驯服的负鼠上。这虽然不会带来额外的效果但会使得负鼠门格外可爱。我对您的失望感到抱歉。$(br2)或许终有一日他们能够学会魔法⋯⋯"
    }
  ]
}
