{
  "category": "ars_nouveau:turrets",
  "icon": "ars_artillery:firestone",
  "name": "合成符文石",
  "pages": [
    {
      "type": "patchouli:text",
      "text": "符文石的合成需要魔源石和对应种类的精华。"
    },
    {
      "type": "patchouli:crafting",
      "recipe": "ars_artillery:airstone_recipe"},
    {
      "type": "patchouli:crafting",
      "recipe": "ars_artillery:earthstone_recipe"
    },
    {
      "type": "patchouli:crafting",
      "recipe": "ars_artillery:firestone_recipe"
    },
    {
      "type": "patchouli:crafting",
      "recipe": "ars_artillery:waterstone_recipe"
    },
    {
      "type": "patchouli:crafting",
      "recipe": "ars_artillery:abjurationstone_recipe"
    },
    {
      "type": "patchouli:crafting",
      "recipe": "ars_artillery:conjurationstone_recipe"
    },
    {
      "type": "patchouli:crafting",
      "recipe": "ars_artillery:manipulationstone_recipe"
    }
  ]
}