{
  "name": "恶魔宝石",
  "icon": "arsomega:demonic_gem",
  "category": "arsomega:demon_realm",
  "pages": [
    {
      "type": "text",
      "text": "恶魔宝石是用在诸多高层级配方中的合成原料。它是恶魔领域中的矿物。"
    },
    {
      "type": "spotlight",
      "item": "arsomega:demonic_gem",
      "link_recipe": "true"
    },
    {
      "type": "spotlight",
      "item": "arsomega:demonic_ore"
    },
    {
      "type": "relations",
      "entries":["arsomega:demon_realm/demonic_realm"]
    }
  ]
}