{
  "name": "恶魔",
  "icon": "arsomega:searing_flesh",
  "category": "arsomega:demon_realm",
  "pages": [
    {
      "type": "text",
      "text": "恶魔领域中居住着多种恶魔，每种恶魔的能力都不同。"
    },
    {
      "type": "patchouli:entity",
      "entity": "arsomega:demon_basic",
      "text": "普通恶魔是低等恶魔的最常见形态。它们会掉落灼热血肉。"
    },
    {
      "type": "patchouli:entity",
      "entity": "arsomega:demon_strong",
      "text": "强壮恶魔是低等恶魔的一种较少见形态。它们移动缓慢，但能挥出重拳。它们会掉落大量灼热血肉。"
    },
    {
      "type": "patchouli:entity",
      "entity": "arsomega:demon_raptor",
      "text": "凶兽恶魔是低等恶魔的一种较少见形态。它们移动迅速，并能轻易包围你。它们会掉落灼热血肉和一个恶魔之牙。"
    },
    {
      "type": "spotlight",
      "item": "arsomega:searing_flesh",
      "text": "灼热血肉会由多数恶魔领域内的低等恶魔掉落，其中包括可用恶魔召唤仪式召出的事物。",
      "link_recipe": "false"
    },
    {
      "type": "spotlight",
      "item": "arsomega:demonic_tooth",
      "text": "恶魔之牙会由恶魔领域内的凶兽恶魔掉落。",
      "link_recipe": "true"
    }
  ]
}