{
    "name": "尼罗河巨蜥" , 
    "icon": "untamedwilds:textures/icon/monitor/nile.png" , 
    "category": "untamedwilds:monitor_category" , 
    "pages": [
        {
            "type": "text" , 
            "title": "尼罗河巨蜥" , 
            "text": "西非森林和稀树草原中的种群有时被认为是一个单独的物种，即西非尼罗河巨蜥($(o)V. stellatus)。$(br2)它是世界上最大的蜥蜴之一，体型达到甚至超过了眼斑巨蜥。"
        } , 
        {
            "type": "entity" , 
            "entity": "untamedwilds:monitor{Variant: 2, Size: 1}" , 
            "text": ""
        } , 
        {
            "type": "text" , 
            "title": "尼罗河巨蜥" , 
            "text": "相对大小：\u2605\u2605\u2605\u2606\u2606$(br2)始终活动$(br2)1种肤色$(br2)最喜欢的食物：untamedwilds:food_turtle_raw$(br2)种类数量：5$(br2)成长时间：无天数"
        }
    ]
}