{
    "name": "白喉巨蜥" , 
    "icon": "untamedwilds:textures/icon/monitor/rock.png" , 
    "category": "untamedwilds:monitor_category" , 
    "pages": [
        {
            "type": "text" , 
            "title": "白喉巨蜥" , 
            "text": "白喉巨蜥($(o)Varanus albigularis$())是巨蜥科的一种巨蜥。$(br2)该物种是非洲中部、东部和南部特有的物种。$(br2)它是非洲大陆上发现的第二长，身体最重的蜥蜴；在当地，它被称为leguaan或likkewaan。"
        } , 
        {
            "type": "entity" , 
            "entity": "untamedwilds:monitor{Variant: 3, Size: 1}" , 
            "text": ""
        } , 
        {
            "type": "text" , 
            "title": "白喉巨蜥" , 
            "text": "相对大小：\u2605\u2605\u2605\u2606\u2606$(br2)始终活动$(br2)2种肤色$(br2)最喜欢的食物：untamedwilds:food_turtle_raw$(br2)种类数量：5$(br2)成长时间：无天数"
        }
    ]
}