{
    "name": "烈焰蜜蜂",
    "icon": "minecraft:blaze_powder",
    "read_by_default": true,
    "category": "productivebees:bees_hive",
    "flag": "productivebees:blazing",
    "pages": [
        {
            "type": "patchouli:text",
            "title": "Blazing Bee",
            "text": "由 $(l:bees/wild/magmatic)熔岩蜜蜂$(/l) 和 $(l:bees/solitary/nomad)牧游蜜蜂$(/l).繁殖",
            "anchor": "blazing"
        },
        {
            "type": "patchouli:entity",
            "entity": "productivebees:configurable_bee{type:'productivebees:blazing'}"
        }
    ]
}