{
    "name": "绿宝石蜜蜂",
    "icon": "minecraft:emerald",
    "read_by_default": true,
    "category": "productivebees:bees_hive",
    "flag": "productivebees:emerald",
    "pages": [
        {
            "type": "patchouli:text",
            "title": "Emerald Bee",
            "text": "由 $(l:bees/wild/slimy)黏液蜜蜂$(/l) 和 $(l:bees/hive/diamond)钻石蜜蜂$(/l).繁殖",
            "anchor": "emerald"
        },
        {
            "type": "patchouli:entity",
            "entity": "productivebees:configurable_bee{type:'productivebees:emerald'}"
        }
    ]
}