{
    "name": "经验蜜蜂",
    "icon": "minecraft:experience_bottle",
    "read_by_default": true,
    "category": "productivebees:bees_hive",
    "flag": "productivebees:experience",
    "pages": [
        {
            "type": "patchouli:text",
            "title": "Experience Bee",
            "text": "由 $(l:bees/hive/emerald)绿宝石蜜蜂$(/l) 和 $(l:bees/hive/lapis)青金石蜜蜂$(/l).繁殖",
            "anchor": "experience"
        },
        {
            "type": "patchouli:entity",
            "entity": "productivebees:configurable_bee{type:'productivebees:experience'}"
        }
    ]
}