{
    "name": "金蜜蜂",
    "icon": "minecraft:gold_ingot",
    "read_by_default": true,
    "category": "productivebees:bees_hive",
    "flag": "productivebees:gold",
    "pages": [
        {
            "type": "patchouli:text",
            "title": "Gold Bee",
            "text": "由 $(l:bees/wild/crystalline)石英蜜蜂$(/l) 和 $(l:bees/solitary/mason)石匠蜜蜂$(/l).繁殖",
            "anchor": "gold"
        },
        {
            "type": "patchouli:entity",
            "entity": "productivebees:configurable_bee{type:'productivebees:gold'}"
        }
    ]
}