{
    "name": "青金石蜜蜂",
    "icon": "minecraft:lapis_lazuli",
    "read_by_default": true,
    "category": "productivebees:bees_hive",
    "flag": "productivebees:lapis",
    "pages": [
        {
            "type": "patchouli:text",
            "title": "Lapis Bee",
            "text": "由 $(l:bees/hive/redstone)红石蜜蜂$(/l) 和 $(l:bees/solitary/blue_banded)蓝色条纹蜜蜂$(/l).繁殖",
            "anchor": "lapis"
        },
        {
            "type": "patchouli:entity",
            "entity": "productivebees:configurable_bee{type:'productivebees:lapis'}"
        }
    ]
}