{
    "name": "黑曜石蜜蜂",
    "icon": "minecraft:obsidian",
    "read_by_default": true,
    "category": "productivebees:bees_hive",
    "flag": "productivebees:obsidian",
    "pages": [
        {
            "type": "patchouli:text",
            "title": "Obsidian Bee",
            "text": "由 $(l:bees/wild/magmatic)熔岩蜜蜂$(/l) 和 $(l:bees/solitary/sweat)汗蜜蜂$(/l).繁殖",
            "anchor": "obsidian"
        },
        {
            "type": "patchouli:entity",
            "entity": "productivebees:configurable_bee{type:'productivebees:obsidian'}"
        }
    ]
}