{
    "name": "红石蜜蜂",
    "icon": "minecraft:redstone",
    "read_by_default": true,
    "category": "productivebees:bees_hive",
    "flag": "productivebees:redstone",
    "pages": [
        {
            "type": "patchouli:text",
            "title": "Redstone Bee",
            "text": "由 $(l:bees/wild/glowing)发光蜜蜂$(/l) 和 $(l:bees/solitary/chocolate_mining)巧克力穴居蜜蜂$(/l).繁殖",
            "anchor": "redstone"
        },
        {
            "type": "patchouli:entity",
            "entity": "productivebees:configurable_bee{type:'productivebees:redstone'}"
        }
    ]
}