{
    "name": "骷髅蜜蜂",
    "icon": "minecraft:bone_meal",
    "read_by_default": true,
    "category": "productivebees:bees_hive",
    "flag": "productivebees:skeletal",
    "pages": [
        {
            "type": "patchouli:text",
            "title": "Skeletal Bee",
            "text": "如果将空的高级蜂箱放置在黑暗下，它会进入其中。",
            "anchor": "skeletal"
        },
        {
            "type": "patchouli:entity",
            "entity": "productivebees:configurable_bee{type:'productivebees:skeletal'}"
        }
    ]
}