{
    "name": "僵尸蜜蜂",
    "icon": "minecraft:rotten_flesh",
    "read_by_default": true,
    "category": "productivebees:bees_hive",
    "flag": "productivebees:zombie",
    "pages": [
        {
            "type": "patchouli:text",
            "title": "ZomBee",
            "text": "如果将空的高级蜂箱放置在黑暗下，它会进入其中。",
            "anchor": "zombie"
        },
        {
            "type": "patchouli:entity",
            "entity": "productivebees:configurable_bee{type:'productivebees:zombie'}"
        }
    ]
}