{
  "name": "Flour",
  "icon": "roots:flour",
  "category": "resources",
  "read_by_default": true,
  "pages": [
    {
      "type": "mortar_template",
      "recipe": "roots:wheat_flour_5",
      "text": "Although other starchy vegetables also grant flour, this is a simple way of increasing the yield of your crops.$(br2)$(info) You can find a complete list of sources $(sources:roots:flour)in JEI$()."
    },
    {
      "type": "smelting",
      "recipe": "roots:flour",
      "text": "Once processed into flour, the flour can be smelted into bread."
    },
    {
      "type": "relations",
      "anchor": "related",
      "entries": [
        "crafting/mortar_and_pestle"
      ]
    }
  ]
}