{
  "name": "item.arsomega.sigil_air",
  "icon": "arsomega:sigil_air_active",
  "category": "arsomega:sigils",
  "pages": [
    {
      "type": "patchouli:spotlight",
      "item": "arsomega:sigil_air",
      "text": "The Sigil of Air represents the element of air.",
      "link_recipe": "true"
    },
    {
      "type": "text",
      "text": "Recipe: $(br) x x x x x x x $(br) - - - - - - x $(br) x x x x x - x $(br) x - - - x - x $(br) x - x B x - x $(br) x - x x x - x $(br) x - - - - - x $(br) x x x x x x x $(br) $(br)Source cost: 500"
    },
    {
      "type": "text",
      "text": "The Sigil of Air can be activated with air essence."
    },
    {
      "type": "patchouli:crafting",
      "recipe": "arsomega:sigil_air_active"
    }
  ]
}