{
  "name": "Crafting Sigils",
  "icon": "minecraft:crafting_table",
  "category": "arsomega:sigils",
  "priority":true,
  "pages": [
    {
      "type": "text",
      "text": "Sigils are crafted with a ritual of shaping, and chalk placed around the ritual the correct shape. Recipes are represented as text in the book, with an x representing chalk, a - representing an empty space, and a B representing the ritual brazier."
    },
    {
      "type": "relations",
      "entries":["arsomega:rituals/ritual_shaping","arsomega:items/chalk"]
    }
  ]
}