{
  "name": "item.arsomega.sigil_earth",
  "icon": "arsomega:sigil_earth_active",
  "category": "arsomega:sigils",
  "pages": [
    {
      "type": "patchouli:spotlight",
      "item": "arsomega:sigil_earth",
      "text": "The Sigil of Earth represents the element of earth.",
      "link_recipe": "true"
    },
    {
      "type": "text",
      "text": "Recipe: $(br) x x x x x x x $(br) x - x - x - x $(br) x x x - x x x $(br) x - - B - - x $(br) x x x - x x x $(br) x - x - x - x $(br) x x x x x x x $(br) $(br)Source cost: 500"
    },
    {
      "type": "text",
      "text": "The Sigil of Earth can be activated with earth essence."
    },
    {
      "type": "patchouli:crafting",
      "recipe": "arsomega:sigil_earth_active"
    }
  ]
}