{
  "name": "item.arsomega.sigil_nature",
  "icon": "arsomega:sigil_nature_active",
  "category": "arsomega:sigils",
  "pages": [
    {
      "type": "patchouli:spotlight",
      "item": "arsomega:sigil_nature",
      "text": "The Sigil of Nature represents the element of nature.",
      "link_recipe": "true"
    },
    {
      "type": "text",
      "text": "Recipe: $(br) - - - x - - - $(br) - - x x x - - $(br) - - - x - - - $(br) - x x B x x - $(br) - - - x - - - $(br) x x x x x x x $(br) - - - x - - - $(br) $(br)Source cost: 500"
    },
    {
      "type": "text",
      "text": "The Sigil of Nature can be activated with nature essence."
    },
    {
      "type": "patchouli:crafting",
      "recipe": "arsomega:sigil_nature_active"
    }
  ]
}