{
  "name": "item.arsomega.sigil_water",
  "icon": "arsomega:sigil_water_active",
  "category": "arsomega:sigils",
  "pages": [
    {
      "type": "patchouli:spotlight",
      "item": "arsomega:sigil_water",
      "text": "水之印记代表水元素。",
      "link_recipe": "true"
    },
    {
      "type": "text",
      "text": "配方$(br) - x x x x x - $(br) x x - x - x x $(br) x - - x - - x $(br) x x x B x x x $(br) x - - x - - x $(br) x x - x - x x $(br) - x x x x x - $(br) $(br)魔源消耗：500"
    },
    {
      "type": "text",
      "text": "水之印记可被水之精华激活。"
    },
    {
      "type": "patchouli:crafting",
      "recipe": "arsomega:sigil_water_active"
    }
  ]
}