{
    "name": "非洲鳖" , 
    "icon": "untamedwilds:textures/icon/softshell_turtle/nile.png" , 
    "category": "untamedwilds:softshell_turtle_category" , 
    "pages": [
        {
            "type": "text" , 
            "title": "非洲鳖" , 
            "text": "尽管其有\"非洲鳖\"这个名字，但它并不是非洲唯一的鳖($(o)盘鳖属和圆鳖属也是非洲的)。$(br2)它们是杂食性的，既吃小鱼、甲壳纲动物，也吃棕榈籽和落叶。"
        } , 
        {
            "type": "entity" , 
            "entity": "untamedwilds:softshell_turtle{Variant: 3, Size: 1}" , 
            "text": ""
        } , 
        {
            "type": "text" , 
            "title": "非洲鳖" , 
            "text": "相对大小：\u2605\u2605\u2605\u2606\u2606$(br2)始终活动$(br2)1种肤色$(br2)最喜欢的食物：minecraft:cod$(br2)种类数量：5$(br2)成长时间：6天"
        }
    ]
}