{
  "name": "合成法术书",
  "icon": "minecraft:writable_book",
  "category": "scriptor:crafting",
  "pages": [
    {
      "type": "patchouli:text",
      "text": [
        "先写就一本书，再在合成网格中与法术书活页夹合成，",
        "就制成了法术书。",
        "$(br2)",
        "普通法术书也可通过类似方法合成为成书，",
        "换用皮革活页夹即可。"
      ]
    },
    {
      "type": "patchouli:crafting",
      "title": "活页夹",
      "recipe": "scriptor:leather_binder",
      "recipe2": "scriptor:spellbook_binder"
    }
  ]
}