{
    "name": "欧亚野猪" , 
    "icon": "untamedwilds:textures/icon/boar/eurasian.png" , 
    "category": "untamedwilds:boar_category" , 
    "pages": [
        {
            "type": "text" , 
            "title": "欧亚野猪" , 
            "text": "该物种目前是世界上分布最广的哺乳动物之一，也是分布最广泛的猪形亚目物种。$(br2)由于其分布范围广、数量多，能适应多种栖息地，所以它在《世界自然保护联盟红色名录》中被评为最不受关注的物种。"
        } , 
        {
            "type": "entity" , 
            "entity": "untamedwilds:boar{Variant: 0, Size: 1}" , 
            "text": ""
        } , 
        {
            "type": "text" , 
            "title": "欧亚野猪" , 
            "text": "相对大小：\u2605\u2605\u2605\u2606\u2606$(br2)夜间活动$(br2)3种肤色$(br2)最喜欢的食物：minecraft:beetroot$(br2)种类数量：4$(br2)成长时间：4天"
        }
    ]
}