{
    "name": "末影符文",
    "icon": "endreborn:item_end_rune",
    "category": "tools",
	"advancement": "endreborn:endreborn/end_rune",
    "priority": true,
    "pages": [
        {
            "type": "text",
            "text": "这些末地守卫掉落的碎片和这谜题非常相似⋯⋯对，没错，它们组合成了一个我已经看到过的奇怪符号而且开始发光⋯⋯"
        },
	{
            "type": "crafting",
            "recipe": "endreborn:items/item_end_rune"
        }
    ]
}