{
    "name": "马尼蒂斯",
    "icon": "endreborn:tool_magnifier",
    "category": "tools",
    "advancement": "endreborn:endreborn/tool_magnifier",
    "priority": true,
    "pages": [
        {
            "type": "text",
            "text": "I have an wolframium, I have an endorium\u22EF\u22EF咳咳好吧，我只是注意到了它们之间互相作用的效果很奇怪。是时候去做点实验了。"
        },
	{
            "type": "crafting",
            "recipe": "endreborn:tools/tool_magnifier"
        }
    ]
}