{
    "name": "工具",
    "icon": "endreborn:tool_pickaxe_endorium",
    "category": "tools",
"advancement": "endreborn:endreborn/raw_endorium",
    "pages": [
        {
            "type": "text",
            "text": "新工具确实是真的很耐用的。也许我应该把钻石用在别的东西上了……"
        },
        {
            "type": "crafting",
            "recipe": "endreborn:tools/tool_pickaxe_endorium"
        },
	{
            "type": "crafting",
            "recipe": "endreborn:tools/tool_axe_endorium"
        },
	{
            "type": "crafting",
            "recipe": "endreborn:tools/tool_shovel_endorium"
        },
	{
            "type": "crafting",
            "recipe": "endreborn:tools/tool_sword_endorium"
        },
	{
            "type": "crafting",
            "recipe": "endreborn:tools/tool_hoe_endorium"
        }
    ]
}