{
    "name": "神秘矿石抽取器",
    "icon": "hwell:puller",
    "category": "multiblocks",
    "sortnum": 50,
    "pages": [
		{
            "type": "crafting",
            "title": "神秘矿石抽取器",            
			"text": "一种多方块结构,他可以从……矿井中抽出矿石.矿井建的越高，它每次抽出矿物所消耗的时间越少.每一次工作都需要一些能量.",
            "recipe": "hwell:puller"
        },
		{
            "type": "text",
			"text": "通过向神秘矿石抽取器的顶部液体中扔入不同的水晶碎片,你可以在抽取器中抽出矿石.不同的水晶碎片可以抽取出不同的矿石，但请记住,它并不像水晶碎片筛选台那一样100%产出矿物！你可以在其中扔入水晶碎片来测试它们能产出的矿物.$(br2)8个加热方块中如果有任何一个接收到了红石信号,那么这台机器将会被禁用."
        },
		{
            "type": "multiblock",
            "name": "神秘矿石抽取器",
			"text": "如右图所示,你可以增加矿井的高度,以提高每一次抽取矿物的速度.",
            "multiblock": {
                "pattern": [
					[ "C C", "   ", "C C"],
					[ "A A", "   ", "A A"],
					[ "HHH", "HLH", "HHH"],
					[ "PPP", "P0P", "PPP"],
					[ " P ", "PAP", " P "]
                ],
                "mapping": {
                    "H": "hwell:heat_block",
					"0": "hwell:puller",
					"A": "hwell:furnace_tube",
					"C": "hwell:light_collector",
                    "P": "hwell:heavy_protection_block",
                    "L": "hwell:fluid_liquid_souls"
                }
            }
		},
		{
            "type": "multiblock",
            "name": "神秘矿石抽取器",
            "multiblock": {
                "pattern": [
					[ "C C", "   ", "C C"],
					[ "A A", "   ", "A A"],
					[ "HHH", "HLH", "HHH"],
					[ "PPP", "P0P", "PPP"],
					[ " P ", "PAP", " P "],
					[ " P ", "PAP", " P "],
					[ " P ", "PAP", " P "],
					[ " P ", "PAP", " P "]

                ],
                "mapping": {
                    "H": "hwell:heat_block",
					"0": "hwell:puller",
					"A": "hwell:furnace_tube",
					"C": "hwell:light_collector",
                    "P": "hwell:heavy_protection_block",
                    "L": "hwell:fluid_liquid_souls"
                }
            }
		},
		{
			"type": "text",
			"text": "多方块结构所需要的材料:$(br)$(li)1 桶液态灵魂$(li)1 神秘矿石抽取器$(li)4 光源收集器$(li)5 聚焦管$(li)8 加热方块$(li)12+ 加强防爆石"
		}
    ]
}