{
    "name": "白钩蛱蝶" , 
    "icon": "untamedwilds:textures/icon/butterfly/comma.png" , 
    "category": "untamedwilds:butterfly_category" , 
    "pages": [
        {
            "type": "text" , 
            "title": "白钩蛱蝶" , 
            "text": "Polygonia c-album，指白钩蛱蝶，是属于蛱蝶科的食物通才($(o)杂食性$())蝴蝶。$(br2)前翅边缘有角形凹口是钩蛱蝶属物种独特的特征，这就是该属物种通常被称为角翼蝶的原因"
        } , 
        {
            "type": "entity" , 
            "entity": "untamedwilds:butterfly{Variant: 4, Size: 1}" , 
            "text": ""
        } , 
        {
            "type": "text" , 
            "title": "白钩蛱蝶" , 
            "text": "相对大小：\u2605\u2605\u2606\u2606\u2606$(br2)始终活动$(br2)2种肤色$(br2)最喜欢的食物：minecraft:dandelion$(br2)种类数量：4$(br2)成长时间：无天数"
        }
    ]
}