{
    "name": "紫闪蛱蝶" , 
    "icon": "untamedwilds:textures/icon/butterfly/emperor.png" , 
    "category": "untamedwilds:butterfly_category" , 
    "pages": [
        {
            "type": "text" , 
            "title": "紫闪蛱蝶" , 
            "text": "Apatura iris，指紫闪蛱蝶，是蛱蝶科的一种古北区蝴蝶。"
        } , 
        {
            "type": "entity" , 
            "entity": "untamedwilds:butterfly{Variant: 5, Size: 1, hasDimorphism: 1}" ,
            "text": ""
        } , 
        {
            "type": "text" , 
            "title": "紫闪蛱蝶" , 
            "text": "相对大小：\u2605\u2605\u2606\u2606\u2606$(br2)始终活动$(br2)1种肤色$(br2)最喜欢的食物：minecraft:dandelion$(br2)种类数量：4$(br2)成长时间：无天数"
        }
    ]
}