{
    "name": "宽纹黑脉绡蝶" , 
    "icon": "untamedwilds:textures/icon/butterfly/glasswing.png" , 
    "category": "untamedwilds:butterfly_category" , 
    "pages": [
        {
            "type": "text" , 
            "title": "宽纹黑脉绡蝶" , 
            "text": "没有关于这个生物的数据."
        } , 
        {
            "type": "entity" , 
            "entity": "untamedwilds:butterfly{Variant: 6, Size: 1}" , 
            "text": ""
        } , 
        {
            "type": "text" , 
            "title": "宽纹黑脉绡蝶" , 
            "text": "相对大小：\u2605\u2605\u2606\u2606\u2606$(br2)始终活动$(br2)1种肤色$(br2)最喜欢的食物：minecraft:dandelion$(br2)种类数量：4$(br2)成长时间：无天数"
        }
    ]
}