{
    "name": "枯叶蝶" , 
    "icon": "untamedwilds:textures/icon/butterfly/leaf.png" , 
    "category": "untamedwilds:butterfly_category" , 
    "pages": [
        {
            "type": "text" , 
            "title": "枯叶蝶" , 
            "text": "Kallima inachus，指枯叶蝶,橙色橡叶蝶或印度橡叶，是一种蛱蝶，发现于亚洲中处于热带亚洲的印度和日本。$(br2)翅膀闭合后，它非常像一片长有深色叶脉的干叶，是伪装运用的一个常见例子。"
        } , 
        {
            "type": "entity" , 
            "entity": "untamedwilds:butterfly{Variant: 8, Size: 1}" , 
            "text": ""
        } , 
        {
            "type": "text" , 
            "title": "枯叶蝶" , 
            "text": "相对大小：\u2605\u2605\u2605\u2606\u2606$(br2)始终活动$(br2)1种肤色$(br2)最喜欢的食物：minecraft:dandelion$(br2)种类数量：4$(br2)成长时间：无天数"
        }
    ]
}