{
    "name": "绿帘蛱蝶" , 
    "icon": "untamedwilds:textures/icon/butterfly/malachite.png" , 
    "category": "untamedwilds:butterfly_category" , 
    "pages": [
        {
            "type": "text" , 
            "title": "绿帘蛱蝶" , 
            "text": "Siproeta stelenes($(o)绿帘蛱蝶$())是一种新热带蛱蝶($(o)蛱蝶科)。$(br2)绿帘蛱蝶的翅膀很大，上部呈黑色和亮绿色和黄绿色，下部呈浅棕色和橄榄绿色。"
        } , 
        {
            "type": "entity" , 
            "entity": "untamedwilds:butterfly{Variant: 9, Size: 1}" , 
            "text": ""
        } , 
        {
            "type": "text" , 
            "title": "绿帘蛱蝶" , 
            "text": "相对大小：\u2605\u2605\u2605\u2606\u2606$(br2)始终活动$(br2)1种肤色$(br2)最喜欢的食物：minecraft:dandelion$(br2)种类数量：4$(br2)成长时间：无天数"
        }
    ]
}