{
    "name": "彩袄蛱蝶" , 
    "icon": "untamedwilds:textures/icon/butterfly/narcissus.png" , 
    "category": "untamedwilds:butterfly_category" , 
    "pages": [
        {
            "type": "text" , 
            "title": "彩袄蛱蝶" , 
            "text": "彩袄蛱蝶是蛱蝶科的一种蝴蝶$(br2)其发现于南美洲。"
        } , 
        {
            "type": "entity" , 
            "entity": "untamedwilds:butterfly{Variant: 13, Size: 1}" , 
            "text": ""
        } , 
        {
            "type": "text" , 
            "title": "彩袄蛱蝶" , 
            "text": "相对大小：\u2605\u2605\u2606\u2606\u2606$(br2)始终活动$(br2)2种肤色$(br2)最喜欢的食物：minecraft:dandelion$(br2)种类数量：4$(br2)成长时间：无天数"
        }
    ]
}