{
    "name": "东方虎凤蝶" , 
    "icon": "untamedwilds:textures/icon/butterfly/tiger_swallowtail.png" , 
    "category": "untamedwilds:butterfly_category" , 
    "pages": [
        {
            "type": "text" , 
            "title": "东方虎凤蝶" , 
            "text": "Papilio glaucus，指东方虎凤蝶，是原产于北美洲东部的一种蝴蝶。$(br2)它是美国东部最常见的蝴蝶，分布在加拿大安大略省北部到南部，在许多不同的生活环境中都很常见"
        } , 
        {
            "type": "entity" , 
            "entity": "untamedwilds:butterfly{Variant: 18, Size: 1}" , 
            "text": ""
        } , 
        {
            "type": "text" , 
            "title": "东方虎凤蝶" , 
            "text": "相对大小：\u2605\u2605\u2605\u2606\u2606$(br2)始终活动$(br2)1种肤色$(br2)最喜欢的食物：minecraft:dandelion$(br2)种类数量：4$(br2)成长时间：无天数"
        }
    ]
}