{
    "name": "海晶蜜蜂",
    "icon": "minecraft:prismarine_shard",
    "read_by_default": true,
    "category": "productivebees:bees_hive",
    "flag": "productivebees:prismarine",
    "pages": [
        {
            "type": "patchouli:text",
            "title": "Prismarine Bee",
            "text": "通过在海洋生物群戏中钓鱼获得。",
            "anchor": "prismarine"
        },
        {
            "type": "patchouli:entity",
            "entity": "productivebees:configurable_bee{type:'productivebees:prismarine'}"
        }
    ]
}