{
  "name": "风的能量",
  "icon": "reactive:vortex_stone",
  "category": "reactive:results",
  "advancement": "reactive:see_flow_containment",
  "pages": [
    {
      "type": "patchouli:text",
      "text": "$(1)啊哈！我成功分离出了旋风人的秘密能量。我称其为$(item)涡流$(1)，取自风之试炼设计主题的名称。"
    },
    {
      "type": "reactive:transmute",
      "recipe": "wind_charge_from_snowball",
      "text": "$(1)我坚信这种能量能够以$(thing)雪$(1)为基础复现风弹。$(p)结果并不理想，它无法令涡流能量展现出来；但我也因此在想，涡流是否可以与$(thing)冰$(0)绑定。"
    },
    {
      "type": "reactive:transmute",
      "recipe": "vortex_stone",
      "text": "$(1)结果很成功，它确实能和$(item)浮冰$(1)绑定！所得的产物尺寸不大，也不能以方块形态存在；它的神奇之处在于，它能在空中给予玩家一个推进力！"
    }
  ]
}