{
  "name": "能量应用",
  "icon": "reactive:soup",
  "category": "reactive:results",
  "advancement": "reactive:make_crucible",
  "pages": [
    {
      "type": "patchouli:text",
      "text": "我曾听过有些炼金术学生试图直接饮用形体能量。这么做$(thing)极不明智$(0)。形体能量的味道很腥臭，如同未经烹调的生肉。地球上没有生物会认为这种物质和好吃有半点关系。"
    },
    {
      "type": "patchouli:crafting",
      "recipe": "reactive:soup_crafting",
      "text": "$(o)⋯⋯我不清楚，但我觉得还蛮好吃的。这算奇怪吗？挺好。炼金师就是要超脱于常规的。而且直接喝省去了许多麻烦。$(br2)也许还是加点糖比较好。"
    },
    {
      "type": "patchouli:crafting",
      "recipe": "reactive:soul_lantern_with_soul_bottle",
      "text": "$(1)利用纯化灵魂能量的自然性质，我们就能大量制造一种有趣的灯笼。"
    },
    {
      "type": "patchouli:crafting",
      "recipe": "reactive:lantern_with_light_bottle",
      "text": "$(1)相似地，光耀能量则能快速制造普通灯笼。"
    },
    {
      "type": "patchouli:spotlight",
      "item": "reactive:blaze_bottle",
      "text": "如同你所预料的，烈焰能量可用作烧炼燃料。瓶子会在持久的火焰中气化，无法回收。"
    },
    {
      "type": "patchouli:spotlight",
      "item": "reactive:verdant_bottle",
      "text": "$(o)你还可以用自然之瓶堆肥。而因为能量会在瓶外消散，你需要在堆肥桶内打碎瓶子才行。"
    },
    {
      "type": "patchouli:crafting",
      "recipe": "reactive:acid_to_bucket",
      "text": "$(o)最后也当然同样重要的是，酸质可用于制造$(l:reactive:intro/volt_cell)电激单元$(/l)，也可直接将其倒入桶中，并放置出来。"
    },
    {
      "type": "patchouli:text",
      "text": "$(o)放置时，酸质会保留其方块的外形。$(4)某些材料$(0)在放置于其下方时会发生反应，通常是被摧毁。$(br2)此外，酸质是致命的，且会逐渐摧毁投至其中的物品。千万要小心！"
    }
  ]
}