{
    "name": "灰鲸" , 
    "icon": "untamedwilds:textures/icon/baleen_whale/gray.png" , 
    "category": "untamedwilds:baleen_whale_category" , 
    "pages": [
        {
            "type": "text" , 
            "title": "灰鲸" , 
            "text": "这种鲸鱼因其皮肤上的灰色斑块和白色斑点而得名。$(br2)灰鲸曾被称为魔鬼鱼，因为它们在捕猎时会表现的好战。$(br2)灰鲸是灰鲸属中唯一还存活的物种。"
        } , 
        {
            "type": "entity" , 
            "entity": "untamedwilds:baleen_whale{Variant: 2, Size: 1}" , 
            "text": ""
        } , 
        {
            "type": "text" , 
            "title": "灰鲸" , 
            "text": "相对大小：\u2605\u2605\u2605\u2606\u2606$(br2)始终活动$(br2)1种肤色$(br2)最喜欢的食物：untamedwilds:chum$(br2)种类数量：1$(br2)成长时间：12天"
        }
    ]
}