{
    "name": "法术入门：正派魔杖",
    "icon": "turtlemancy:textures/entities/bubble.png",
    "category": "turtlemancy:spells",
    "pages": [
        {
            "type": "spotlight",
            "title": "正派魔杖",
        	"item": "turtlemancy:turtle_bless",
            "text": "这是一个真实的魔法，我说得对吗，$(playername)？$(br2)制作你的魔杖，使用海龟的祝福充能它并征服世界！（以好的方式）$(br2)我会在这里告诉你如何获得每种魔杖。"
        },
        {
            "type": "crafting",
        	"recipe": "turtlemancy:turtlemancer_basic_wand",
        	"text": "最基础的$(#009432)海龟术士$()魔杖。 能力不多，但这只是开始。"
        },
        {
            "type": "crafting",
        	"recipe": "turtlemancy:turtlemancer_wand",
        	"text": "普通的$(#009432)海龟术士$()魔杖。我已经使用它半辈子了。好看且强大的魔杖。必须拥有！"
        },
        {
            "type": "spotlight",
            "title": "高级魔杖",
        	"item": "turtlemancy:turtlemancer_advanced_wand",
        	"text": "最强大的$(#009432)海龟术士$()魔杖。和它看起来一样强大。然而，它并不便宜。$(br2)你必须进行$(l:rituals/common_rituals#ritual_good_wand)这个仪式$()来获取此魔杖。"
        }
    ],
    "priority": true,
    "sortnum": 0
}