{
    "name": "欧洲野牛" , 
    "icon": "untamedwilds:textures/icon/bison/wisent.png" , 
    "category": "untamedwilds:bison_category" , 
    "pages": [
        {
            "type": "text" , 
            "title": "欧洲野牛" , 
            "text": "它是现存的两种野牛之一，另一种是美洲平原野牛。$(br2)欧洲野牛是欧洲陆地上最终的野生动物，曾经的个体可能比现在的后代还要大"
        } , 
        {
            "type": "entity" , 
            "entity": "untamedwilds:bison{Variant: 1, Size: 1}" , 
            "text": ""
        } , 
        {
            "type": "text" , 
            "title": "欧洲野牛" , 
            "text": "相对大小：\u2605\u2605\u2605\u2606\u2606$(br2)日间活动$(br2)1种肤色$(br2)最喜欢的食物：minecraft:wheat$(br2)种类数量：1$(br2)成长时间：10天"
        }
    ]
}