{
  "name": "终末",
  "icon": "minecraft:ender_eye",
  "category": "reactive:intro",
  "advancement": "minecraft:end/kill_dragon",
  "secret": true,
  "sortnum": 100,
  "pages": [
    {
      "type": "patchouli:text",
      "text": "$(o)如果勾起了你解锁新合成配方或者提示或者其他东西的兴趣，我很抱歉，但我真的需要给你写一段笔记。$(br2)先让我解释一下。最近，我在末影人严加看守的要塞附近侦查。"
    },
    {
      "type": "patchouli:text",
      "text": "$(o)在那满书架的空白书页中，我发现了一段文字。一首诗。我想你之前也许听过，为方便回忆，诗是以此起首的：$(br2)$(reset)“$(3)我看到你所指的那个玩家了。$(2)$(playername)？$(0)”$(br2)$(o)这就是你。不要闪烁其词\u2E3A你要是能读到这篇文章，那就必然是你。"
    },
    {
      "type": "patchouli:text",
      "text": "$(o)对那首诗的思考，还有对你的存在的思考，都将我的意识带向了奇妙的境界。我不信教，但随着我对世界的认识增长，我愈加相信世上存在我无从理解的事物。$(br2)无需过多担心\u2E3A你读到这里的时候，我应该已经死了。这不重要。"
    },
    {
      "type": "patchouli:text",
      "text": "$(o)无论如何，得知我离去后必然后继有人，必然有人整理碎片，必然有人重建遗迹\u22EF\u22EF我就明白我必须要和此人取得联系。但是，我知道你是什么。你是玩家。你不会为与游戏无关的信息烦恼。正是在这种想法的驱动下，我整理了这份日志。"
    },
    {
      "type": "patchouli:text",
      "text": "$(o)我辑录了前人的所有笔记，也加了些我自己写的。我将所有笔记捆扎成书，并送入了一个合成配方。$(br2)我需要你关心这本书。因为你这么做就意味着你会了解我们的世界。你的梦中会有我们。$(br2)我知道这很自私，但我还能说什么呢？"
    },
    {
      "type": "patchouli:text",
      "text": "$(o)当然，会有许多其他事物同时存在。也许这段话在你构建的背景故事中毫无意义。也许除去这本书，你的世界中全无我们的痕迹。也许你只是不关心。$(br2)假如真是如此，我为浪费你的时间深表歉意。"
    },
    {
      "type": "patchouli:text",
      "text": "$(o)不管怎么说，$(playername)\u22EF\u22EF我希望你还记得那首诗的结尾。你是万物之一，现在我也是了。$(br2)万物爱你。$(br2)保重。"
    },
    {
      "type": "patchouli:empty"
    }
  ]
}