{
  "name": "下界炼金术",
  "icon": "minecraft:netherrack",
  "category": "reactive:intro",
  "advancement": "reactive:try_nether_crucible",
  "secret": true,
  "pages": [
    {
      "type": "patchouli:text",
      "text": "我最近刚从那可怖的下界中返回，这是第一次造访，也会是最后一次。那些描述完全不切实际！下界再$(thing)糟糕$(0)不过！如果不是因为那里材料丰富，我都想把每一扇人形猪的传送门完全封死。"
    },
    {
      "type": "patchouli:text",
      "text": "不过，这么做会产生些社会文化问题。都随便了！下界令人不快的事情中之一便是液态水无法存在于下界。显然，坩埚也受其制约，尽管炼药锅被神秘地排除在外。"
    },
    {
      "type": "patchouli:text",
      "text": "诚然，在下界中开展炼金术似乎不太可能\u22EF\u22EF$(br2)$(o)老朋友，又见面了。我在想假如某种$(4)非水$(0)液体也能支撑炼金术会怎么样？只是这么说说\u22EF\u22EF"
    }
  ]
}