{
  "name": "实在忍不了",
  "icon": "minecraft:lava_bucket",
  "category": "reactive:intro",
  "advancement": "reactive:try_lava_crucible",
  "secret": true,
  "sortnum": 99,
  "pages": [
    {
      "type": "patchouli:text",
      "text": "$(o)哈哈哈，我耍到你了吗？抱歉，我已经知道我成功了\u2E3A否则你也读不到这段话。$(br2)玩弄你的无知非常幼稚，我懂，我懂。尽管如此，我确实有个$(thing)合适的理由$(0)\u2E3A很好玩。抱歉毁了你的坩埚，不过对你来说，再拿些铁锭和荧光墨囊肯定不是什么难事。"
    },
    {
      "type": "patchouli:text",
      "text": "$(o)希望没东西被烧毁\u22EF\u22EF我开始觉得有点对不起你了。要不这样，我给你一个提示以作赔偿。一个无半点虚假的提示。$(4)铁徽记附近的灵体和幻翼会受到伤害。$(0)为什么？怎么理解？能不能用科学解释？$(br2)不管怎么说，祝你玩得开心，身心安全，万事顺利。"
    }
  ]
}