{
  "name": "繁殖",
  "icon": "mythicmounts:textures/gui/book/dash.png",
  "category": "mythicmounts:care",
  "read_by_default": true,
  "pages": [
    {
      "type": "patchouli:text",
      "text": "虽然有时会发生突变，但大多数情况下，坐骑可以通过繁殖来继承其父母的生命值、速度和颜色等特征。$(br2)为了繁殖坐骑：$(li)父母双方都需要被驯服$(li)双方都处于满生命状态$(li)双方都必须拥有合适的繁殖物品$(li)至少有一方处于站立状态"
    },
    {
      "type": "patchouli:text",
      "text": "$(br2)如果一只小坐骑被喂食了诡异菌，在它逐渐成熟的过程中体型会逐渐变小而非长大。$(br2)这种坐骑只能被足够小的骑乘者骑乘。$(br2)如果在坐骑成熟之前喂给其绯红菌，便会抵消诡异菌的缩小效果。"
    }
  ],
  "sortnum": 5
}