{
  "name": "合成",
  "icon": "reactive:textures/gui/synthesis.png",
  "category": "reactive:intro",
  "advancement": "reactive:see_synthesis",
  "pages": [
    {
      "type": "patchouli:text",
      "text": "$(thing)电激发$(0)将相邻的基础能量的合成变为可能。$(br2)我称产物为$(3)隐秘能量$(0)。这些难以捉摸的能量展现出的属性又会是什么样的呢？"
    },
    {
      "type": "patchouli:image",
      "images": ["reactive:textures/gui/rune_circle.png"],
      "text": "此图展示了能量之间的关系。"
    },
    {
      "type": "patchouli:image",
      "images": ["reactive:textures/gui/rune_circle_a1.png"],
      "text": "相对的$(4)基础能量$(0)互相抵消湮灭。"
    },
    {
      "type": "patchouli:image",
      "images": ["reactive:textures/gui/rune_circle_a2.png"],
      "text": "相邻的能量对则可合成$(3)隐秘能量$(0)。"
    },
    {
      "type": "patchouli:text",
      "text": "我由此理论推断出了$(4)有且仅有三种隐秘能量$(0)，每一种都由两种基础能量在电激发的坩埚中产生。"
    }
  ]
}