{
  "name": "试炼系统",
  "icon": "deepmoblearning:trial_key",
  "category": "2_trials",
  "sortnum": 0,
  "pages": [
    {
      "type": "recipelookup",
      "recipe": "deepmoblearning:trial_key",
      "text": "这个小东西是你$(l:2_trials/1_trials)试炼$()的开始，但你要先对其进行$(item)调谐$()，它才能工作。$(br2)鼠标悬停在$(item)秘钥$()上来查看可调谐的$(l:0_introduction/2_data_models)数据模型$()。在未来或许会添加更多种类。"
    },
    {
      "type": "text",
      "title": "如何调谐",
      "text": " $(item)秘钥$()的$(item)调谐$()将决定$(l:2_trials/1_trials)试炼$()的内容。$(br2)例如，$(item)僵尸$()调谐到了秘钥上，就会开始$(item)僵尸$() $(l:2_trials/1_trials)试炼$()。$(br2)将$(item)秘钥$()放在$(item)背包$()中，下一次获取$(l:0_introduction/1_data)数据$()的过程中会将$(item)秘钥$()$(item)调谐$()到相应怪物上，前提是此怪物在可调谐列表上。"
    }
  ]
}