{
  "name": "拉动效果",
  "icon": "arcanuscontinuum:textures/spell_components/effects/colored/pull_effect.png",
  "category": "arcanuscontinuum:spellcraft",
  "sortnum": 301,
  "advancement": "arcanuscontinuum:arcane/wizard_level_3",
  "pages": [
    {
      "type": "patchouli:text",
      "text": "重量：无$(br)魔力消耗：1$(br)冷却时间：0秒$(br2)描述：$(br)将目标向施法者的方向小幅拉动。链式该效果会增强拉动力度。"
    },
    {
      "type": "patchouli:image",
      "border": true,
      "images": [
        "arcanuscontinuum:textures/gui/patchouli/entries/effects/pull_effect.png"
      ]
    }
  ]
}
