{
  "category": "hexalia:enchanted_plants",
  "name": "吟风花",
  "icon": "hexalia:windsong",
  "sortnum": 4,
  "pages": [
    {
      "type": "patchouli:spotlight",
      "item": "hexalia:windsong",
      "text": "吟风花能在 5x5 区域内制造风障，保护其中玩家免受外界投来的弹射物影响。弹射物在击中风障后即会被摧毁。此花需要使用$(l:hexalia:items/hex_focus)巫能聚焦杖$()右击激活。"
    },
    {
      "type": "hexalia:transmutation",
      "recipe": "hexalia:windsong_transmutation"
    },
    {
      "type": "patchouli:spotlight",
      "item": "hexalia:censer",
      "text": "如果正产生$(l:hexalia:block/censer)范围吸物$()效果的焚香盘范围内种有吟风花，则掉落的物品会被送入范围内距离最近的漏斗。"
    }
  ]
}