{
    "name": "剑吻鲨" , 
    "icon": "untamedwilds:textures/icon/shark/goblin.png" , 
    "category": "untamedwilds:shark_category" , 
    "pages": [
        {
            "type": "text" , 
            "title": "剑吻鲨" , 
            "text": "剑吻鲨($(o)Mitsukurina owstoni$())是一种罕见的深海鲨鱼。$(br2)它有时被称为\"活化石\"，它是尖吻鲛科中唯一现存的物种，该科约有1.25亿年的历史。"
        } , 
        {
            "type": "entity" , 
            "entity": "untamedwilds:shark{Variant: 3, Size: 1}" , 
            "text": ""
        } , 
        {
            "type": "text" , 
            "title": "剑吻鲨" , 
            "text": "相对大小：\u2605\u2605\u2605\u2606\u2606$(br2)始终活动$(br2)1种肤色$(br2)最喜欢的食物：untamedwilds:chum$(br2)种类数量：3$(br2)成长时间：7天"
        }
    ]
}