{
    "name": "大白鲨" , 
    "icon": "untamedwilds:textures/icon/shark/great_white.png" , 
    "category": "untamedwilds:shark_category" , 
    "pages": [
        {
            "type": "text" , 
            "title": "大白鲨" , 
            "text": "它以其体型而著称，体型较大的雌性个体在成年时可长达610米($(o)20英尺$())，体重达到1,905\u20132,268千克($(o)4,200\u20135,000磅$())。$(br2)然而，大多数个体都偏小，雄性平均身长3.4至4.0米($(o)11到13英尺$())，雌性平均身长4.6到4.9米($(o)15到16英尺$())。"
        } , 
        {
            "type": "entity" , 
            "entity": "untamedwilds:shark{Variant: 4, Size: 1}" , 
            "text": ""
        } , 
        {
            "type": "text" , 
            "title": "大白鲨" , 
            "text": "相对大小：\u2605\u2605\u2605\u2605\u2605$(br2)始终活动$(br2)1种肤色$(br2)最喜欢的食物：untamedwilds:chum$(br2)种类数量：3$(br2)成长时间：7天"
        }
    ]
}