{
    "name": "格陵兰睡鲨" , 
    "icon": "untamedwilds:textures/icon/shark/greenland.png" , 
    "category": "untamedwilds:shark_category" , 
    "pages": [
        {
            "type": "text" , 
            "title": "格陵兰睡鲨" , 
            "text": "格陵兰睡鲨是所有脊椎动物中寿命最长的($(o)估计在250年到500年之间$())，是现存最大的鲨鱼物种之一。$(br2)它是个食物通才，能吃下各种食物。"
        } , 
        {
            "type": "entity" , 
            "entity": "untamedwilds:shark{Variant: 5, Size: 1}" , 
            "text": ""
        } , 
        {
            "type": "text" , 
            "title": "格陵兰睡鲨" , 
            "text": "相对大小：\u2605\u2605\u2605\u2605\u2605$(br2)始终活动$(br2)1种肤色$(br2)最喜欢的食物：untamedwilds:chum$(br2)种类数量：3$(br2)成长时间：7天"
        }
    ]
}