{
    "name": "远古蜜蜂",
    "icon": "minecraft:netherite_scrap",
    "read_by_default": true,
    "category": "productivebees:bees_hive",
    "flag": "productivebees:netherite",
    "pages": [
        {
            "type": "patchouli:text",
            "title": "Ancient Bee",
            "text": "由 $(l:bees/hive/diamond)钻石蜜蜂$(/l)转换而来，给它喂一块下界合金锭。",
            "anchor": "netherite"
        },
        {
            "type": "patchouli:entity",
            "entity": "productivebees:configurable_bee{type:'productivebees:netherite'}"
        }
    ]
}