{
  "name": "数字化苦难之井",
  "icon": "deepmoblearningbm:digital_agonizer",
  "category": "4_bm",
  "sortnum": 0,
  "pages": [
    {
      "type": "text",
      "text": "当向其供给$(l:1_machines/3_energy)能量$()并放入$(l:0_introduction/2_data_models)数据模型$()后，它会对$(l:0_introduction/2_data_models)数据模型$()中的 AI 进行$(item)数字化折磨$()。$(br2)这一过程很有趣，而且还能够产生$(item)生命源质$()，并将这些源质输送给与$(item)数位折磨者$()相连接的$(item)血之祭坛$()。"
    },
    {
      "type": "recipelookup",
      "recipe": "deepmoblearningbm:digital_agonizer",
      "text": "它所产生的$(item)生命源质$()的数量取决于它所使用的$(item)催化剂$()，$(item)血之祭坛$()周围的$(item)献祭符文$()数量，以及$(l:0_introduction/2_data_models)数据模型$()的$(item)等级$()。"
    },
    {
      "type": "text",
      "title": "催化剂",
      "text": "$(item)催化剂$()可以增加你从每次$(item)操作$()中获得的$(item)生命源质$()。$(br2)各种$(item)催化剂$()的效力不一，催化次数也各不相同。$(br2)你可以在$(item)JEI$()中查阅到可用的$(item)催化剂$()列表。"
    }
  ]
}