{
	"name": "温室",
	"category": "assemblylinemachines:blocks",
	"icon": "assemblylinemachines:greenhouse",
	"pages":[
		{
			"type": "text",
			"text": "这一节是关于温室以及它的各种升级的。$(p)温室是一个单方块机器，可以让你在一个恒定的微型生态系统中种植各种各样的植物。"
		},
		{
			"type": "crafting",
			"recipe": "assemblylinemachines:crafting/greenhouse",
			"text": "首先，你需要制作一个温室。"
		},
		{
			"type": "image",
			"images":[
				"assemblylinemachines:textures/gui/patchouli/greenhouse_inventory.png"
			],
			"title": "温室用法",
			"border": true
		},
		{
			"type": "text",
			"text": "当你打开温室，可以看到如图左所示的界面。它里面有很多槽位，这里列出了一些需要的东西：$(li)A: $(#6b1f1f)肥料$()。你可以使用$(l:items/fertilizer)肥料$()或者骨粉。$(li)B: $(2)农作物$()。它的囊括范围很广，稍后会有文档提到。$(li)C: $(#6b4242)土壤$()。这取决于你种植的农作物。$(li)D: $(9)水$()。"
		},
		{
			"type": "text",
			"text": "对于$(#6b1f1f)肥料$()的使用，质量越高越能获得更好的产出，不同等级的肥料会使产量成倍增加。实际上，使用$(3)混沌肥料$()会使产出增加$(6)4倍$()。$(p)此外，大多数肥料可以使用20次甚至更多，而骨粉只能使用5次。.$(p)$(7)$(o)值得深思..."
		},
		{
			"type": "text",
			"text": "那么现在，它能种些什么？你有非常多的选择，包括但不限于：$(li)树$(li)花$(li)珊瑚$(li)农作物$(li)紫颂果$(li)下界疣$(li)绯红/诡异菌索$(li)西瓜和南瓜$(li)海草和海泡菜$(li)竹子$(li)发光浆果$(li)混沌位面植物"
		},
		{
			"type": "text",
			"text": "所以你现在只需要把想种植的东西往里一塞，就可以等他长大了吗？不完全是。$(p)第一个需要考虑的因素是$(6)光照需求$()。有些农作物需要阳光才能生长，有些农作物则需要完全黑暗。一般来说，生长在主世界地面上的农作物都需要阳光，而其他大部分的农作物与之相反，需要黑暗。$(br)$(4)人造光源不能满足需要光照的农作物的生长需求，但是却可以阻止需要黑暗的农作物的生长！"
		},
		{
			"type": "text",
			"text": "既然已经解决了光照的需求，接下来要考虑的就是$(#6b4242)土壤$()。在操作过程中，土壤不会被消耗，所以你只需要将一个土壤放进机器中，它就能维持运行。一般来说，你必须让农作物生长在土壤上，这是一个例子：$(li)用泥土类的方块种植农作物、树还有花$(li)用沙子种植仙人掌、甘蔗还有海草$(li)用灵魂沙种植下界的农作物"
		},
		{
			"type": "text",
			"text": "最后，很多作物都会照常生长。比如小麦、西瓜或者甘蔗。但是一些农作物还需要一个或多个$(d)专精升级$()才能生长。继续阅读以得知它们。$(p)现在，只要一切需求得到供应，温室里有能量，里面有作物，温室就会开始生长！"
		},
		{
			"type": "crafting",
			"recipe": "assemblylinemachines:crafting/upgrades/greenhouse_upgrade_arborists_specialization",
			"title": "树艺师",
			"text": "$(2)树艺师的专精$()升级能支持温室中的树苗生长。它对于主世界的所有树木以及绯红/诡异菌来说是必要的。"
		},
		{
			"type": "crafting",
			"recipe": "assemblylinemachines:crafting/upgrades/greenhouse_upgrade_florists_specialization",
			"title": "花匠",
			"text": "$(5)花匠的专精$()升级允许花生长。它对于生长在主世界以及混沌位面中的寻得的花来说是必要的。"
		},
		{
			"type": "crafting",
			"recipe": "assemblylinemachines:crafting/upgrades/greenhouse_upgrade_interdimensional_specialization",
			"title": "跨纬度",
			"text": "$(9)跨纬度的专精$()升级允许来自其他维度的农作物生长。它对于所有下界作物（下界疣、绯红/诡异菌）、紫颂果以及混沌位面农作物（举几个例子：棱镜玫瑰以及混沌木）来说是必要的。"
		},
		{
			"type": "crafting",
			"recipe": "assemblylinemachines:crafting/upgrades/greenhouse_upgrade_blackout_glass",
			"title": "遮光玻璃",
			"text": "遮光玻璃升级可以阻挡所有外部灌溉你，允许$(5)需要黑暗$()的农作物不受光照等级限制生长。它也可以略微增加运行速度。"
		},
		{
			"type": "crafting",
			"recipe": "assemblylinemachines:crafting/upgrades/greenhouse_upgrade_internal_lamp",
			"title": "内部灯光",
			"text": "$(6)内部灯光$()会模拟太阳光并允许$(6)只能在阳光中生长的$()农作物在黑暗中生长。他也可以略微增加运行速度。"
		},
		{
			"type": "image",
			"images":[
				"assemblylinemachines:textures/gui/patchouli/greenhouse_jei.png"
			],
			"title": "温室JEI",
			"border": true
		},
		{
			"type": "text",
			"text": "如果你使用$(9)Just Enough Items$()，它除了典型的输入输出外，还有包含了很多信息，如图所示：$(li)A:农作物的$(6)光照条件$();如果是一个$(6)黄色$()箭头则代表阳光，如果是一个$(5)紫色$()箭头则代表黑暗。$(li)B:可以接受的$(#6b4242)土壤$()。$(li)C:1-2个作物生长需要的$(c)升级$()。这其中不包含一些可选升级，例如遮光玻璃或内部灯光。"
		}
	]
}