{
  "name": "星尘",
  "icon": "reactive:stardust",
  "category": "reactive:results",
  "pages": [
    {
      "type": "reactive:transmute",
      "recipe": "stardust_from_glowstone",
      "text": "面对成千上万个可浮空而不可触光源的制造请求，这种神秘的物质便是我们炼金师的回应。它甚至能直接在空中放置。真是个奇迹！"
    },
    {
      "type": "patchouli:text",
      "text": "这种材料的另一特点在于，在同一位置多次放置时会散布出去，最终产生类似星座的效果。"
    }
  ]
}