{
  "name": "传送之诺",
  "icon": "reactive:warp_bottle",
  "category": "reactive:objects_of_study",
  "advancement": "reactive:make_rift",
  "turnin": "reactive:be_teleported",
  "pages": [
    {
      "type": "patchouli:text",
      "text": "这并非我所期望的结果。似乎在目标缺失时，传送效果会悬留于折跃能量溶液中，直至有生物靠近。"
    },
    {
      "type": "patchouli:text",
      "text": "我在想是否能$(4)捕获$(0)这种效果。如果可以，我便能加以利用。$(br2)不过在那之前，我需要靠得足够近，并且不能受传送效果的影响。这真是一个难解的谜题⋯⋯"
    }
  ]
}