{
    "name": "封装贝壳",
    "icon": "turtlemancy:shell_of_encapsulation",
    "category": "turtlemancy:items",
    "flag": "turtlemancy:shellOfEncapsulationEnabled",
    "pages": [
        { 
        	"type": "spotlight",
        	"item": "turtlemancy:shell_of_encapsulation",
        	"title": "封装贝壳",
        	"text": "此魔法物品可以容纳一只生物在里面。哦，但请记住，此物品不适用于怪物（或马，目前不适用）。",
        	"link_recipe": true
        },
        { 
        	"type": "crafting",
        	"recipe": "turtlemancy:shell_of_encapsulation",
        	"title": "封装贝壳"
        }
    ]
}