{
    "name": "海龟碗",
    "icon": "turtlemancy:turtle_bowl",
    "category": "turtlemancy:items",
    "pages": [
        { 
        	"type": "spotlight",
        	"item": "turtlemancy:turtle_bowl",
        	"title": "海龟碗",
        	"text": "在这个又大又舒适的碗里食物的保存时间更长，所以……像使用普通的碗一样把东西放进去，你会感到惊讶：每种食物的保存时间都长了 10 倍。",
        	"link_recipe": true
        },
        { 
        	"type": "crafting",
        	"recipe": "turtlemancy:beetroot_soup",
        	"link_recipe": true
        },
        { 
        	"type": "crafting",
        	"recipe": "turtlemancy:rabbit_stew_from_red_mushroom",
        	"recipe2": "turtlemancy:rabbit_stew_from_brown_mushroom",
        	"link_recipe": true
        },
        { 
        	"type": "crafting",
        	"recipe": "turtlemancy:mushroom_stew",
        	"link_recipe": true
        },
        { 
        	"type": "crafting",
        	"recipe": "turtlemancy:suspicious_stew_from_poppy",
        	"title": "夜视效果",
        	"link_recipe": true
        },
        { 
        	"type": "crafting",
        	"recipe": "turtlemancy:suspicious_stew_from_oxeye_daisy",
        	"title": "生命恢复效果",
        	"link_recipe": true
        },
        
        { 
        	"type": "crafting",
        	"recipe": "turtlemancy:suspicious_stew_from_cornflower",
        	"title": "跳跃提升效果",
        	"link_recipe": true
        },
        
        { 
        	"type": "crafting",
        	"recipe": "turtlemancy:suspicious_stew_from_dandelion",
        	"recipe2": "turtlemancy:suspicious_stew_from_blue_orchid",
        	"title": "饱和效果",
        	"link_recipe": true
        },
        
        { 
        	"type": "crafting",
        	"recipe": "turtlemancy:suspicious_stew_from_allium",
        	"title": "防火效果",
        	"link_recipe": true
        }
    ]
}