{
	"name": "猪灵徽章",
	"category": "crafting",
	"icon": "craftandhunt:piglin_emblem",
	"pages": [
		{
			"type": "smelting",
			"recipe": "craftandhunt:gold_ingot_from_furnace",
			"text": "被熔炼成猪灵标志的金锭，猪灵的稀有掉落物，可以与金锭一起使用来制作凿制金块。然而，拆解它会破坏掉标志，只能得到金锭。它也可以被熔炼成金锭或直接与猪灵交易（未实装）。"
		},
		{
			"type": "crafting",
			"recipe": "craftandhunt:piglin_gold_block",
			"recipe2": "craftandhunt:piglin_gold_block_to_ingots"
		}
	]
}