{
    "name": "成为海龟术士",
    "icon": "turtlemancy:turtlemancer_wand",
    "category": "turtlemancy:getting_started",
    "pages": [
        {
            "type": "text",
            "text": "你好，$(playername)，我在等你。$(br2)今天，你简单的人类生活将会改变。我会教你如何变得更好。我会教你如何成为……$(#009432)海龟术士$()。"
        },
        { 
        	"type": "entity",
        	"entity": "minecraft:turtle",
        	"scale": 0.5,
        	"text": "$(turtlemancy)海龟$()是一种强大的魔法生物，但它们并不知道。它们甚至不在乎！"
        },
        {
        	"type": "text",
        	"text": "但我们现在知道了，我们可以利用这种力量来成就大事。$(br2)无论如何，不是每个人都可以成为$(#009432)海龟术士$()，要成为其中的一员，你需要获得它们的青睐。俗话说得好：$(br2)$(br)$(o)海龟选择海龟术士。$()"
        },
        { 
        	"type": "image",
        	"images":[ 
        			"turtlemancy:textures/book/becoming_turtlemancer.png"
        	],
        	"border": true,
        	"text": "为了让$(#009432)海龟$()选择你，当它看着你时，鞠躬并看向它的眼睛。"
        }
    ],
    "priority": true
}