{
    "name": "性能",
    "icon": "productivebees:upgrade_time",
    "category": "productivebees:misc",
    "pages": [
        {
            "type": "patchouli:text",
            "text": "如果设置不正确，此模组的某些内容可能会占用大量资源。本节将提供一些建议，说明如何在不拖累计算机的情况下充分利用蜜蜂。"
        },
        {
            "type": "patchouli:text",
            "text": "蜜蜂是世界上的实体，而不仅仅是一个方块或物品，它本质上会使用更多的电脑资源。来自实体的一大资源消耗是路径和AI，其中蜜蜂的AI性能并不好。为了防止不必要的AI计算，请确保所有蜜蜂都有一个居住的地方和它们所需的花块。还要把蜜蜂关在一个不太大的围栏里，否则它们会开始徘徊。或者，您可以在蜂巢中使用模拟器升级来防止蜜蜂实体出现在世界上。"
        },
        {
            "type": "patchouli:text",
            "text": "另一个资源消耗可能是离心机中的蜜脾渲染。如果有很多离心机在运行，请考虑关闭蜜脾渲染。该选项可以在配置文件中找到/productivebees-client.toml"
        }
    ]
}