{
    "name": "智利火玫瑰" , 
    "icon": "untamedwilds:textures/icon/tarantula/rose.png" , 
    "category": "untamedwilds:tarantula_category" , 
    "pages": [
        {
            "type": "text" , 
            "title": "智利火玫瑰" , 
            "text": "该物种已知生活在玻利维亚和阿根廷。$(br2)智利火玫瑰是狼蛛爱好者的常见宠物。$(br2)该物种常与Grammostola porteri之间有相当大的混淆，一些人认为宠物贸易中的许多\"G. rosea\"实际上是G.porteri。"
        } , 
        {
            "type": "entity" , 
            "entity": "untamedwilds:tarantula{Variant: 6, Size: 1}" , 
            "text": ""
        } , 
        {
            "type": "text" , 
            "title": "智利火玫瑰" , 
            "text": "相对大小：\u2605\u2605\u2606\u2606\u2606$(br2)始终活动$(br2)1种肤色$(br2)最喜欢的食物：minecraft:chicken$(br2)种类数量：4$(br2)成长时间：6天"
        }
    ]
}