{
  "name": "Terrastone Pickaxe",
  "icon": "roots:terrastone_pickaxe",
  "category": "crafting_armor_tools_terrastone",
  "read_by_default": true,
  "pages": [
    {
      "type": "text",
      "text": "Terrastone tools, like $(cat:crafting_armor_tools_living)living tools$(), naturally repair themselves over time (indeed, more rapidly than living tools do).$(br2)$(info) They have the harvest level of diamond tools, but less durability.$(br2)$(info) This pickaxe is much more efficient when breaking hard blocks, and slightly less when breaking softer blocks."
    },
    {
      "type": "fey_crafting_template",
      "recipe": "terrastone_pickaxe"
    },
    {
      "type": "relations",
      "anchor": "related",
      "entries": [
        "crafting/fey_crafter",
        "crafting/runed_smasher",
        "crafting/living_pickaxe"
      ]
    }
  ]
}