{
  "name": "item.ars_instrumentum.scroll_of_save_starbuncle",
  "category": "ars_nouveau:automation",
  "icon": "ars_instrumentum:scroll_of_save_starbuncle",
  "pages": [
    {
      "text": "手持此卷轴右击星宝石兽即可将其当前配置存入卷轴。手持卷轴潜行右击星宝石兽就能应用其所存储的配置。对空气潜行右击则会清除其中配置。",
      "type": "patchouli:text"
    },
    {
      "type": "patchouli:crafting",
      "recipe": "ars_instrumentum:scroll_of_save_starbuncle"
    }
  ]
}