{
    "name": "美丽硬仆骨舌鱼" , 
    "icon": "untamedwilds:textures/icon/arowana/green.png" , 
    "category": "untamedwilds:arowana_category" , 
    "pages": [
        {
            "type": "text" , 
            "title": "美丽硬仆骨舌鱼" , 
            "text": "美丽硬仆骨舌鱼($(o)Scleropages formosus$())包括分布在东南亚各地淡水鱼的几个表现型品种。$(br2)虽然Pouyaud et al的工作成果让大多数认为不同的品种属于一个物种。"
        } , 
        {
            "type": "entity" , 
            "entity": "untamedwilds:arowana{Variant: 1, Size: 1}" , 
            "text": ""
        } , 
        {
            "type": "text" , 
            "title": "美丽硬仆骨舌鱼" , 
            "text": "相对大小：\u2605\u2605\u2605\u2606\u2606$(br2)始终活动$(br2)1种肤色($(o)1种稀有肤色$())$(br2)最喜欢的食物：untamedwilds:chum$(br2)种类数量：4$(br2)成长时间：6天"
        }
    ]
}