{
    "name": "年代学者",
    "icon": "endreborn:tech_portal",
    "category": "being",
	"advancement": "endreborn:endreborn/entropy_user",
    "priority": true,
    "pages": [
        {
            "type": "text",
            "text": "另一种末影人\u22EF\u22EF他们守护着传送门。但是等一下，为什么他们要攻击另一个样子的末影人？"
        },
	{
            "type": "spotlight",
            "item": "endreborn:tech_portal",
            "link_recipe": true
        }
    ]
}