{
  "name": "钻石",
  "icon": "ars_nouveau:glyph_diamond",
  "category": "arsomega:spells_4",
  "advancement": "arsomega:restricted_knowledge",
  "sortnum": 3,
  "pages": [
    {
      "type": "text",
      "text": "ars_nouveau.glyph_desc.diamond"
    },
    {
      "type": "glyph_recipe",
      "recipe": "ars_nouveau:glyph_diamond",
      "tier": "四",
      "mana_cost": "极高",
      "clay_type": "ars_nouveau:mythical_clay",
      "reagent": "minecraft:netherite_block"
    }
  ]
}