{
  "name": "item.ars_nouveau.ritual_open_portal",
  "icon": "ars_nouveau:ritual_open_portal",
  "category": "ars_nouveau:rituals",
  "pages": [
    {
      "type": "text",
      "text": "开启传送门仪式会消耗极为大量的魔源，并打开联通不同领域的传送门。需要消耗存有对应维度的维度水晶。也可再加传送卷轴以改变传送位置。"
    },
    {
      "type": "crafting",
      "recipe": "arsomega:ritual_open_portal"
    },
    {
      "type": "crafting",
      "recipe": "arsomega:dimension_crystal"
    }
  ]
}