{
    "name": "海龟船",
    "icon": "turtlemancy:turtle_boat",
    "category": "turtlemancy:items",
    "pages": [
        { 
        	"type": "spotlight",
        	"item": "turtlemancy:turtle_boat",
        	"title": "海龟船",
        	"text": "这艘超酷的船会让你更快的速度穿越水面。$(br2)快速奔跑。",
        	"link_recipe": true
        },
        { 
        	"type": "crafting",
        	"recipe": "turtlemancy:turtle_boat",
            "title": "海龟船"
        }
    ]
}