{
  "name": "符文台",
  "category": "devices",
  "icon": "bewitchment:sigil_table",
  "pages": [
	{
	  "type": "text",
	  "text": "一张不起眼的写字桌，于其上用龙血树脂点出一抹殷红。你便可以在这张华丽的写字桌上刻画符文了。桌子中有着一个5x5的网格，这些网格可用于刻画符文，你有充足的空间和自由在上面画出你想画的。"
	},
	{
	  "type": "crafting",
	  "recipe": "bewitchment:sigil_table"
	},
	{
	  "type": "text",
	  "title": "符文",
	  "text": "符文是一种女巫创造出来的特定符号，目的是为了创造出某种特定的效果，来保护一些特定的区域。符文的刻画必须使用到龙血树脂，并且某些符文的刻画还会要求使用达到一些与龙血树脂比较类似的物品，譬如染料。"
	},
	{
	  "type": "text",
	  "text": "符文可以被附着到方块上，然后不断地影响周边的实体，符文生效时长为一周左右。它也可以附着在箱子或者门上，只不过这些箱子和门必须使用龙血木制作的，那些与这些方块交互的人会受到符文的影响。"
	},
	{
	  "type": "bewitchment:sigil_recipe",
	  "recipe": "bewitchment:mending"
	},
	{
	  "type": "spotlight",
	  "item": "bewitchment:sigil_mending",
	  "text": "使目标受到生命恢复效果"
	},
	{
	  "type": "bewitchment:sigil_recipe",
	  "recipe": "bewitchment:ruin"
	},
	{
	  "type": "spotlight",
	  "item": "bewitchment:sigil_ruin",
	  "text": "使接触到目标的对象患病"
	},
	{
	  "type": "bewitchment:sigil_recipe",
	  "recipe": "bewitchment:binding"
	},
	{
	  "type": "spotlight",
	  "item": "bewitchment:sigil_binding",
	  "text": "给对象造成暂时性瘫痪效果"
	},
	{
	  "type": "bewitchment:sigil_recipe",
	  "recipe": "bewitchment:cleansing"
	},
	{
	  "type": "spotlight",
	  "item": "bewitchment:sigil_cleansing",
	  "text": "移除对象的负面效果"
	},
	{
	  "type": "bewitchment:sigil_recipe",
	  "recipe": "bewitchment:failure"
	},
	{
	  "type": "spotlight",
	  "item": "bewitchment:sigil_failure",
	  "text": "使得目标在进行仪式时有时会失败"
	},
	{
	  "type": "bewitchment:sigil_recipe",
	  "recipe": "bewitchment:purity"
	},
	{
	  "type": "spotlight",
	  "item": "bewitchment:sigil_purity",
	  "text": "移除一些较弱的诅咒，不是全部诅咒"
	},
	{
	  "type": "bewitchment:sigil_recipe",
	  "recipe": "bewitchment:luck"
	},
	{
	  "type": "spotlight",
	  "item": "bewitchment:sigil_luck",
	  "text": "一段时间内使得目标可能会在奖励箱内获得更好的奖励"
	},
	{
	  "type": "bewitchment:sigil_recipe",
	  "recipe": "bewitchment:battle"
	},
	{
	  "type": "spotlight",
	  "item": "bewitchment:sigil_battle",
	  "text": "给予一个较弱的力量以及抗性提升效果"
	},
	{
	  "type": "bewitchment:sigil_recipe",
	  "recipe": "bewitchment:disorientation"
	},
	{
	  "type": "spotlight",
	  "item": "bewitchment:sigil_disorientation",
	  "text": "使得敌对生物以及玩家陷入迷惑"
	},
	{
	  "type": "bewitchment:sigil_recipe",
	  "recipe": "bewitchment:shrieking"
	},
	{
	  "type": "spotlight",
	  "item": "bewitchment:sigil_shrieking",
	  "text": "向目标尖叫, $(o)非常大声"
	},
	{
	  "type": "bewitchment:sigil_recipe",
	  "recipe": "bewitchment:sentinel"
	},
	{
	  "type": "spotlight",
	  "item": "bewitchment:sigil_sentinel",
	  "text": "召唤一只阴森的幽灵来进攻目标"
	}
  ]
}
