{
  "name": "item.ars_instrumentum.runic_storage_stone",
  "category": "ars_nouveau:automation",
  "icon": "ars_instrumentum:runic_storage_stone",
  "pages": [
    {
      "text": "手持存储符文石右击魔源中继器即可将其配置存入其中。潜行右击魔源中继器就能应用其所存储的配置。分流型中继器会在原有配置的基础上新增，普通中继器的配置会被覆盖。以其合成自身即可清除其中配置。",
      "type": "patchouli:text"
    },
    {
      "type": "patchouli:crafting",
      "recipe": "ars_instrumentum:runic_storage_stone"
    },
    {
      "type": "patchouli:crafting",
      "recipe": "ars_instrumentum:runic_storage_stone_alternate"
    }
  ]
}