{
    "name": "海龟爱好者仪式",
    "icon": "turtlemancy:turtle_bless",
    "category": "turtlemancy:rituals",
    "pages": [
        {
            "type": "text",
            "text": "$(turtlemancy)海龟爱好者仪式$()是那些只能以正确的方式对待海龟的海龟术士进行的仪式。必须使用$(turtlemancy)海龟的祝福$()来充能$(thing)海龟祭坛$()以进行这类型的任意仪式。"
        },
        {
            "type": "turtlemancy:good_ritual_recipe",
            "recipe": "turtlemancy:heart_of_the_sea_bracelet",
            "title": "海洋仪式",
            "description": "此仪式会给予你$(l:turtlemancy:equipment/bracelet_of_the_sea)$(item)海洋手镯$()。",
            "anchor": "ritual_of_the_sea"
        },
        {
            "type": "turtlemancy:good_ritual_recipe",
            "recipe": "turtlemancy:affinity",
            "title": "速掘仪式",
            "description": "使用海龟水下速掘附魔你的装备。"
        },
        {
            "type": "turtlemancy:good_ritual_recipe",
            "recipe": "minecraft:trident",
            "title": "崔莱顿仪式",
            "description": "此仪式会给予你强大的$(item)三叉戟$()。",
            "link_recipe": true
        },
        {
            "type": "turtlemancy:good_ritual_recipe",
            "recipe": "turtlemancy:unbreaking",
            "title": "耐力仪式",
            "description": " 使用$(thing)耐久$()附魔你的装备。"
        }
    ],
    "sortnum": 2
}