{
    "name": "精华",
    "icon": "turtlemancy:turtle_essence",
    "category": "turtlemancy:turtlemy",
    "pages": [
    	{
            "type": "text",
            "text": "$(turtlemancy)海龟术士$()可以从不同的生物中获取$(thing)精华$()。许多生物可能彼此都不同，但在$(thing)精华$()种类的意义上，它们都是一样的。目前我们已经发现了 $(thing)7 种$()不同的$(thing)精华$()：$(li)$(turtlemancy)海龟精华$()$(li)$(#d63031)节肢精华$()$(li)$(#0984e3)水生生物精华$()$(li)$(#ff7675)动物精华$()$(li)$(#636e72)亡灵精华$()$(li)$(#fab1a0)人类精华$()$(li)$(#6c5ce7)末影人精华$()"
        },
        {
            "type": "spotlight",
        	"item": "turtlemancy:turtle_essence",
            "text": "对$(#009432)海龟$()使用空的玻璃瓶以获取此$(thing)精华$()。",
            "link_recipe": true
        },
        {
            "type": "spotlight",
        	"item": "turtlemancy:arthropod_essence",
            "text": "对$(#d63031)蜘蛛$()（任意类型）、$(#d63031)末影螨$()、$(#d63031)蜜蜂$()或$(#d63031)蠹虫$()使用空的玻璃瓶以获取此$(thing)精华$()。",
            "link_recipe": true
        },
        {
            "type": "spotlight",
        	"item": "turtlemancy:water_creature_essence",
            "text": "对$(#0984e3)鱼$()（任意类型）、$(#0984e3)海豚$()、$(#0984e3)鱿鱼$()或$(#0984e3)守卫者$()使用空的玻璃瓶以获取此$(thing)精华$()。",
            "link_recipe": true
        },
        {
            "type": "spotlight",
        	"item": "turtlemancy:animal_essence",
            "text": "对不属于任何之前的类型的任意$(#ff7675)动物$()使用空的玻璃瓶以获取此$(thing)精华$()。",
            "link_recipe": true
        },
        {
            "type": "spotlight",
        	"item": "turtlemancy:undead_essence",
            "text": "对任意$(#636e72)亡灵$()生物使用空的玻璃瓶以获取此$(thing)精华$()。",
            "link_recipe": true
        },
        {
            "type": "spotlight",
        	"item": "turtlemancy:human_essence",
            "text": "对任意活着的$(#fab1a0)人类$()生物使用空的玻璃瓶以获取此$(thing)精华$()。",
            "link_recipe": true
        },
        {
            "type": "spotlight",
        	"item": "turtlemancy:enderman_essence",
            "text": "对$(#6c5ce7)末影人$()使用空的玻璃瓶以获取此$(thing)精华$()。",
            "link_recipe": true
        }
    ],
    "sortnum": 2
}