{
  "category": "hexalia:rituals",
  "name": "嬗变仪式",
  "icon": "hexalia:ancient_seed",
  "sortnum": 2,
  "pages": [
    {
      "type": "patchouli:text",
      "text": "$(#6f4fab)嬗变仪式$()可通过仪式台施展，效果为令物品与催发物融合，从而转化成新物品。$(br2)更多有关搭建和激活仪式的信息请参见$(l:hexalia:rituals/ritual_table)仪式台$()条目。"
    },
    {
      "type": "hexalia:transmutation",
      "recipe": "hexalia:kelpweave_blade_transmutation"
    },
       {
      "type": "hexalia:transmutation",
      "recipe": "hexforged:nethergrasp_scythe"
    },
    {
      "type": "hexalia:transmutation",
      "recipe": "hexforged:aetherwing_battlestaff"
    },
    {
      "type": "hexalia:transmutation",
      "recipe": "hexforged:rootbound_mace"
    },
    {
      "type": "hexalia:transmutation",
      "recipe": "hexalia:rabbage_seeds_transmutation"
    },
    {
      "type": "hexalia:transmutation",
      "recipe": "hexalia:sage_pendant_transmutation"
    },
    {
      "type": "hexalia:transmutation",
      "recipe": "hexforged:atlantisine_block"
    },
    {
      "type": "hexalia:transmutation",
      "recipe": "hexalia:air_node_transmutation"
    },
    {
      "type": "hexalia:transmutation",
      "recipe": "hexalia:water_node_transmutation"
    },
    {
      "type": "hexalia:transmutation",
      "recipe": "hexalia:earth_node_transmutation"
    },
    {
      "type": "hexalia:transmutation",
      "recipe": "hexalia:fire_node_transmutation"
    },
    {
      "type": "hexalia:transmutation",
      "recipe": "hexalia:morphora_transmutation"
    },
    {
      "type": "hexalia:transmutation",
      "recipe": "hexalia:grimshade_transmutation"
    },
    {
      "type": "hexalia:transmutation",
      "recipe": "hexalia:nautilite_transmutation"
    },
    {
      "type": "hexalia:transmutation",
      "recipe": "hexalia:windsong_transmutation"
    },
    {
      "type": "hexalia:transmutation",
      "recipe": "hexalia:lunar_lily_transmutation"
    },
     {
      "type": "hexalia:transmutation",
      "recipe": "hexforged:boombarand_transmutation"
    },
    {
      "type": "hexalia:transmutation",
      "recipe": "hexforged:mandrakehorn_transmutation"
    },
    {
      "type": "hexalia:transmutation",
      "recipe": "hexforged:scroll_fire_transmutation"
    },
    {
      "type": "hexalia:transmutation",
      "recipe": "hexforged:scroll_air_transmutation"
    },
    {
      "type": "hexalia:transmutation",
      "recipe": "hexforged:scroll_water_transmutation"
    },
    {
      "type": "hexalia:transmutation",
      "recipe": "hexforged:scroll_earth_transmutation"
    }
  ]
}