{
  "name": "促速符文",
  "icon": "bloodmagic:accelerationrune",
  "category": "bloodmagic:altar/blood_rune",
  "pages": [
    {
      "type": "patchouli:text",
      "text": "$(item)促速符文$()可以提升某些操作的频率。通常$(l:bloodmagic:altar/blood_rune/charging_rune)充能符文$(/l)和$(l:bloodmagic:altar/blood_rune/dislocation_rune)转位符文$(/l)每20刻执行一次操作，而每一个促速符文都可以降低1刻延迟，最少1刻执行一次操作。"
    },
    {
      "type": "patchouli:crafting",
      "recipe": "bloodmagic:blood_rune_acceleration"
    },
    {
      "type": "patchouli:crafting",
      "recipe": "bloodmagic:blood_rune_acceleration_2",
      "text":"使用$(item)下界合金碎片$()和一些来源于$(l:bloodmagic:dungeons/endless_realm)恶魔领域$()的$(item)复杂狱锻零件$()，可使$(item)促速符文$()效果翻倍，每个符文减少2刻延迟，有效释放祭坛槽位。"
    },
    {
      "type": "bloodmagic:crafting_arc",
      "recipe": "bloodmagic:arc/reversion/acceleration",
      "text":"如果你改变主意，你可以在炼金反应炉逆转配方。"
    }
  ]
}