{
  "name": "超容符文",
  "icon": "bloodmagic:bettercapacityrune",
  "category": "bloodmagic:altar/blood_rune",
  "pages": [
    {
      "type": "patchouli:text",
      "text": "$(item)超容符文$()将以每个符文7.5%的乘算方式扩容$(l:bloodmagic:altar/blood_altar)血之祭坛$(/l)其效果在常规$(l:bloodmagic:altar/blood_rune/capacity_rune)增容符文$()$(o)之后$()结算。"
    },
    {
      "type": "patchouli:crafting",
      "title": "超容符文",
      "recipe": "bloodmagic:blood_rune_aug_capacity"
    },
    {
      "type": "patchouli:crafting",
      "recipe": "bloodmagic:blood_rune_aug_capacity_2",
      "text":"使用$(item)下界合金碎片$()和一些来源于$(l:bloodmagic:dungeons/endless_realm)恶魔领域$()的$(item)复杂狱锻零件$()，可使$(item)超容符文$()效果翻倍，每个符文以15%的乘算方式扩容$(l:bloodmagic:altar/blood_altar)血之祭坛$(/l)。"
    },
    {
      "type": "bloodmagic:crafting_arc",
      "recipe": "bloodmagic:arc/reversion/aug_capacity",
      "text":"如果你改变主意，你可以在炼金反应炉逆转配方。"
    }
  ]
}