{
  "name": "增容符文",
  "icon": "bloodmagic:altarcapacityrune",
  "category": "bloodmagic:altar/blood_rune",
  "pages": [
    {
      "type": "patchouli:text",
      "text": "$(item)增容符文$()以加算方式提升$(l:bloodmagic:altar/blood_altar)血之祭坛$(/l)容量，每个符文增加20%容量。"
    },
    {
      "type": "patchouli:crafting",
      "recipe": "bloodmagic:blood_rune_capacity"
    },
    {
      "type": "patchouli:crafting",
      "recipe": "bloodmagic:blood_rune_capacity_2",
      "text":"使用$(item)下界合金碎片$()和一些来源于$(l:bloodmagic:dungeons/endless_realm)恶魔领域$()的$(item)复杂狱锻零件$()，可使$(item)增容符文$()效果翻倍，每个符文增加$(l:bloodmagic:altar/blood_altar)血之祭坛$(/l)40%容量。"
    },
    {
      "type": "bloodmagic:crafting_arc",
      "recipe": "bloodmagic:arc/reversion/capacity",
      "text":"如果你改变主意，你可以在炼金反应炉逆转配方。"
    }
  ]
}