{
  "name": "充能符文",
  "icon": "bloodmagic:chargingrune",
  "category": "bloodmagic:altar/blood_rune",
  "pages": [
    {
      "type": "patchouli:text",
      "text": "$(item)充能符文$()是一种独特的符文。当$(l:bloodmagic:altar/blood_altar)血之祭坛$()未进行制作和灌注$(l:bloodmagic:altar/soul_network)气血宝珠$()时，会将祭坛的$(blood)LP$()转移到外部缓存。当下次放置物品时，储存的LP将以1:1的比例瞬间用于物品合成。"
    },
    {
      "type": "patchouli:text",
      "text": "血之祭坛默认每20刻执行一次充能，每个$(l:bloodmagic:altar/blood_rune/acceleration_rune)促速符文$(/l)减少1刻延迟。$(br2)充能速度的计算公式：[$(blood)10LP$() x $(l:bloodmagic:altar/blood_rune/charging_rune)充能符文$()数 x (1 + $(l:bloodmagic:altar/blood_rune/speed_rune)速度符文$()数/10)]$(br2)最大缓存LP为，$(blood)1000 LP$()/$(item)充能符文$()数 x [(血之祭坛容量)/20000]（如果这个值大于1）。"
    },
    {
      "type": "patchouli:crafting",
      "recipe": "bloodmagic:blood_rune_charging"
    },
    {
      "type": "patchouli:crafting",
      "recipe": "bloodmagic:blood_rune_charging_2",
      "text":"使用$(item)下界合金碎片$()和一些来源于$(l:bloodmagic:dungeons/endless_realm)恶魔领域$()的$(item)复杂狱锻零件$()，可使$(item)充能符文$()效果翻倍，同时提升它的容量和速度。"
    },
    {
      "type": "bloodmagic:crafting_arc",
      "recipe": "bloodmagic:arc/reversion/charging",
      "text":"如果你改变主意，你可以在炼金反应炉逆转配方。"
    }
  ]
}
