{
  "name": "转位符文",
  "icon": "bloodmagic:dislocationrune",
  "category": "bloodmagic:altar/blood_rune",
  "pages": [
    {
      "type": "patchouli:text",
      "text": "$(item)转位符文$()可增加外部$(blood)生命源质$()储存的转换速度，以乘算方式，每个符文流速提升20%。"
    },
    {
      "type": "patchouli:crafting",
      "recipe": "bloodmagic:blood_rune_displacement"
    },
    {
      "type": "patchouli:crafting",
      "recipe": "bloodmagic:blood_rune_displacement_2",
      "text":"使用$(item)下界合金碎片$()和一些来源于$(l:bloodmagic:dungeons/endless_realm)恶魔领域$()的$(item)复杂狱锻零件$()，可使$(item)转位符文$()效果翻倍，以乘算方式，每个符文流速提升40%。"
    },
    {
      "type": "bloodmagic:crafting_arc",
      "recipe": "bloodmagic:arc/reversion/displacement",
      "text":"如果你改变主意，你可以在炼金反应炉逆转配方。"
    }
  ]
}
