{
  "name": "宝珠符文",
  "icon": "bloodmagic:orbcapacityrune",
  "category": "bloodmagic:altar/blood_rune",
  "pages": [
    {
      "type": "patchouli:text",
      "text": "$(item)宝珠符文$()可以提升在祭坛内的$(item)气血宝珠$()容量，每个符文加2%容量。此效果仅在宝珠在祭坛内生效。"
    },
    {
      "type": "patchouli:crafting",
      "recipe": "bloodmagic:blood_rune_orb"
    },
    {
      "type": "patchouli:crafting",
      "recipe": "bloodmagic:blood_rune_orb_2",
      "text":"使用$(item)下界合金碎片$()和一些来源于$(l:bloodmagic:dungeons/endless_realm)恶魔领域$()的$(item)复杂狱锻零件$()，可使$(item)宝珠符文$()效果翻倍，每一个符文增加4%容量。"
    },
    {
      "type": "bloodmagic:crafting_arc",
      "recipe": "bloodmagic:arc/reversion/orb_rune",
      "text":"如果你改变主意，你可以在炼金反应炉逆转配方。"
    }
  ]
}