{
  "name": "献祭符文",
  "icon": "bloodmagic:sacrificerune",
  "category": "bloodmagic:altar/blood_rune",
  "pages": [
    {
      "type": "patchouli:text",
      "text": "$(item)献祭符文$()可提升非玩家实体转化的$(blood)生命源质$()产量。每个符文增加10%产量。"
    },
    {
      "type": "patchouli:crafting",
      "recipe": "bloodmagic:blood_rune_sacrifice"
    },
    {
      "type": "patchouli:crafting",
      "recipe": "bloodmagic:blood_rune_sac_2",
      "text":"使用$(item)下界合金碎片$()和一些来源于$(l:bloodmagic:dungeons/endless_realm)恶魔领域$()的$(item)复杂狱锻零件$()，可使$(item)献祭符文$()效果翻倍，每个符文增加20%产量。"
    },
    {
      "type": "bloodmagic:crafting_arc",
      "recipe": "bloodmagic:arc/reversion/sac",
      "text":"如果你改变主意，你可以在炼金反应炉逆转配方。"
    }
  ]
}
