{
  "name": "Rune of Self Sacrifice",
  "icon": "bloodmagic:selfsacrificerune",
  "category": "bloodmagic:altar/blood_rune",
  "pages": [
    {
      "type": "patchouli:text",
      "text": "The $(item)Rune of Self Sacrifice$() increases the amount of $(blood)Life Essence$() gained in the Blood Altar through means that use a player's health. Each rune gives a bonus of +10% additively per rune."
    },
    {
      "type": "patchouli:crafting",
      "recipe": "bloodmagic:blood_rune_self_sacrifice"
    },
    {
      "type": "patchouli:crafting",
      "recipe": "bloodmagic:blood_rune_self_sac_2",
      "text":"With some $(item)Netherite Scrap$() and some $(item)Intricate Hellforged Parts$() looted from the $(l:bloodmagic:dungeons/endless_realm)Demon Realm$(), you can double the power of your $(item)Rune of Self Sacrifice$(), increasing bonus to an additive +20% per rune."
    },
    {
      "type": "bloodmagic:crafting_arc",
      "recipe": "bloodmagic:arc/reversion/self_sac",
      "text":"If you change your mind, you can undo the recipe in the ARC."
    }
  ]
}
