{
  "name": "速度符文",
  "icon": "bloodmagic:speedrune",
  "category": "bloodmagic:altar/blood_rune",
  "pages": [
    {
      "type": "patchouli:text",
      "text": "$(item)速度符文$()可以增加血之祭坛所有制作的效率。每个符文增加20%制作速度（祭坛空置时的流失速度也相应提升），效果是加法叠加。"
    },
    {
      "type": "patchouli:crafting",
      "recipe": "bloodmagic:blood_rune_speed"
    },
    {
      "type": "patchouli:crafting",
      "recipe": "bloodmagic:blood_rune_speed_2",
      "text":"使用$(item)下界合金碎片$()和一些来源于$(l:bloodmagic:dungeons/endless_realm)恶魔领域$()的$(item)复杂狱锻零件$()，可使$(item)速度符文$()效果翻倍,每个符文提供40%加速效果（加法叠加）。"
    },
    {
      "type": "bloodmagic:crafting_arc",
      "recipe": "bloodmagic:arc/reversion/speed",
      "text":"如果你改变主意，你可以在炼金反应炉逆转配方。"
    }
  ]
}