{
    "name": "斑点叉尾鮰" , 
    "icon": "untamedwilds:textures/icon/catfish/channel.png" , 
    "category": "untamedwilds:catfish_category" , 
    "pages": [
        {
            "type": "text" , 
            "title": "斑点叉尾鮰" , 
            "text": "斑点叉尾鮰($(o)Ictalurus punctatus$())是北美洲数量最多的鲶鱼。$(br2)它是堪萨斯州、密苏里州、爱荷华州、内布拉斯加州和田纳西州的官方鱼类，被非正式地称为\"channel cat\"。"
        } , 
        {
            "type": "entity" , 
            "entity": "untamedwilds:catfish{Variant: 1, Size: 1}" , 
            "text": ""
        } , 
        {
            "type": "text" , 
            "title": "斑点叉尾鮰" , 
            "text": "相对大小：\u2605\u2605\u2606\u2606\u2606$(br2)始终活动$(br2)1种肤色$(br2)最喜欢的食物：untamedwilds:chum$(br2)种类数量：5$(br2)成长时间：6天"
        }
    ]
}