{
  "name": "无翼龙",
  "icon": "mythicmobs:drake_spawn_egg",
  "category": "mythicmobs:mobs",
  "pages": [
    {
      "type": "text",
      "text": "无翼龙是可以被驯服的小型生物，它会向它的主人表达极致的忠诚，并心甘情愿为主人的一句命令而献出生命。请注意让它们远离家畜，特别是鸡。无翼龙还天生热衷于食用卓柏卡布拉肉串。"
    },
    {
      "type": "image",
      "images": [
        "mythicmobs:other/images/drake.png"
      ],
      "text": "人类最忠实的朋友",
      "border": true
    }
  ]
}
