{
    "name": "末影咖啡",
    "icon": "coffeecraft:end_coffee",
    "category": "coffeecraft:coffee",
    "pages": [
        {
            "type": "patchouli:text",
            "text": "想踏上通往神秘的末影世界的旅程？那就品尝我们的末影咖啡！这款咖啡的灵感来自末路之地的空灵景观。欣赏深渊般的黑色、各种复杂口味的混合，捕捉这个独特维度的精髓，体验与众不同的超凡咖啡。"
        },
        {
            "type": "coffeecraft:template_coffee_crafting",
            "text": "调制末影咖啡！",
            "item0": "coffeecraft:coffee_powder#2",
            "item1": "minecraft:ender_pearl",
            "item2": "minecraft:air",
            "result": "coffeecraft:end_coffee"
        }
    ]
}