{
  "name": "起沫",
  "icon": "minecraft:paper",
  "category": "reactive:reactions",
  "advancement": "reactive:reactions/formation_effect",
  "pages": [
    {
      "type": "patchouli:text",
      "text": "$(bold)视觉特征：$()$(br)白色粒子束打向附近的金徽记。$(p)$(bold)实际效果：$()$(br)金徽记变为金沫，其体积会快速增加，并最终停止增长。"
    },
    {
      "type": "reactive:reaction",
      "reaction": "formation_effect"
    }
  ]
}