{
    "name": "高级邪门法术",
    "icon": "turtlemancy:dark_turtlemancer_advanced_wand",
    "category": "turtlemancy:spells",
    "pages": [
        {
            "type": "spotlight",
            "title": "高级邪门法术",
        	"item": "turtlemancy:dark_turtlemancer_advanced_wand",
            "text": "高级暗黑魔杖可以施展的所有法术的概要。$(br2)（此魔杖也可以施展基础、进阶和高级法术，除了与泡泡相关的、海龟防御术和牛爆术）。"
        },
        {
            "type": "image",
            "title": "熔岩泡泡术 II",
        	"images":[ 
        			"turtlemancy:textures/book/lava_bubble.png"
        	],
        	"border": true,
            "text": "将你的目标拖拽得更靠近你。此外，也会治疗目标更多血量。"
        },
        {
            "type": "image",
            "title": "自身熔岩泡泡术 II",
            "images":[ 
        			"turtlemancy:textures/book/self_lava_bubble.png"
        	],
        	"border": true,
            "text": "你可以按 $(k:turtlemancy.selfbubble) 来使你去往（更远）你所看的方向。"
        },
        {
            "type": "text",
            "title": "邪恶防御术 II",
            "text": "潜行使用魔杖会获得$(thing)防火 III$() 和$(thing)缓慢 I$() 作为代价。"
        },
        {
            "type": "spotlight",
            "title": "海龟爆炸术",
        	"item": "minecraft:scute",
            "text": "对$(#009432)海龟$()使用魔杖会使其爆炸。对。你讨厌海龟。为什么？我不知道。可能是因为你是种族主义者，而且很快、很轻、很平滑、很舒适、很大，并用你接近 360 度的视野发出可怕的声音。$(br2)使海龟爆炸会获得很多鳞甲。"
        }
    ],
    "sortnum": 6
}