{
    "name": "潮汐戒指",
    "icon": "turtlemancy:tidal_ring",
    "category": "turtlemancy:equipment",
    "pages": [
        {
            "type": "spotlight",
            "title": "潮汐戒指",
        	"item": "turtlemancy:tidal_ring",
            "text": "此$(thing)饰品$()会改变$(thing)泡泡飘浮术$()的效果，不是治疗，而是造成伤害。"
        },
        {
            "type": "crafting",
            "recipe": "turtlemancy:tidal_ring",
            "link_recipe": true
        }
    ]
}