{
  "name": "能量",
  "icon": "reactive:gold_symbol",
  "category": "reactive:intro",
  "pages": [
    {
      "type": "patchouli:text",
      "text": "基础炼金能量共有六种：$(li)$(4)烈焰$(0)，热量与火焰的能量。$(li)$(4)光耀$(0)，字面意思，光的能量。$(li)$(4)意识$(0)，魔咒与思维的能量。$(li)$(4)灵魂$(0)，灵体的能量。$(li)$(4)折跃$(0)，空间的能量。$(li)$(4)生命$(0)，生命的能量。"
    },
    {
      "type": "patchouli:text",
      "text": "上述这些能量总称为$(thing)基础能量$(0)。$(p)需要注意坩埚中也会出现其他能量。其中最为常见的是$(#9d1e2d)酸质$(0)、$(#9d1e2d)形体$(0)，以及$(#9d1e2d)繁茂$(0)。"
    },
    {
      "type": "patchouli:text",
      "text": "溶液中的能量会相互$(thing)反应$(0)。如果你的坩埚口冒出了粒子，或是有粒子围着坩埚运动，那就是反应开始了！偶尔它们也会激发出更剧烈的效果⸺可能对周围生物有害，也包括你。$(p)$(o)此日志中有一部分专门用于记录发生的反应。"
    },
    {
      "type": "patchouli:text",
      "text":"$(o)有何种物品产生何种能量的疑问很正常。这个问题的具体答案一般不可确定，但两者大体的联系则明显易见。稍加批判性思考和笔记记录就能获得相当完善的见解。$(br2)以$(l:reactive:objects_of_study/notable_sources)这个条目$(/l)作为开始就很不错。$(br2)$()$(6)（如需能量来源在 JEI 中可见，请查看客户端配置文件。）"
    }
  ]
}