{
  "name": "电激单元",
  "icon": "reactive:volt_cell",
  "category": "reactive:intro",
  "advancement": "reactive:make_crucible",
  "turnin": "reactive:see_synthesis",
  "pages": [
    {
      "type": "patchouli:spotlight",
      "item": "reactive:volt_cell",
      "text": "电激单元是利用$(#9d1e2d)酸质$(0)之瓶的化学性质积累$(thing)电荷$(0)的装置。$(p)$(o)还在尝试合成酸质之瓶吗？要记得，在书中Shift点击材料可以查看其合成方式！"
    },
    {
      "type": "patchouli:crafting",
      "recipe": "reactive:volt_cell_crafting",
      "text": "除去伤害上方生物的功能外，在坩埚下方放置还能为其充上$(thing)电$(0)。这种激发物能够促进基础能量对之间发生全新而重要的反应。"
    },
    {
      "type": "patchouli:text",
      "text": "$(o)到目前为止，我只记述了我所知信息的一部分。发现一种$(item)电激单元$(0)激发的新反应我再放出其他部分。$(p)祝你好运！"
    }
  ]
}