{
  "name": "泥块设备",
  "icon": "mysticalworld:mud_block_pressure_plate",
  "category": "blocks",
  "pages": [
    {
      "type": "spotlight",
      "item": "mysticalworld:mud_block_pressure_plate",
      "link_recipe": true,
      "text": "泥块和泥砖都可以用来合成压力板。就像石制的压力板那样，它们主要对生物作出反应。"
    },
    {
      "type": "crafting",
      "recipe": "mysticalworld:mud_block_pressure_plate",
      "recipe2": "mysticalworld:mud_brick_pressure_plate",
      "link_recipe": true,
      "title": "压力板"
    },
    {
      "type": "spotlight",
      "item": "mysticalworld:mud_block_button",
      "link_recipe": true,
      "text": "泥块和泥砖都可以用来合成按钮。"
    },
    {
      "type": "crafting",
      "recipe": "mysticalworld:mud_block_button",
      "recipe2": "mysticalworld:mud_brick_button",
      "link_recipe": true,
      "title": "按钮"
    }
  ]
}
