{
    "name": "袋装已烘培咖啡豆",
    "icon": "coffeecraft:bag_coffee_roasted",
    "category": "coffeecraft:decoration",
    "pages": [
        {
            "type": "patchouli:text",
            "text": "已烘培的咖啡豆袋一次性可储存大量咖啡。这既可用于运输，也可用于室内装饰。"
        },
        {
            "type": "patchouli:crafting",
            "recipe": "coffeecraft:bag_coffee_craft",
            "recipe2": "coffeecraft:bag_coffee_craft_2"
        }
    ]
}