{
  "name": "加入我们的Discord！",
  "icon": "terramity:prismatic_jewel",
  "category": "terramity:overview",
  "pages": [
    {
      "type": "patchouli:link",
      "text": "这是Terramity的Discord服务器链接。$(br)该服务器创立未久，希望有更多人能加入其中！在其中可以分享你的炫酷Build，询问问题或是反馈bug。一些更新内容前瞻也将在此发布。",
	  "url": "https://discord.gg/nvF9BsFep5",
	  "link_text": "Discord Link"
    },
	{
      "type": "patchouli:image",
      "images": ["terramity:textures/screens/discord.png"],
      "border": true
    }
  ]
}