{
    "name": "一般仪式",
    "icon": "turtlemancy:indestructible_pearl",
    "category": "turtlemancy:rituals",
    "pages": [
        {
            "type": "text",
            "text": "$(turtlemancy)一般仪式$()是那些不在意你如何充能海龟祭坛的仪式。一般仪式意味着仪式并没有那么强大。$(br2)以下是所有一般仪式："
        },
        {
            "type": "turtlemancy:common_ritual_recipe",
            "recipe": "turtlemancy:bewitched_shell",
            "title": "蛊惑仪式",
            "description": "此仪式会给予你$(item)蛊惑贝壳$()。"
        },
        {
            "type": "turtlemancy:common_ritual_recipe",
            "recipe": "turtlemancy:turtle_boots",
            "title": "失落的羽毛仪式",
            "description": "使用摔落保护附魔你的装备。"
        },
        {
            "type": "turtlemancy:common_ritual_recipe",
            "recipe": "turtlemancy:evil_human_pearl",
            "title": "前哨站仪式",
            "description": "钱会腐蚀人，此仪式亦是如此腐蚀人类珍珠。"
        },
        {
            "type": "turtlemancy:common_ritual_recipe",
            "recipe": "turtlemancy:tipped_arrows",
            "title": "药水箭",
            "description": "轻易地把药水放在你的箭上。"
        },
        {
            "type": "turtlemancy:common_ritual_recipe",
            "recipe": "turtlemancy:indestructible_pearl",
            "title": "不毁珍珠仪式",
            "description": "此仪式会使空珍珠变成有史以来最硬、最酷的珍珠。"
        },
        {
            "type": "turtlemancy:common_ritual_recipe",
            "recipe": "turtlemancy:turtlemancer_advanced_wand",
            "title": "正派晋升仪式",
            "description": "此仪式会将$(turtlemancy)海龟术士魔杖$()晋升至$(turtlemancy)高级海龟术士魔杖$()。",
            "link_recipe": true,
            "anchor": "ritual_good_wand"
        },
        {
            "type": "turtlemancy:common_ritual_recipe",
            "recipe": "turtlemancy:dark_turtlemancer_advanced_wand",
            "title": "邪门晋升仪式",
            "description": "此仪式会将$(#d63031)暗黑海龟术士魔杖$()晋升至$(#d63031)高级暗黑海龟术士魔杖$()。",
            "link_recipe": true,
            "anchor": "ritual_evil_wand"
        },
        {
            "type": "turtlemancy:common_ritual_recipe",
            "recipe": "turtlemancy:repair_ritual",
            "title": "修复仪式",
            "description": "此仪式会以红石替代耐久修复任何受损的物品。",
            "link_recipe": true
        }
    ],
    "sortnum": 1
}