{
  "name": "献祭",
  "icon": "minecraft:porkchop",
  "category": "reactive:objects_of_study",
  "advancement": "reactive:see_sacrifice",
  "pages": [
    {
      "type": "patchouli:text",
      "text": "$(#9d1e2d)$(bold)剥除活物性命，投诸坩埚之咽。所蕴生命之力，聚集蓄积其中。$(br2)世间万千生物，其值未必尽同。"
    },
    {
      "type": "patchouli:empty",
      "draw_filler": false
    },
    {
      "type": "patchouli:empty",
      "draw_filler": false
    },
    {
      "type": "patchouli:empty",
      "draw_filler": false
    },
    {
      "type": "patchouli:text",
      "text": "$(o)我吓到你了吗？不过说真的，这是生命能量的好来源。$(p)如果没东西可供屠戮了，可从能帮助你恢复生命值的事物开始寻找新来源。"
    }
  ]
}