{
    "name": "墨西哥红膝鸟蛛" , 
    "icon": "untamedwilds:textures/icon/tarantula/red_knee.png" , 
    "category": "untamedwilds:tarantula_category" , 
    "pages": [
        {
            "type": "text" , 
            "title": "墨西哥红膝鸟蛛" , 
            "text": "Brachypelma smithi是捕鸟蛛科($(o)tarantulas$())的一种蜘蛛，原产于墨西科$(br2)它与Brachpelma hamorii被混淆；两者都被称为墨西哥红膝狼蛛。$(br2)墨西哥红膝狼蛛是狼蛛饲养人的热门宠物。"
        } , 
        {
            "type": "entity" , 
            "entity": "untamedwilds:tarantula{Variant: 4, Size: 1}" , 
            "text": ""
        } , 
        {
            "type": "text" , 
            "title": "墨西哥红膝鸟蛛" , 
            "text": "相对大小：\u2605\u2605\u2606\u2606\u2606$(br2)始终活动$(br2)1种肤色$(br2)最喜欢的食物：minecraft:chicken$(br2)种类数量：4$(br2)成长时间：6天"
        }
    ]
}