{
  "name": "新手入门",
  "icon": "scriptor:tome_tier1",
  "category": "scriptor:basics",
  "pages": [
    {
      "type": "patchouli:text",
      "text": [
        "如果你现在正在读这本书，你大概已经发现了一本古老的宝典。",
        "$(br2)",
        "恭喜！",
        "$(br2)",
        "具有魔法的文本现在已在你手边，是时候开始学习如何创造独属于你自己的魔术，和它们的施放方法了！",
        "$(br)",
        "就从$(l:basics/subjects)主体$(/l)这一节开始吧。"
      ]
    },
    {
      "type": "patchouli:relations",
      "entries": [
        "scriptor:basics/subjects",
        "scriptor:basics/actions",
        "scriptor:basics/descriptors",
        "scriptor:basics/structure"
      ],
      "title": "基础",
      "text": "请继续阅读“基础”分类中的条目，以学习字符魔法师中阅读与施法的基础知识。"
    }
  ]
}