{
  "category": "hexalia:equipment",
  "name": "贤能吊坠",
  "icon": "hexalia:sage_pendant",
  "sortnum": 2,
  "pages": [
    {
      "type": "patchouli:spotlight",
      "item": "hexalia:sage_pendant",
      "text": "副手持有时会消耗耐久度提升你获得的经验。"
    },
    {
      "type": "patchouli:spotlight",
      "title": "白月水晶的嬗变",
      "item": "hexalia:ritual_table",
      "text": "此物品只可通过$(l:hexalia:rituals/ritual_of_transmutation)嬗变仪式$()嬗变白月水晶获得。"
    }
  ]
}