{
    "name": "美洲大鲵" , 
    "icon": "untamedwilds:textures/icon/giant_salamander/hellbender.png" , 
    "category": "untamedwilds:giant_salamander_category" , 
    "pages": [
        {
            "type": "text" , 
            "title": "美洲大鲵" , 
            "text": "美洲大鲵($(o)Cryptobranchus alleganiensis$()), also known as the hellbender salamander，是美国东部和中部特有的一种水生大鲵。$(br2)它是北美洲最大的蝾螈。."
        } , 
        {
            "type": "entity" , 
            "entity": "untamedwilds:giant_salamander{Variant: 1, Size: 1}" , 
            "text": ""
        } , 
        {
            "type": "text" , 
            "title": "美洲大鲵" , 
            "text": "相对大小：\u2605\u2605\u2606\u2606\u2606$(br2)始终活动$(br2)1种肤色$(br2)最喜欢的食物：untamedwilds:food_turtle_raw$(br2)种类数量：5$(br2)成长时间：6天"
        }
    ]
}