{
  "name": "以水书写",
  "icon": "minecraft:writable_book",
  "category": "reactive:objects_of_study",
  "advancement": "reactive:make_crucible",
  "pages": [
    {
      "type": "patchouli:text",
      "text": "$(1)在尝试分离出比$(item)附魔书$(1)更易得的意识能量源时，我选择了向意识能量溶液中溶解一份普通的$(item)书与笔$(1)。$(p)最终结果出乎我的意料。必定有方法能利用这种性质\u22EF\u22EF"
    },
    {
      "type": "patchouli:text",
      "text": "$(1)查阅文献之后，我找到了有关密度和散布程度的信息。也许意识能量的含量与这种现象有所关联？"
    }
  ]
}