{
  "name": "形体的幻觉",
  "icon": "minecraft:phantom_membrane",
  "category": "reactive:objects_of_study",
  "advancement": "reactive:make_crucible",
  "pages": [
    {
      "type": "patchouli:text",
      "text": "$(o)等待幻翼出现是件苦差事。我可以提供一个替代方案。有一种能量与其他能量不同，那是一种$(l:intro/curse)黑暗的能量$(/l)。在夜晚的暗影下，意识能量会被其蚕食，此时在坩埚旁杀死一个非亡灵生物就能产生一个幻翼。$(br2)幻翼的肉体是意识能量的良好可再生来源，所得的副产物则黏性颇高。"
    },
    {
      "type": "reactive:dissolve",
      "reactant": "minecraft:phantom_membrane",
      "text": "$(o)尽管这种物质无任何已知的嬗变配方，但我还是在它与某种“自然”能量结合时观察到了可见效果。"
    },
    {
      "type": "patchouli:text",
      "text": "$(o)这种物质还可激发另一个反应，需要一种$(l:reactive:intro/synthesis)秘密能量$(/l)。先感受其效果，之后我会再深入介绍。"
    }
  ]
}
