{
  "name": "螺旋深渊",
  "icon": "reactive:solid_portal",
  "category": "reactive:objects_of_study",
  "advancement": "reactive:portal_trade",
  "pages": [
    {
      "type": "patchouli:text",
      "text": "$(1)传送门在通过铜徽记与坩埚相连时，它似乎实际上在吸收能量，真是怪异。我无法想象这种现象有什么用途，也许探索应当在此停止了\u22EF\u22EF"
    },
    {
      "type": "patchouli:text",
      "text": "$(o)又见面了。这条路确实像个死胡同，但是要坚持不懈！$(4)长时间$(0)送入大量$(4)传送门渗出的那种能量$(0)是奇特效果的关键。$(br2)这一变化只有在传送门框架完整时才可逆转。"
    }
  ],
  "extra_recipe_mappings": {
    "reactive:solid_portal": 1
  }
}
