{
  "name": "南瓜魔法",
  "icon": "minecraft:carved_pumpkin",
  "category": "reactive:objects_of_study",
  "advancement": "reactive:make_crucible",
  "pages": [
    {
      "type": "patchouli:text",
      "text": "$(1)古老的传统授予了我们一种简单却令人困惑的物种活化仪式。某些塑像可被雕刻过的南瓜变为活物。但是\u22EF\u22EF怎么做到的？为什么？南瓜只是个普通的瓜，和其他蔬菜没什么区别！所以说，也许是雕刻上去的脸给予了它这种力量？"
    },
    {
      "type": "patchouli:text",
      "text": "$(1)也许是某些游荡的灵体住在了南瓜里？也许是作为死亡象征的脸聚集了亡灵的诸多诅咒？$(br2)我会溶解一个雕刻过的南瓜以期完全解决此事。"
    },
    {
      "type": "patchouli:text",
      "text": "$(1)更新：$(p)雕刻过的南瓜拒绝向溶液释放能量。我有种感觉，配上正确的$(4)组件$(1)和灵魂能量溶液，就有可能产生一个灵体。我会继续考察研究这一物质的\u22EF\u22EF"
    }
  ]
}