{
  "name": "扩散之物",
  "icon": "minecraft:sculk",
  "category": "reactive:objects_of_study",
  "advancement": "minecraft:adventure/avoid_vibration",
  "pages": [
    {
      "type": "patchouli:text",
      "text": "$(1)地下成片出现的蓝绿色物质就是异常所在。深暗之域的居民对其的重视堪比宗教\u2E3A但它究竟是什么？$(br2)将其溶解会产生灵魂能量，考虑到它的制造方式，这一性质相当\u22EF\u22EF令人不安。"
    },
    {
      "type": "patchouli:spotlight",
      "item": "minecraft:sculk_catalyst",
      "text": "$(thing)幽匿催发体$(1)应该就是源头。每当有生物在其周围死亡，它那奇怪的腐化就蔓延一次。要是直接将$(4)生命能量$(1)注入其中，它又会作何反应\u22EF\u22EF？"
    },
    {
      "type": "patchouli:text",
      "text": "$(o)对这东西的实验可要小心。也许不需要我来告诉你，这个实验对环境的危害很大。$(br2)我指的是直接环境。地形地貌之类的。算了，随你心意吧。"
    }
  ]
}