{
  "name": "小小水珠",
  "icon": "minecraft:wet_sponge",
  "category": "reactive:objects_of_study",
  "advancement": "reactive:make_crucible",
  "pages": [
    {
      "type": "patchouli:text",
      "text": "$(1)给坩埚注水的过程必然可以自动化。然而正如常见论述所言，坩埚侧壁的坚护过强，无法向其通入管道。$(br2)我也曾受炼药锅可用滴水石填满的能力启发。可惜的是，在后一滴水滴入前，坩埚上的魔咒就已被蒸干了前一滴水\u22EF\u22EF"
    },
    {
      "type": "patchouli:text",
      "text": "$(1)我需要的是一种类似$(item)海绵$(1)的物质，但其透过性更强，可同时透过足量的水。$(br2)等一下，我在想什么呢？我是炼金师，发明一种新物质不就行了？向$(item)湿海绵$(1)施加正确种类的能量就应该能得到想要的结果了。"
    }
  ],
  "extra_recipe_mappings": {
    "reactive:warp_sponge": 0
  }
}