{
  "name": "灵体召唤",
  "icon": "minecraft:white_candle",
  "category": "reactive:objects_of_study",
  "advancement": "reactive:make_crucible",
  "pages": [
    {
      "type": "patchouli:text",
      "text": "$(1)坩埚应该可以用来召唤灵体。有些人可能会认为简单的灵魂释放就能做到，但实际上，操作会稍显复杂，就和往常一样。$(br2)我认为某些精神方面比较重要的物品对这一过程会有所帮助："
    },
    {
      "type": "patchouli:text",
      "text": "$(1)$(li)骷髅$(li)蜡烛$(li)画$(li)酿造台$(br2)此外，召唤出的灵体的品性是随机的。如果真是这样，意识能量能让概率偏向善良的一面。"
    },
    {
      "type": "patchouli:text",
      "text": "$(o)$(l:intro/curse)其他某一种能量$(/l)，则自然会使召唤的灵体几乎都是邪恶的。$(br2)不清楚你为什么会想这样做，但决定权在你。"
    }
    ]
}
