{
  "name": "模拟室",
  "icon": "deepmoblearning:simulation_chamber",
  "category": "1_machines",
  "sortnum": 0,
  "pages": [
    {
      "type": "text",
      "text": "$(item)模拟室$()能够读取$(l:0_introduction/2_data_models)数据模型$()中的数据，并从利用$(l:0_introduction/1_data)数据$()创造出$(l:1_machines/1_matter)物质$()。$(br2)此过程会为你的$(l:0_introduction/2_data_models)数据模型$()增加更多的$(l:0_introduction/1_data)数据$()。$(br2)此过程也需要$(a)基础$()（或更高）等级的$(br)$(l:0_introduction/2_data_models)数据模型$()，以及$(l:1_machines/3_energy)能量$()和$(br)$(item)聚合粘土$()。"
    },
    {
      "type": "recipelookup",
      "recipe": "deepmoblearning:simulation_chamber",
      "anchor": "simulation_chamber",
      "text": "$(item)模拟室$()通过$(l:0_introduction/0_introduction#plates_and_casings)炭灰板材机械外壳$()制作而得。$(br2)运行所需$(item)能量$()的多少取决于$(l:0_introduction/2_data_models)数据模型$()的种类。"
    },
    {
      "type": "recipelookup",
      "recipe": "deepmoblearning:polymer_clay",
      "anchor": "simulation_chamber",
      "text": "$(item)聚合粘土$()非常柔软，能够变成各种形状。$(br2)在$(item)模拟室$()内，它被用作$(l:1_machines/1_matter)物质$()制作过程中的粘合剂。"
    }
  ]
}