{
    "name": "洞狮" , 
    "icon": "untamedwilds:textures/icon/big_cat/cave_lion.png" , 
    "category": "untamedwilds:big_cat_category" ,
    "pages": [
        {
            "type": "text" , 
            "title": "洞狮" , 
            "text": "对骨骼化石样本的进化分析表明，它与非洲和中亚的非洲狮($(o)Panthera leo$())的亲缘关系高度接近。"
        } , 
        {
            "type": "entity" , 
            "entity": "untamedwilds:big_cat{Variant: 0, Size: 1, hasDimorphism: 1}" ,
            "text": ""
        } , 
        {
            "type": "text" , 
            "title": "洞狮" , 
            "text": "相对大小：\u2605\u2605\u2605\u2606\u2606$(br2)日间活动$(br2)1种肤色$(br2)最喜欢的食物：minecraft:beef$(br2)种类数量：2$(br2)成长时间：6天"
        }
    ]
}