{
    "name": "美洲豹" , 
    "icon": "untamedwilds:textures/icon/big_cat/jaguar.png" , 
    "category": "untamedwilds:big_cat_category" ,
    "pages": [
        {
            "type": "text" , 
            "title": "美洲豹" ,
            "text": "美洲豹($(o)Panthera onca$())是一种大型猫科动物，也是中原产地于美洲的豹属成员中唯一存活的。$(br2)现代美洲豹的祖先可能在更新世早期曾横跨白令海峡的大陆桥从欧亚大陆进入美洲。"
        } , 
        {
            "type": "entity" , 
            "entity": "untamedwilds:big_cat{Variant: 1, Size: 1}" , 
            "text": ""
        } , 
        {
            "type": "text" , 
            "title": "美洲豹" , 
            "text": "相对大小：\u2605\u2605\u2606\u2606\u2606$(br2)黎明/黄昏时最活跃$(br2)3种肤色$(br2)最喜欢的食物：minecraft:porkchop$(br2)种类数量：2$(br2)成长时间：5天"
        }
    ]
}