{
    "name": "狮子" , 
    "icon": "untamedwilds:textures/icon/big_cat/lion.png" , 
    "category": "untamedwilds:big_cat_category" ,
    "pages": [
        {
            "type": "text" , 
            "title": "狮子" , 
            "text": "狮子是豹属的一种大型猫科动物，原产于非洲和印度。它们身体强壮、胸部宽大，有小而圆的头部和圆耳朵，尾巴末端毛茸茸的。$(br2)它是种两性异形的生物；成年的雄狮比雌狮大，鬃毛更加明显。"
        } , 
        {
            "type": "entity" , 
            "entity": "untamedwilds:big_cat{Variant: 3, Size: 1, hasDimorphism: 1}" ,
            "text": ""
        } , 
        {
            "type": "text" , 
            "title": "狮子" , 
            "text": "相对大小：\u2605\u2605\u2605\u2606\u2606$(br2)日间活动$(br2)2种肤色$(br2)最喜欢的食物：minecraft:beef$(br2)种类数量：2$(br2)成长时间：6天"
        }
    ]
}