{
    "name": "毁灭刃齿虎" , 
    "icon": "untamedwilds:textures/icon/big_cat/sabertooth.png" , 
    "category": "untamedwilds:big_cat_category" ,
    "pages": [
        {
            "type": "text" , 
            "title": "毁灭刃齿虎" , 
            "text": "毁灭刃齿虎是猫科动物中已灭绝的剑齿虎亚科中的一个属$(br2)它是最著名的史前哺乳动物之一，也是最出名的剑齿猫。$(br2)虽然通常被称为剑齿虎，但它与老虎或其他现代猫科动物的亲缘关系并不近。"
        } , 
        {
            "type": "entity" , 
            "entity": "untamedwilds:big_cat{Variant: 6, Size: 1}" , 
            "text": ""
        } , 
        {
            "type": "text" , 
            "title": "毁灭刃齿虎" , 
            "text": "相对大小：\u2605\u2605\u2605\u2606\u2606$(br2)日间活动$(br2)1种肤色$(br2)最喜欢的食物：minecraft:beef$(br2)种类数量：2$(br2)成长时间：4天"
        }
    ]
}