{
    "name": "鼬鲨" , 
    "icon": "untamedwilds:textures/icon/shark/tiger.png" , 
    "category": "untamedwilds:shark_category" , 
    "pages": [
        {
            "type": "text" , 
            "title": "鼬鲨" , 
            "text": "鼬鲨($(o)Galeocerdo cuvier$())是鼬鲨的一种鲨鱼，也是唯一现存的鼬鲨成员。$(br2)它是一个大型捕食者，身长能够达到甚至超过5米($(o)16英尺5英寸)。"
        } , 
        {
            "type": "entity" , 
            "entity": "untamedwilds:shark{Variant: 9, Size: 1}" , 
            "text": ""
        } , 
        {
            "type": "text" , 
            "title": "鼬鲨" , 
            "text": "相对大小：\u2605\u2605\u2605\u2606\u2606$(br2)始终活动$(br2)1种肤色$(br2)最喜欢的食物：untamedwilds:chum$(br2)种类数量：3$(br2)成长时间：7天"
        }
    ]
}