{
    "name": "繁殖箱",
    "icon": "productivebees:breeding_chamber",
    "category": "productivebees:blocks",
    "pages": [
        {
            "type": "patchouli:spotlight",
            "item": "productivebees:breeding_chamber",
            "text": "在这台机器里，您可以在安全的环境中繁殖蜜蜂。为机器提供两只亲本蜜蜂、它们各自的繁殖物品以及能量和为后代提供的空蜜蜂笼。您可以通过速度升级来加快该过程。"
        }
    ]
}