{
    "name": "仪式入门",
    "icon": "turtlemancy:turtle_altar",
    "category": "turtlemancy:rituals",
    "pages": [
        {
            "type": "spotlight",
            "title": "仪式入门",
        	"item": "turtlemancy:turtle_altar",
            "text": "进行$(thing)仪式$()并不是一个简单的任务。嗯，从技术上来说是这样。但是让我们假设这是一个只有被选中的人才能执行的艰巨任务。$(br)要开始$(turtlemancy)仪式$()你需要：$(li)一个$(item)海龟祭坛$()$(li)三个$(turtlemancy)海龟的祝福$()或$(#d63031)海龟的诅咒$()"
        },
        {
            "type": "text",
            "text": "$(thing)海龟祭坛$()本身很美，但很没用。你需要充能它。要充能海龟祭坛，你需要给予它三个海龟的祝福或诅咒。一旦$(thing)海龟祭坛$()被充能了，它会变成特定的颜色：蓝色是使用海龟的祝福充能，红色则是使用海龟的诅咒充能。$(br2)一些仪式不在意你使用什么来充能$(thing)海龟祭坛$()，但有一些会，所以请仔细地阅读，$(playername)。"
        },
        {
            "type": "text",
            "title": "如何进行仪式",
            "text": "要进行仪式，你需要进行以下操作：$(li)使用适当的海龟的祝福或诅咒充能海龟祭坛$(li)把适当的物品放入海龟祭坛$(li)将正确的物品扔在祭坛附近$(li)献祭生物（如果需要）"
        },
        {
            "type": "crafting",
        	"recipe": "turtlemancy:turtle_altar",
        	"text": "记得充能它。如果你没有检查它是否充能了，不要丢人现眼去问海龟术士为什么你的仪式不起作用。"
        }
    ],
    "priority": true,
    "sortnum": 0
}