{
    "name": "角鳖" , 
    "icon": "untamedwilds:textures/icon/softshell_turtle/spiny.png" , 
    "category": "untamedwilds:softshell_turtle_category" , 
    "pages": [
        {
            "type": "text" , 
            "title": "角鳖" , 
            "text": "角鳖($(o)Apalone spinifera$())是一种鳖，是北美洲最大的淡水龟物种之一。"
        } , 
        {
            "type": "entity" , 
            "entity": "untamedwilds:softshell_turtle{Variant: 6, Size: 1}" , 
            "text": ""
        } , 
        {
            "type": "text" , 
            "title": "角鳖" , 
            "text": "相对大小：\u2605\u2605\u2606\u2606\u2606$(br2)始终活动$(br2)1种肤色$(br2)最喜欢的食物：minecraft:cod$(br2)种类数量：5$(br2)成长时间：6天"
        }
    ]
}