{
  "name": "Dungeon Keys",
  "icon": "bloodmagic:simplekey",
  "category": "bloodmagic:dungeons",
  "extra_recipe_mappings": {
    "bloodmagic:mineentrancekey": 2
  },
  "pages": [
    {
      "type": "patchouli:text",
      "text": "$(item)Keys$() are the initial way of navigating $(thing)Dungeons$(). They can be found inside Dungeon chests within the $(thing)Demon Realm$(), or they can be crafted. The most basic kind are $(item)Iron Keys$(), which spawn inside $(thing)The Antechamber$() as well as within the closest levels of the $(thing)Demon Realm$() proper."
    },
    {
      "type": "patchouli:text",
      "text": "Eventually, you may come across a $(thing)Spatial Distortion$() when searching through a Dungeon. These will either lead you to a unique, uncraftable key, or to a door that only said key can open. Spatial Distortions only form within the Demon Realm proper, and you will never find them within an Antechamber."
    },
    {
      "type": "patchouli:spotlight",
      "item": "bloodmagic:mineentrancekey",
      "title": "The Mines",
      "text": "The entrance to $(thing)The Mines$() can only be opened with the uncraftable $(thing)Foreman's Key$(), while all other doors beyond that can be opened with $(thing)Miner's Keys$(). The mines will grant you access to $(l:bloodmagic:dungeons/demonite)Demonite ore$() alongside some rarer loot, but comes with challenges to match."
    },
    {
      "type": "bloodmagic:crafting_soulforge",
      "heading": "Iron Key",
      "recipe": "bloodmagic:soulforge/simple_key",
      "text": "$(italic)If it's so simple, why can't we just pick the lock?$()"
    },
    {
      "type": "bloodmagic:crafting_soulforge",
      "heading": "Miner's Key",
      "recipe": "bloodmagic:soulforge/mine_key",
      "text": "$(italic)It's off to work we go..!$()"
    }
  ]
}