{
    "name": "雪豹" , 
    "icon": "untamedwilds:textures/icon/big_cat/snow_leopard.png" , 
    "category": "untamedwilds:big_cat_category" ,
    "pages": [
        {
            "type": "text" , 
            "title": "雪豹" ,
            "text": "雪豹($(o)Panthera uncia$()), commonly known as the ounce，是猫科豹属的一种大型猫科动物。$(br2)该物种原产于中亚和南亚的山脉。"
        } , 
        {
            "type": "entity" , 
            "entity": "untamedwilds:big_cat{Variant: 7, Size: 1, fluffy: 1}" ,
            "text": ""
        } , 
        {
            "type": "text" , 
            "title": "雪豹" , 
            "text": "相对大小：\u2605\u2605\u2606\u2606\u2606$(br2)夜间活跃$(br2)1种肤色$(br2)最喜欢的食物：minecraft:beef$(br2)种类数量：3$(br2)成长时间：5天"
        }
    ]
}