{
    "name": "黑犀" , 
    "icon": "untamedwilds:textures/icon/rhino/black.png" , 
    "category": "untamedwilds:rhino_category" , 
    "pages": [
        {
            "type": "text" , 
            "title": "黑犀" , 
            "text": "虽然其被称为黑犀，但它的皮肤从棕色至灰色不等。$(br2)另一种非洲犀牛是白犀($(o)Ceratotherium simum)。"
        } , 
        {
            "type": "entity" , 
            "entity": "untamedwilds:rhino{Variant: 0, Size: 1}" , 
            "text": ""
        } , 
        {
            "type": "text" , 
            "title": "黑犀" , 
            "text": "相对大小：\u2605\u2605\u2606\u2606\u2606$(br2)随机活动$(br2)1种肤色$(br2)最喜欢的食物：minecraft:melon_slice$(br2)种类数量：1$(br2)成长时间：12天"
        }
    ]
}