{
    "name": "印度犀" , 
    "icon": "untamedwilds:textures/icon/rhino/indian.png" , 
    "category": "untamedwilds:rhino_category" , 
    "pages": [
        {
            "type": "text" , 
            "title": "印度犀" , 
            "text": "The Indian rhinoceros ($(o)Rhinoceros unicornis$()), also called the Indian rhino, greater one-horned rhinoceros or great Indian rhinoceros，是一种原产于印度次大陆的犀牛。"
        } , 
        {
            "type": "entity" , 
            "entity": "untamedwilds:rhino{Variant: 1, Size: 1}" , 
            "text": ""
        } , 
        {
            "type": "text" , 
            "title": "印度犀" , 
            "text": "相对大小：\u2605\u2605\u2605\u2606\u2606$(br2)随机活动$(br2)1种肤色$(br2)最喜欢的食物：minecraft:melon_slice$(br2)种类数量：1$(br2)成长时间：12天"
        }
    ]
}