{
    "name": "爪哇犀" , 
    "icon": "untamedwilds:textures/icon/rhino/javan.png" , 
    "category": "untamedwilds:rhino_category" , 
    "pages": [
        {
            "type": "text" , 
            "title": "爪哇犀" , 
            "text": "它的角通常短于25厘米($(o)9.8英寸$())，并且比其他犀牛物种的角更小。$(br2)只有成年雄性才有角；雌性完全没有。"
        } , 
        {
            "type": "entity" , 
            "entity": "untamedwilds:rhino{Variant: 2, Size: 1}" , 
            "text": ""
        } , 
        {
            "type": "text" , 
            "title": "爪哇犀" , 
            "text": "相对大小：\u2605\u2605\u2606\u2606\u2606$(br2)随机活动$(br2)1种肤色$(br2)最喜欢的食物：minecraft:melon_slice$(br2)种类数量：1$(br2)成长时间：12天"
        }
    ]
}