{
    "name": "白犀" , 
    "icon": "untamedwilds:textures/icon/rhino/white.png" , 
    "category": "untamedwilds:rhino_category" , 
    "pages": [
        {
            "type": "text" , 
            "title": "白犀" , 
            "text": "The white rhinoceros, white rhino or square-lipped rhinoceros ($(o)Ceratotherium simum$())是现存犀牛物种中最大的。$(br2)它有一张用来吃草的宽嘴，也是所有犀牛中最具有社会性的。"
        } , 
        {
            "type": "entity" , 
            "entity": "untamedwilds:rhino{Variant: 4, Size: 1}" , 
            "text": ""
        } , 
        {
            "type": "text" , 
            "title": "白犀" , 
            "text": "相对大小：\u2605\u2605\u2605\u2606\u2606$(br2)随机活动$(br2)1种肤色$(br2)最喜欢的食物：minecraft:melon_slice$(br2)种类数量：1$(br2)成长时间：12天"
        }
    ]
}