{
    "name": "披毛犀" , 
    "icon": "untamedwilds:textures/icon/rhino/wooly.png" , 
    "category": "untamedwilds:rhino_category" , 
    "pages": [
        {
            "type": "text" , 
            "title": "披毛犀" , 
            "text": "披毛犀是更新世巨型动物群中的一员。$(br2)长毛犀牛身上长满了浓密的长毛，这使它能够在极其寒冷、严酷的猛犸草原上生存。$(br2)它的肩膀上有一个巨大的凸起，其主要以草原上生长的草本植物为食。"
        } , 
        {
            "type": "entity" , 
            "entity": "untamedwilds:rhino{Variant: 5, Size: 1}" , 
            "text": ""
        } , 
        {
            "type": "text" , 
            "title": "披毛犀" , 
            "text": "相对大小：\u2605\u2605\u2605\u2606\u2606$(br2)随机活动$(br2)1种肤色$(br2)最喜欢的食物：minecraft:melon_slice$(br2)种类数量：1$(br2)成长时间：12天"
        }
    ]
}