{
  "name": "风之印记",
  "icon": "bloodmagic:airsigil",
  "category": "bloodmagic:alchemy_array/sigil",
  "pages": [
    {
      "type": "text",
      "text": "将你抛向你所面对的方向，每次使用消耗 50 LP。需要注意的是，印记不会提供任何的缓降效果，所以在着陆时务必小心！总的来说，风之印记可以大大加快四处跑动的速度，但你却也因此需要承担一定的风险。有许多对我们的提醒不上心的巫师，他们在郊野使用印记并飞到了很高的地方，但在此过程中耗尽了自己$(l:bloodmagic:altar/soul_network)灵魂网络$()中的 LP，最后只能眼睁睁地看着自己死亡。"
    },
    {
      "type": "crafting_2-step_sigil",
      "alchemy_table.heading": "风之试剂",
      "alchemy_table.recipe": "bloodmagic:alchemytable/reagent_air",
      "array.heading": "风之印记",
      "array.recipe": "bloodmagic:array/airsigil",
      "array.text": "$(italic)轻飘飘的了⋯⋯"
    }
  ]
}