{
  "name": "突变",
  "icon": "minecraft:nether_wart",
  "category": "complicated_bees:genetics",
  "advancement": "complicated_bees:apiary",
  "pages": [
    {
      "type": "patchouli:text",
      "text": "某些品种的蜜蜂和其他蜜蜂交配后，会产出全新的蜂种！通常说来，这些子代是亲代的杂交种，表现型则为亲代中的一种。不过，倘若足够幸运，子代就会是纯合的突变种。"
    },
    {
      "type": "patchouli:text",
      "text": "子代发生突变时，一整条染色体（蜜蜂基因结构的一半）会被完全替换成突变蜂种的“纯合”染色体。也就是说，蜜蜂偶尔会自发产生新性状⸺全新的特殊效果、不同的温度适应性、不同的工作速度，诸如此类。"
    },
    {
      "type": "patchouli:text",
      "text": "将这些突变蜜蜂和已有的基因库交配，就能得到更多突变品种的蜜蜂！要注意某些品种基因是隐性的，真正杂交出来需要花费更多心力。$(br2)此外，某些突变的发生还需要特殊条件！具体条件可查看$(l:complicated_bees:machines/apid_library)蜜蜂文库$()，也可在配方浏览器内将鼠标悬停在突变概率上查看。"
    }
  ]
}