{
  "name": "太阳之力",
  "sortnum": 4,
  "category": "justdirethings:justdynathings",
  "icon": "justdynathings:blazegold_solar_panel",
  "pages": [
    {
      "type": "patchouli:text",
      "text": "一系列根据环境条件生产 Forge 能量的发电器"
    },
    {
      "type": "patchouli:crafting",
      "title": "核源铁太阳能板",
      "recipe": "justdynathings:ferricore_solar_panel",
      "text": "默认最大 FE 生产速率：$(br)$(bold)240$()$(br)$(bold)默认条件：$()$(li)维度为主世界$(li)露天$(li)日间"
    },
    {
      "type": "patchouli:crafting",
      "title": "烈焰金太阳能板",
      "recipe": "justdynathings:blazegold_solar_panel",
      "text": "默认最大 FE 生产速率：$(br)$(bold)960$()$(br)$(bold)默认条件：$()$(li)维度为下界"
    },
    {
      "type": "patchouli:crafting",
      "title": "苍穹晶太阳能板",
      "recipe": "justdynathings:celestigem_solar_panel",
      "text": "默认最大 FE 生产速率：$(br)$(bold)3840$()$(br)$(bold)默认条件：$()$(li)露天$(li)邻近的太阳能板会增加产能速率"
    },
    {
      "type": "patchouli:crafting",
      "title": "蚀空合金太阳能板",
      "recipe": "justdynathings:eclipse_alloy_solar_panel",
      "text": "默认最大 FE 生产速率：$(br)$(bold)11520$()"
    },{
      "type":"patchouli:text",
      "text":"$(bold)默认条件：$()$(li)邻近的太阳能板会增加产能速率$(li)处于高Y坐标或低Y坐标处可增加产能速率，中等Y坐标处则减少$(br2)$(bold)注意$()：所有东西都可以用配置修改，不要轻信！"
    }
  ]
}
