{
    "name": "多指鞭冠鮟鱇鱼" , 
    "icon": "untamedwilds:textures/icon/football_fish/atlantic.png" , 
    "category": "untamedwilds:football_fish_category" , 
    "pages": [
        {
            "type": "text" , 
            "title": "多指鞭冠鮟鱇鱼" , 
            "text": "Himantolophus groenlandicus，指多指鞭冠鮟鱇鱼或大西洋足球鱼，是一种主要发现于中上层海洋深处的琵琶鱼。$(br2)尽管其名中含大西洋，但该物种可能并不局限于大西洋，范围可能延伸至印度洋和太平洋。"
        } , 
        {
            "type": "entity" , 
            "entity": "untamedwilds:football_fish{Variant: 0, Size: 1}" , 
            "text": ""
        } , 
        {
            "type": "text" , 
            "title": "多指鞭冠鮟鱇鱼" , 
            "text": "相对大小：\u2605\u2605\u2605\u2606\u2606$(br2)始终活动$(br2)4种肤色$(br2)最喜欢的食物：untamedwilds:chum$(br2)种类数量：3$(br2)成长时间：12天"
        }
    ]
}