{
  "processor": "com.github.alienpatois.turtlemancy.compat.patchouli.TurtlemyProcessor",
  "components": [
    {
      "type": "header", "text": "#title", "x": -1
    },
    {
		"type": "separator", "x": -1, "y": -1
	},
    {
      "type": "item", "item": "#input1", "x": 15, "y": 100
    },
    {
      "type": "item", "item": "#input2", "x": 36, "y": 100
    },
    {
      "type": "item", "item": "#input3", "x": 15, "y": 79
    },
    {
      "type": "item", "item": "#input4", "x": 36, "y": 79
    },
    {
      "type": "item", "item": "#output", "x": 86, "y": 102, "link_recipe": true
    },
    {
		"type": "image",
		"image": "turtlemancy:textures/book/recipes.png",
		"x": 3,
		"y": 79,
		"u": 107,
		"v": 89,
		"width": 107,
		"height": 88
	},
	{
		"type": "text", "text": "#text", "x": 3, "y": 20
	}
  ]
}