{
  "name": "摔落也有型",
  "icon": "minecraft:feather",
  "category": "reactive:objects_of_study",
  "advancement": "reactive:be_slowfalled",
  "turnin": "reactive:gravity_research",
  "pages": [
    {
      "type": "patchouli:text",
      "text": "$(o)做得好。幻翼膜的缓降效果已被浓缩到了这种残余物中。$(p)还有另一个反应提供$(item)飘浮$(0)。$(p)两者结合，某种飞行的完全形态便唾手可得。"
    },
    {
      "type": "patchouli:text",
      "text": "$(o)飘浮反应与$(thing)研究对象$(0)之一有关。$(p)我相信你最终会找到的！$(p)⋯⋯你也许会需要一些$(l:reactive:items/crystal_iron)保护$(/l)。"
    }
  ]
}