{
  "name": "描述词",
  "icon": "scriptor:scrap_tier3",
  "category": "scriptor:basics",
  "pages": [
    {
      "type": "patchouli:text",
      "text": [
        "$(l)描述词$()，也有人叫它修饰词，是法术中强大的可选部件。",
        "$(br2)",
        "这种部件能做的事很多：调整法术的强度，",
        "修改法术的目标，甚至还能缩减法术的消耗和冷却时间！",
        "法术中的每个$(l:basics/actions)行为词$(/l)都可与任意数量个描述词搭配。"
      ]
    },
    {
      "type": "patchouli:relations",
      "entries": [
        "scriptor:basics/actions"
      ],
      "title": "行为词",
      "text": [
        "每个行为词都可与多个描述词搭配。",
        "$(br)",
        "有关行为词运作原理的知识，参见本页链接。"
      ]
    }
  ]
}