{
    "name": "捕捉器",
    "icon": "productivebees:catcher",
    "category": "productivebees:blocks",
    "pages": [
        {
            "type": "patchouli:spotlight",
            "item": "productivebees:catcher",
            "text": "给它装上笼子，它会捕捉任何飞过它的蜜蜂。你可以在上面放一朵花或 $(l:blocks/feeder)饲养板$(/l) on top 来吸引蜜蜂。"
        },
        {
            "type": "patchouli:text",
            "text": "捕捉器接受三种升级; A $(l:items/upgrades#babee)升级：繁殖$(/l) 将过滤掉成年蜜蜂，只捕捉幼蜂。 $(l:items/upgrades#filter)升级：过滤$(/l) 将只捕获过滤器上的蜜蜂。$(l:items/upgrades#range)升级：范围$(/l) 将增加工作范围。可以安装多个范围升级。"
        }
    ]
}