{
    "name": "基因检索器",
    "icon": "productivebees:gene_indexer",
    "category": "productivebees:blocks",
    "pages": [
        {
            "type": "patchouli:spotlight",
            "item": "productivebees:gene_indexer",
            "text": "你是否淹没在基因样本中？您是否通过结合基因获得 RSI？那么这个方块就是为你准备的！"
        },
        {
            "type": "patchouli:text",
            "text": "用你身边的所有基因装满这个额外的大容器，拨动开关，看着自动内部基因索引器为你组合基因。这可能不是最有效的方法......但它是自动化的！\n需要红石信号"
        }
    ]
}