{
    "name": "蜂蜜发电机",
    "icon": "productivebees:honey_generator",
    "category": "productivebees:blocks",
    "pages": [
        {
            "type": "patchouli:spotlight",
            "item": "productivebees:honey_generator",
            "text": "燃烧蜂蜜以产生电力。蜂蜜可以通过管道输送，也可以在 GUI 中添加蜂蜜瓶、块和桶"
        },
        {
            "type": "patchouli:text",
            "text": "蜂蜜发电机接受两种升级： $(l:items/upgrades#productivity)升级：产量$(/l) 将降低蜂蜜消耗量。$(l:items/upgrades#speed)升级：速度$(/l) 将增加...速度。"
        }
    ]
}