{
    "name": "哥法地鼠龟" , 
    "icon": "untamedwilds:textures/icon/tortoise/gopher.png" , 
    "category": "untamedwilds:tortoise_category" , 
    "pages": [
        {
            "type": "text" , 
            "title": "哥法地鼠龟" , 
            "text": "哥法地鼠龟($(o)Gopherus polyphemus$())是陆龟科的一种乌龟。$(br2)该物种原产于美国东南部。$(br2)哥法地鼠龟被视为关键的物种，因为它会挖洞，能为至少360种其他动物提供庇护所。"
        } , 
        {
            "type": "entity" , 
            "entity": "untamedwilds:tortoise{Variant: 1, Size: 1}" , 
            "text": ""
        } , 
        {
            "type": "text" , 
            "title": "哥法地鼠龟" , 
            "text": "相对大小：\u2605\u2605\u2605\u2606\u2606$(br2)始终活动$(br2)1种肤色$(br2)最喜欢的食物：minecraft:apple$(br2)种类数量：5$(br2)成长时间：6天"
        }
    ]
}