{
    "name": "豹纹陆龟" , 
    "icon": "untamedwilds:textures/icon/tortoise/leopard.png" , 
    "category": "untamedwilds:tortoise_category" , 
    "pages": [
        {
            "type": "text" , 
            "title": "豹纹陆龟" , 
            "text": "豹纹陆龟($(o)Stigmochelys pardalis$())是一种大型且有迷人斑纹的乌龟，分布在从苏丹到开普省南部的非洲东部和南部的大草原上。$(br2)它是豹鬼属中唯一现存的成员，尽管在过去它通常被放在象龟属中。"
        } , 
        {
            "type": "entity" , 
            "entity": "untamedwilds:tortoise{Variant: 2, Size: 1}" , 
            "text": ""
        } , 
        {
            "type": "text" , 
            "title": "豹纹陆龟" , 
            "text": "相对大小：\u2605\u2605\u2605\u2606\u2606$(br2)始终活动$(br2)1种肤色$(br2)最喜欢的食物：minecraft:apple$(br2)种类数量：5$(br2)成长时间：6天"
        }
    ]
}