{
    "name": "印度星龟" , 
    "icon": "untamedwilds:textures/icon/tortoise/star.png" , 
    "category": "untamedwilds:tortoise_category" , 
    "pages": [
        {
            "type": "text" , 
            "title": "印度星龟" , 
            "text": "印度星龟($(o)Geochelone elegans$())是一种处于濒危状态的乌龟，原产于印度、巴基斯坦和斯里兰卡，栖息于干燥地区和灌木丛中。"
        } , 
        {
            "type": "entity" , 
            "entity": "untamedwilds:tortoise{Variant: 4, Size: 1}" , 
            "text": ""
        } , 
        {
            "type": "text" , 
            "title": "印度星龟" , 
            "text": "相对大小：\u2605\u2605\u2606\u2606\u2606$(br2)始终活动$(br2)1种肤色$(br2)最喜欢的食物：minecraft:apple$(br2)种类数量：5$(br2)成长时间：6天"
        }
    ]
}