{
	"name": "秘稀工具",
	"category": "assemblylinemachines:items",
	"icon": "assemblylinemachines:mystium_sword",
	"pages":[
		{
			"type": "text",
			"text": "秘稀锭都有独特的技能，它们能让工具更加有用。$(p)它们需要手持武器并SHIFT右键激活，前提是工具中有电。说到充电..."
		},
		{
			"type": "crafting",
			"recipe": "assemblylinemachines:crafting/tool_charger",
			"text": "秘稀工具有一个会在耐久度之前消耗的电量槽。将一个箱子放在工具充能器顶部并将工具放在箱子中就可以为它充电。"
		},
		{
			"type": "crafting",
			"recipe": "assemblylinemachines:crafting/tools/mystium/mystium_pickaxe",
			"text": "镐子的$(3)额外技能$()是破坏3x3的范围，可以让你更轻松的挖空大地。"
		},
		{
			"type": "crafting",
			"recipe": "assemblylinemachines:crafting/tools/mystium/mystium_shovel",
			"text": "锹的$(3)额外技能$()是在挖掘柔软的泥土时可以连续破坏五个方块，这可以让你更好的改造丘陵和农田。"
		},
		{
			"type": "crafting",
			"recipe": "assemblylinemachines:crafting/tools/mystium/mystium_sword",
			"text": "剑的$(3)额外技能$()是捕获并绑定一个$(l:blocks/mob_farming#mobcrystal)惰性生物水晶$()，可以让你更好掌控生物生成的力量。"
		},
		{
			"type": "crafting",
			"recipe": "assemblylinemachines:crafting/tools/mystium/mystium_axe",
			"text": "斧的$(3)额外技能$()是直接砍伐一整棵树的树干，能够更快地砍伐森林。"
		},
		{
			"type": "crafting",
			"anchor": "mystiumhoe",
			"recipe": "assemblylinemachines:crafting/tools/mystium/mystium_hoe",
			"text": "锄的$(3)额外技能$()是制造$(item)秘稀耕地$()，一种类似于耕地的方块，但是能够加速植物生长并且永远不会缺水！"
		},
		{
			"type": "text",
			"text": "此外也有秘稀装备可供选择。这套出色的标准装备能使用内部电力吸收物理伤害。此外，大多数部位并没有特殊技能。"
		},
		{
			"type": "crafting",
			"recipe": "assemblylinemachines:crafting/tools/mystium/mystium_leggings",
			"recipe2": "assemblylinemachines:crafting/tools/mystium/mystium_boots"
		},
		{
			"type": "spotlight",
			"item": "assemblylinemachines:mystium_crystal",
			"link_recipe": true,
			"text": "$(5)秘稀水晶$()通过将绿宝石粉和秘稀混合物在搅拌器中与熔岩混合获得。"
		},
		{
			"type": "crafting",
			"recipe": "assemblylinemachines:crafting/tools/mystium/mystium_helmet",
			"recipe2": "assemblylinemachines:crafting/tools/mystium/mystium_chestplate"
		},
		{
			"type": "crafting",
			"recipe": "assemblylinemachines:crafting/mystium_flight_harness",
			"text": "秘稀飞行装具本身并没有什么用处，它只是个中间产物。$(p)在锻造台上将它与秘稀胸甲结合..."
		},
		{
			"type": "spotlight",
			"item": "assemblylinemachines:enhanced_mystium_chestplate",
			"title": "强化秘稀胸甲",
			"link_recipe": true,
			"text": "当$(d)强化秘稀胸甲$()内部有电时，你可以消耗能量进行创造模式飞行。它会非常缓慢地消耗能量，所以记得留意它的储电量，不然你可能会崩溃。"
		}
	]
}