{
  "name": "我懒得喂凝胶了",
  "sortnum": 10,
  "category": "justdirethings:justdynathings",
  "icon": "justdynathings:revitalizer",
  "pages": [
    {
      "type": "patchouli:crafting",
      "title": "复苏器",
      "recipe": "justdynathings:revitalizer",
      "text": "能够消耗 Forge 能量来重新激活其上方的凝胶。"
    },
    {
      "type": "patchouli:multiblock",
      "multiblock": {
        "pattern": [["G"], ["R"],["0"]],
        "mapping": {
          "G": "justdirethings:gooblock_tier2[alive=true]",
          "R": "justdynathings:revitalizer[active=true,facing=down,goo_found=true]"
        }
      },
      "enable_visualize": false
    }
  ]
}
