{
  "name": "基础包",
  "icon": "buddycards:pack.1",
  "category": "buddycards:sets",
  "sortnum": 0,
  "pages": [
    {
      "type": "text",
      "text": "当你在主世界探索时，巴迪卡牌的基础包是最容易发现的！它包含总共27张卡片，此外你也可以收集闪卡与不同等级的卡片。$(br2)要获得这些基本卡牌，你必须找到对应的基础包。"
    },
    {
      "type": "spotlight",
      "title": "基础卡牌包",
      "item": "buddycards:pack.1",
      "text": "基础卡牌包能在大多数的原版结构中找到：矿井、村庄、地牢、沉船、埋藏的宝藏，以及沙漠神殿。$(br2)在杀死小僵尸，村民和僵尸村民时，偶尔也能发现基础卡牌包。",
            
      "link_recipe": true
    },
    {
      "type": "spotlight",
      "title": "基础卡牌",
      "item": "buddycards:card.1.1",
      "text": "基础卡牌包同其它多数卡牌包一样，总共会给予4张卡牌，它们之中只有一张会是闪卡。$(br2)卡牌按稀有度分为四个等级：普通的、常见的、稀有的和史诗的。你可以通过卡牌角落的颜色来区分它们。"
    },
    {
      "type": "spotlight",
      "title": "基础卡牌",
      "item": "buddycards:card.1.26{\"foil\":true}",
      "text": "卡牌序号 1-12 稀有度为普通卡，卡牌角落不带有颜色；卡牌序号 13-21 是不寻常卡，带有两个黄角；卡牌序号 22-25 是稀有卡，带有四个蓝角，以及26号和27卡片是带有2个黄角2个紫角的史诗卡。闪卡和非闪卡有着相同的稀有度。"
    },
    {
      "type": "spotlight",
      "item": "buddycards:medal.1",
      "title": "基础包勋章",
      "text": "无论是闪卡还是非闪卡，基础包勋章在集齐全部27张基础包卡片后会自动获得。装备上勋章后，它会给你提供速度I的增益效果。",
      "link_recipe": true
    },
    {
      "type": "relations",
      "title": "勋章魔咒",
      "entries": [
        "buddycards:enchantments/buddy_binding",
        "buddycards:enchantments/buddy_boost"
      ],
      "text": "勋章还可以附魔上『巴迪绑定』和『巴迪提升』。巴迪提升I会把勋章的增益效果增强为速度II，巴迪提升II则增强为速度III。"
    }
  ]
}