{
  "biome.netherexp.exhaust_mire": "Exhaust Mire",
  "biome.netherexp.quartz_chasm": "Quartz Chasm",
  "biome.netherexp.plume_bowels": "Plume Bowels",
  "biome.netherexp.grieving_grove": "Grieving Grove",
  
  "item.netherexp.warphopper_fur": "扭曲菌皮",
  "item.netherexp.hogham": "生疣猪火腿",
  "item.netherexp.cooked_hogham": "熟疣猪火腿",
  "item.netherexp.white_ash_powder": "白灰",
  "item.netherexp.lightspores": "菌光孢子",
  "item.netherexp.nightspores": "菌阴孢子",
  "item.netherexp.wraithing_flesh": "魂缠肉",
  "item.netherexp.sanctum_compass": "圣所定位指针",
  "item.netherexp.banshee_rod": "丧魂棒",
  "item.netherexp.banshee_powder": "丧魂粉",
  "item.netherexp.will_o_wisp": "鬼火团",
  "item.netherexp.phasmo_shard": "鬼灵碎片",
  "item.netherexp.phasmo_arrow": "鬼灵箭",
  "item.netherexp.fossil_fuel": "化石燃料",
  "item.netherexp.rift_armor_trim_smithing_template": "锻造模板",
  "trim_pattern.netherexp.rift": "裂隙盔甲纹饰",
  "item.netherexp.spirit_armor_trim_smithing_template": "锻造模板",
  "trim_pattern.netherexp.spirit": "心灵盔甲纹饰",
  "item.netherexp.valor_armor_trim_smithing_template": "锻造模板",
  "trim_pattern.netherexp.valor": "英勇盔甲纹饰",
  "item.netherexp.pump_charge_upgrade_smithing_template": "锻造模板",
  "upgrade.netherexp.pump_charge_upgrade": "泵能升级",
  "item.netherexp.smithing_template.pump_charge_upgrade.additions_slot_description": "放入狡诈烛焰",
  "item.netherexp.smithing_template.pump_charge_upgrade.applies_to": "霰弹手炮",
  "item.netherexp.smithing_template.pump_charge_upgrade.base_slot_description": "放入霰弹手炮",
  "item.netherexp.smithing_template.pump_charge_upgrade.ingredients": "狡诈烛焰",
  "item.netherexp.stridite": "炽铁",
  "item.netherexp.netherite_plating": "下界合金镀层",
  "item.netherexp.netherite_nugget": "下界合金粒",
  "item.netherexp.treacherous_flame": "狡诈烛焰",
  "item.netherexp.treacherous_flame.description": "用于打开火盆匣",
  "item.netherexp.shotgun_core": "霰弹炮核心",
  "item.netherexp.shotgun_fist": "霰弹手炮",
  "item.netherexp.pump_charge_shotgun": "泵能霰弹炮",
  "item.netherexp.warphopper_spawn_egg": "扭曲菌体刷怪蛋",
  "item.netherexp.apparition_spawn_egg": "幻鬼刷怪蛋",
  "item.netherexp.wisp_spawn_egg": "小鬼火刷怪蛋",
  "item.netherexp.vessel_spawn_egg": "容器刷怪蛋",
  "item.netherexp.ecto_slab_spawn_egg": "灵阶怪刷怪蛋",
  "item.netherexp.banshee_spawn_egg": "丧魂人刷怪蛋",
  "item.netherexp.stampede_spawn_egg": "奔袭者刷怪蛋",
  "item.netherexp.carcass_spawn_egg": "残躯刷怪蛋",
  "item.netherexp.wisp_bottle": "鬼火瓶",
  "item.netherexp.skull_on_a_stick": "颅骨钓竿",
  "item.netherexp.music_disc_cricket": "音乐唱片",
  "item.netherexp.music_disc_cricket.desc": "LudoCrypt - cricket",
  "item.netherexp.music_disc_buckshot_wonderland": "音乐唱片",
  "item.netherexp.music_disc_buckshot_wonderland.desc": "Shroomaniac - Buckshot Wonderland",
  
  "item.netherexp.antidote.inactive_tooltip": "用于激活的酿造材料：",
  "item.netherexp.netherite_artifact.tooltip": "下界合金工件",
  
  "item.netherexp.antidote": "解药",
  "item.netherexp.antidote.effect.": "不可合成的解药",
  "item.netherexp.antidote.effect.awkward": "粗制的解药",
  "item.netherexp.antidote.effect.swiftness": "迅捷解药",
  "item.netherexp.antidote.effect.slowness": "缓慢解药",
  "item.netherexp.antidote.effect.strength": "力量解药",
  "item.netherexp.antidote.effect.leaping": "跳跃解药",
  "item.netherexp.antidote.effect.regeneration": "再生解药",
  "item.netherexp.antidote.effect.fire_resistance": "抗火解药",
  "item.netherexp.antidote.effect.water_breathing": "水肺解药",
  "item.netherexp.antidote.effect.invisibility": "隐身解药",
  "item.netherexp.antidote.effect.weakness": "虚弱解药",
  "item.netherexp.antidote.effect.poison": "剧毒解药",
  "item.netherexp.antidote.effect.resistance": "抗性解药",
  "item.netherexp.antidote.effect.absorption": "吸收解药",
  "item.netherexp.antidote.effect.haste": "急迫解药",
  "item.netherexp.antidote.effect.mining_fatigue": "疲劳解药",
  "item.netherexp.antidote.effect.darkness": "黑暗解药",
  "item.netherexp.antidote.effect.levitation": "飘浮解药",
  "item.netherexp.antidote.effect.hunger": "饥饿解药",
  "item.netherexp.antidote.effect.decay": "衰变解药",
  "item.netherexp.antidote.effect.luck": "幸运解药",
  "item.netherexp.antidote.effect.unluck": "霉运解药",
  
  "item.netherexp.grenade_antidote": "投掷型解药",
  "item.netherexp.grenade_antidote.effect.": "不可合成的投掷型解药",
  "item.netherexp.grenade_antidote.effect.awkward": "粗制的投掷型解药",
  "item.netherexp.grenade_antidote.effect.swiftness": "投掷型迅捷解药",
  "item.netherexp.grenade_antidote.effect.slowness": "投掷型缓慢解药",
  "item.netherexp.grenade_antidote.effect.strength": "投掷型力量解药",
  "item.netherexp.grenade_antidote.effect.leaping": "投掷型跳跃解药",
  "item.netherexp.grenade_antidote.effect.regeneration": "投掷型再生解药",
  "item.netherexp.grenade_antidote.effect.fire_resistance": "投掷型抗火解药",
  "item.netherexp.grenade_antidote.effect.water_breathing": "投掷型水肺解药",
  "item.netherexp.grenade_antidote.effect.invisibility": "投掷型隐身解药",
  "item.netherexp.grenade_antidote.effect.weakness": "投掷型虚弱解药",
  "item.netherexp.grenade_antidote.effect.poison": "投掷型剧毒解药",
  "item.netherexp.grenade_antidote.effect.resistance": "投掷型抗性解药",
  "item.netherexp.grenade_antidote.effect.absorption": "投掷型吸收解药",
  "item.netherexp.grenade_antidote.effect.haste": "投掷型急迫解药",
  "item.netherexp.grenade_antidote.effect.mining_fatigue": "投掷型疲劳解药",
  "item.netherexp.grenade_antidote.effect.darkness": "投掷型黑暗解药",
  "item.netherexp.grenade_antidote.effect.levitation": "投掷型飘浮解药",
  "item.netherexp.grenade_antidote.effect.hunger": "投掷型饥饿解药",
  "item.netherexp.grenade_antidote.effect.decay": "投掷型衰变解药",
  "item.netherexp.grenade_antidote.effect.luck": "投掷型幸运解药",
  "item.netherexp.grenade_antidote.effect.unluck": "投掷型霉运解药",
  
  "shotgun_fist.ammo": "弹药装填数：",
  "shotgun_fist.heat": "温度：",
  "sanctum_compass.to_activate": "激活需求物：",
  "sanctum_compass.tracking": "已找到圣所",
  
  "item.netherexp.glowcheese": "荧光奶酪",
  "block.netherexp.nether_pizza": "下界披萨饼",
  "item.netherexp.nether_pizza": "下界披萨饼",
  "item.netherexp.nether_pizza_slice": "下界披萨饼切片",
  
  "enchantment.netherexp.phantasm_hull": "幻影躯壳",
  "enchantment.netherexp.bloodshed": "歃血",
  "enchantment.netherexp.cartridge": "预装弹",
  "enchantment.netherexp.recoil": "反冲",
  "enchantment.netherexp.barrage": "大火力",
  "enchantment.netherexp.artemis": "猎神",
  
  "block.netherexp.soul_slate": "魂板岩",
  "block.netherexp.pale_soul_slate": "苍白魂板岩",
  "block.netherexp.soul_slate_slab": "魂板岩台阶",
  "block.netherexp.soul_slate_stairs": "魂板岩楼梯",
  "block.netherexp.soul_slate_wall": "魂板岩墙",
  "block.netherexp.soul_slate_bricks": "魂板岩砖",
  "block.netherexp.soul_slate_brick_stairs": "魂板岩砖楼梯",
  "block.netherexp.soul_slate_brick_slab": "魂板岩砖台阶",
  "block.netherexp.soul_slate_brick_wall": "魂板岩砖墙",
  "block.netherexp.etched_soul_slate_bricks": "蚀刻魂板岩砖",
  "block.netherexp.cracked_soul_slate_bricks": "裂纹魂板岩砖",
  "block.netherexp.soul_slate_brick_pillar": "魂板岩砖柱",
  "block.netherexp.chiseled_soul_slate_bricks": "錾制魂板岩砖",
  
  "block.netherexp.soul_slate_tiles": "魂板岩瓦",
  "block.netherexp.soul_slate_tile_stairs": "魂板岩瓦楼梯",
  "block.netherexp.soul_slate_tile_slab": "魂板岩瓦台阶",
  "block.netherexp.soul_slate_tile_wall": "魂板岩瓦墙",
  "block.netherexp.etched_soul_slate_tiles": "蚀刻魂板岩瓦",
  "block.netherexp.chiseled_soul_slate_tiles": "錾制魂板岩瓦",
  
  "block.netherexp.brazier_chest": "火盆匣",
  "block.netherexp.brazier_chest.locked": "火盆匣被锁住了, 需要狡诈烛焰来打开",
  "block.netherexp.treacherous_candle": "狡诈蜡烛",
  "treacherous_candle.health": "狡诈蜡烛",
  "block.netherexp.sculk_grinder": "幽匿碾磨体",
  
  "block.netherexp.inscribed_panel": "铭刻石板",

  "block.netherexp.gargoyle_statue": "石像鬼雕像",
  "block.netherexp.ossified_gargoyle_statue": "僵化",
  "block.netherexp.trample_gargoyle_statue": "践踏",
  "block.netherexp.phase_gargoyle_statue": "步阶",
  "block.netherexp.ghoul_gargoyle_statue": "食尸",
  "block.netherexp.wretched_gargoyle_statue": "悲戚",
  "block.netherexp.treacherous_gargoyle_statue": "狡诈",
  "block.netherexp.cirripedia_gargoyle_statue": "蔓足",
  "block.netherexp.occult_gargoyle_statue": "玄秘",
  "block.netherexp.sealed_gargoyle_statue": "封存",
  "block.netherexp.obfuscated_gargoyle_statue": "淡漠",

  "block.netherexp.soul_candle": "灵魂蜡烛",

  "block.netherexp.fossil_ore": "化石矿石",
  "block.netherexp.fossil_fuel_ore": "化石燃料矿石",

  "block.netherexp.soul_glass": "灵魂玻璃",
  "block.netherexp.ochre_frogmist": "赭黄蛙朦雾",
  "block.netherexp.verdant_frogmist": "青翠蛙朦雾",
  "block.netherexp.pearlescent_frogmist": "珠光蛙朦雾",
  "block.netherexp.carmine_frogmist": "洋红蛙朦雾",

  "block.netherexp.soul_swirls": "灵魂卷须",
  "block.netherexp.ecto_soul_sand": "灵浸灵魂沙",
  "block.netherexp.suspicious_soul_sand": "可疑的灵魂沙",
  "block.netherexp.soul_magma_block": "灵魂岩浆块",

  "block.netherexp.ectoplasm": "灵质",
  "item.netherexp.ectoplasm_bucket": "灵质桶",
  "block.netherexp.black_ice": "黑冰",

  "block.netherexp.soul_torchflower": "灵魂火把花",
  "block.netherexp.soul_torchflower_crop": "灵魂火把花植株",

  "block.netherexp.sorrowsquash": "难瓜",
  "block.netherexp.carved_sorrowsquash": "雕刻难瓜",
  "block.netherexp.ghoul_o_lantern": "难瓜灯",
  "block.netherexp.soul_ghoul_o_lantern": "灵魂难瓜灯",
  "block.netherexp.soul_jack_o_lantern": "灵魂南瓜灯",
  "block.netherexp.sorrowsquash_stem": "难瓜茎",
  "block.netherexp.sorrowsquash_stem_plant": "难瓜茎植株",

  "block.netherexp.shotgun_barrel": "霰弹炮筒",

  "block.netherexp.smooth_netherrack": "平滑下界岩",
  "block.netherexp.smooth_netherrack_slab": "平滑下界岩台阶",
  "block.netherexp.smooth_netherrack_stairs": "平滑下界岩楼梯",
  "block.netherexp.smooth_netherrack_wall": "平滑下界岩墙",
  "block.netherexp.netherrack_bricks": "下界岩砖",
  "block.netherexp.netherrack_brick_slab": "下界岩砖台阶",
  "block.netherexp.netherrack_brick_stairs": "下界岩砖楼梯",
  "block.netherexp.netherrack_brick_wall": "下界岩砖墙",
  "block.netherexp.netherrack_tiles": "下界岩瓦",
  "block.netherexp.netherrack_pillar": "下界岩柱",

  "block.netherexp.basalt_slab": "玄武岩台阶",
  "block.netherexp.basalt_stairs": "玄武岩楼梯",
  "block.netherexp.basalt_wall": "玄武岩墙",
  "block.netherexp.polished_basalt_slab": "磨制玄武岩台阶",
  "block.netherexp.polished_basalt_stairs": "磨制玄武岩楼梯",
  "block.netherexp.polished_basalt_wall": "磨制玄武岩墙",
  "block.netherexp.polished_basalt_bricks": "磨制玄武岩砖",
  "block.netherexp.polished_basalt_brick_slab": "磨制玄武岩砖台阶",
  "block.netherexp.polished_basalt_brick_stairs": "磨制玄武岩砖楼梯",
  "block.netherexp.polished_basalt_brick_wall": "磨制玄武岩砖墙",

  "block.netherexp.netherite_plated_block": "下界合金镶板块",
  "block.netherexp.netherite_grate": "下界合金格栅",
  "block.netherexp.cut_netherite_block": "切制下界合金块",
  "block.netherexp.cut_netherite_slab": "切制下界合金台阶",
  "block.netherexp.cut_netherite_stairs": "切制下界合金楼梯",
  "block.netherexp.cut_netherite_pillar": "切制下界合金柱",
  "block.netherexp.netherite_bars": "下界合金栏杆",

  "block.netherexp.rusty_netherite_plated_block": "生锈的下界合金镶板块",
  "block.netherexp.rusty_netherite_grate": "生锈的下界合金格栅",
  "block.netherexp.rusty_cut_netherite_block": "生锈的切制下界合金块",
  "block.netherexp.rusty_cut_netherite_slab": "生锈的切制下界合金台阶",
  "block.netherexp.rusty_cut_netherite_stairs": "生锈的切制下界合金楼梯",
  "block.netherexp.rusty_cut_netherite_pillar": "生锈的切制下界合金柱",
  "block.netherexp.rusty_netherite_bars": "生锈的下界合金栏杆",

  "item.netherexp.warped_wart": "诡异疣",
  "block.netherexp.warped_wart": "诡异疣",

  "block.netherexp.enigma_flesh": "谜果块",
  "block.netherexp.strange_enigma_flesh": "奇异谜果块",
  "block.netherexp.enigma_crown": "谜冠花",
  "block.netherexp.enigma_shelf": "谜果梗",

  "block.netherexp.claret_stem": "紫红菌柄",
  "block.netherexp.claret_hyphae": "紫红菌核",
  "block.netherexp.stripped_claret_stem": "去皮紫红菌柄",
  "block.netherexp.stripped_claret_hyphae": "去皮紫红菌核",
  "block.netherexp.claret_planks": "紫红木板",
  "block.netherexp.claret_slab": "紫红木台阶",
  "block.netherexp.claret_stairs": "紫红木楼梯",
  "block.netherexp.claret_fence": "紫红木栅栏",
  "block.netherexp.claret_fence_gate": "紫红木栅栏门",
  "block.netherexp.claret_door": "紫红木门",
  "block.netherexp.claret_trapdoor": "紫红木活板门",
  "block.netherexp.claret_button": "紫红木按钮",
  "block.netherexp.claret_pressure_plate": "紫红木压力板",
  "item.netherexp.claret_sign": "紫红木告示牌",
  "block.netherexp.claret_sign": "紫红木告示牌",
  "block.netherexp.claret_wall_sign": "紫红木告示牌",
  "item.netherexp.claret_hanging_sign": "悬挂式紫红木告示牌",
  "block.netherexp.claret_hanging_sign": "悬挂式紫红木告示牌",
  "block.netherexp.claret_wall_hanging_sign": "悬挂式紫红木告示牌",

  "block.netherexp.magma_cream_block": "岩浆膏块",

  "block.netherexp.explosive_scoria": "爆炸火山渣",
  "block.netherexp.igneous_reeds": "火成岩芦苇",
  "block.netherexp.smokestalk": "烟梗木",
  "block.netherexp.smokestalk_plant": "烟梗木植株",

  "block.netherexp.smokestalk_block": "烟梗木块",
  "block.netherexp.stripped_smokestalk_block": "去皮烟梗木块",
  "block.netherexp.smokestalk_planks": "烟梗木木板",
  "block.netherexp.smokestalk_slab": "烟梗木台阶",
  "block.netherexp.smokestalk_stairs": "烟梗木楼梯",
  "block.netherexp.smokestalk_fence": "烟梗木栅栏",
  "block.netherexp.smokestalk_fence_gate": "烟梗木栅栏门",
  "block.netherexp.smokestalk_button": "烟梗木按钮",
  "block.netherexp.smokestalk_pressure_plate": "烟梗木压力板",
  "block.netherexp.smokestalk_door": "烟梗木门",
  "block.netherexp.smokestalk_trapdoor": "烟梗木活板门",
  "item.netherexp.smokestalk_sign": "烟梗木告示牌",
  "block.netherexp.smokestalk_sign": "烟梗木告示牌",
  "block.netherexp.smokestalk_wall_sign": "烟梗木告示牌",
  "item.netherexp.smokestalk_hanging_sign": "悬挂式烟梗木告示牌",
  "block.netherexp.smokestalk_hanging_sign": "悬挂式烟梗木告示牌",
  "block.netherexp.smokestalk_wall_hanging_sign": "悬挂式烟梗木告示牌",

  "block.netherexp.quartz_crystal_block": "石英晶体块",
  "block.netherexp.quartz_crystal": "石英晶体",
  "block.netherexp.cracked_quartz_bricks": "裂纹石英砖",
  "block.netherexp.chiseled_quartz_pillar": "雕纹石英柱",

  "block.netherexp.silica_sand": "硅沙",
  "block.netherexp.silica_sandstone": "硅砂岩",
  "block.netherexp.silica_sandstone_slab": "硅砂岩台阶",
  "block.netherexp.silica_sandstone_stairs": "硅砂岩楼梯",
  "block.netherexp.silica_sandstone_wall": "硅砂岩墙",

  "block.netherexp.cut_silica_sandstone": "切制硅砂岩",
  "block.netherexp.cut_silica_sandstone_slab": "切制硅砂岩台阶",
  "block.netherexp.chiseled_silica_sandstone": "錾制硅砂岩",
  
  "block.netherexp.smooth_silica_sandstone": "平滑硅砂岩",
  "block.netherexp.smooth_silica_sandstone_slab": "平滑硅砂岩台阶",
  "block.netherexp.smooth_silica_sandstone_stairs": "平滑硅砂岩楼梯",
  
  "block.netherexp.nether_brick_pillar": "下界砖柱",
  "block.netherexp.red_mixed_nether_bricks": "红色混合下界砖块",
  "block.netherexp.blue_mixed_nether_bricks": "蓝色混合下界砖块",
  "block.netherexp.blue_nether_bricks": "蓝色下界砖块",
  "block.netherexp.blue_nether_brick_slab": "蓝色下界砖台阶",
  "block.netherexp.blue_nether_brick_stairs": "蓝色下界砖楼梯",
  "block.netherexp.blue_nether_brick_wall": "蓝色下界砖墙",
  
  "block.netherexp.shroomnight": "菌阴体",
  
  "block.netherexp.nether_wart_beard": "下界疣须",
  "block.netherexp.warped_wart_beard": "诡异疣须",
  "block.netherexp.weeping_ivy": "常泪藤",
  "block.netherexp.twisting_ivy": "常怨藤",
  
  "block.netherexp.red_scale_fungus": "红色鳞状菌",
  "block.netherexp.blue_scale_fungus": "蓝色鳞状菌",

  "block.netherexp.crimson_sprouts": "绯红苗",
  
  "block.netherexp.soul_soil_layer": "灵魂土层",
  
  "block.netherexp.soul_path": "灵魂土径",
  "block.netherexp.crimson_nylium_path": "绯红菌岩径",
  "block.netherexp.warped_nylium_path": "诡异菌岩径",
  
  "block.netherexp.crimson_sporeshroom": "绯红孢子菇",
  "block.netherexp.warped_sporeshroom": "诡异孢子菇",
  "block.netherexp.basaltic_geyser": "玄武岩喷烟口",
  "block.netherexp.souled_geyser": "灵魂喷烟口",
  
  "block.netherexp.white_ash": "白灰",
  "block.netherexp.white_ash_block": "白灰块",
  
  "block.netherexp.bone_cortical": "骨皮层",
  "block.netherexp.bone_rod": "骨棒",
  "block.netherexp.bone_fence": "骨栅栏",
  "block.netherexp.skeleton_skull_candle": "骷髅头颅蜡烛",
  "block.netherexp.soul_skeleton_skull_candle": "骷髅头颅灵魂蜡烛",
  "block.netherexp.stacked_bones": "骨堆",
  "block.netherexp.stacked_bone_slab": "骨堆台阶",
  "block.netherexp.stacked_bone_stairs": "骨堆楼梯",
  "block.netherexp.skull_block": "头骨块",
  "block.netherexp.burning_skull_block": "燃烧的头骨块",
  "block.netherexp.soul_burning_skull_block": "灵魂燃烧的头骨块",
  
  "block.netherexp.wither_bone_block": "凋灵骨块",
  "block.netherexp.stacked_wither_bone_slab": "凋灵骨堆台阶",
  "block.netherexp.stacked_wither_bone_stairs": "凋灵骨堆楼梯",
  "block.netherexp.stacked_wither_bones": "凋灵骨堆",
  "block.netherexp.wither_skull_block": "凋灵头骨块",
  "block.netherexp.burning_wither_skull_block": "燃烧的凋灵头骨块",
  "block.netherexp.soul_burning_wither_skull_block": "灵魂燃烧的凋灵头骨块",
  
  "block.netherexp.weeping_polished_blackstone_bricks": "垂泪磨制黑石砖",
  "block.netherexp.twisting_polished_blackstone_bricks": "缠怨磨制黑石砖",
  "block.netherexp.polished_blackstone_pillar": "磨制黑石柱",
  "block.netherexp.polished_blackstone_fence": "磨制黑石栅栏",
  
  "block.netherexp.potted_soul_swirls": "灵魂卷须盆栽",
  "block.netherexp.potted_enigma_crown": "谜冠花盆栽",
  "block.netherexp.potted_smokestalk": "烟梗木盆栽",
  "block.netherexp.potted_red_scale_fungus": "红色鳞状菌盆栽",
  "block.netherexp.potted_blue_scale_fungus": "蓝色鳞状菌盆栽",
  "block.netherexp.potted_crimson_sporeshroom": "绯红孢子菇盆栽",
  "block.netherexp.potted_warped_sporeshroom": "诡异孢子菇盆栽",
  "block.netherexp.potted_soul_torchflower": "灵魂火把花盆栽",
  
  "subtitles.item.gold_ingot.gilding": "方块：镀金",
  "subtitles.block.ectoplasm.freeze": "灵质：冻结",
  "subtitles.block.ectoplasm.whispering": "灵质：低语",
  "subtitles.block.soul_slate.solidifying": "灵魂沙：固化为魂板岩",
  "subtitles.block.explosive_scoria.ambient": "爆炸火山渣：噼啪",
  "subtitles.block.sporeshroom.trampolined": "孢子菇：弹跳",
  "subtitles.block.lightspores.apply": "孢子：植入方块",
  "subtitles.block.lightspores.shear": "孢子：从方块收集",
  "subtitles.block.soul_candle.ambient": "灵魂蜡烛：低语",
  "subtitles.block.soul_swirls.boost": "灵魂卷须：呼呼作响",
  "subtitles.item.antidote.negate": "解药：解除效果",
  "subtitles.item.grenade_antidote.tick": "投掷型解药：滴答",
  "subtitles.item.grenade_antidote.explode": "投掷型解药：爆裂",
  "subtitles.item.shotgun.use": "霰弹炮：开火",
  "subtitles.item.shotgun.load": "霰弹炮：装弹",
  "subtitles.block.brazier_chest.open": "火盆匣：开启",
  "subtitles.block.brazier_chest.close": "火盆匣：关闭",
  "subtitles.block.brazier_chest.lit": "狡诈的尖叫声",
  "subtitles.block.treacherous_candle.victory": "狡诈蜡烛：胜利的颂唱",
  "subtitles.block.treacherous_candle.defeat": "狡诈蜡烛：失败的颂唱",
  
  "subtitles.entity.warphopper.ambient": "诡异菌体：咯咯",
  "subtitles.entity.warphopper.hurt": "诡异菌体：受伤",
  "subtitles.entity.warphopper.death": "诡异菌体：死亡",
  "subtitles.entity.warphopper.cloak": "诡异菌体：隐藏",
  "subtitles.entity.warphopper.loop": "诡异菌体：歌唱",
  "subtitles.entity.wisp.ambient": "小鬼火：呜咽",
  "subtitles.entity.wisp.hurt": "小鬼火：受伤",
  "subtitles.entity.wisp.death": "小鬼火：死亡",
  "subtitles.entity.apparition.ambient": "幻鬼：隆隆作响",
  "subtitles.entity.apparition.hurt": "幻鬼：受伤",
  "subtitles.entity.apparition.death": "幻鬼：死亡",
  "subtitles.entity.apparition.fly": "幻鬼：飞行",
  "subtitles.entity.apparition.attack": "幻鬼：攻击",
  "subtitles.entity.carcass.ambient": "残躯：吟唱",
  "subtitles.entity.vessel.ambient": "容器：咯咯声",
  "subtitles.entity.vessel.hurt": "容器：受伤",
  "subtitles.entity.vessel.death": "容器：死亡",
  "subtitles.entity.ecto_slab.jump": "灵阶怪：破裂声",
  "subtitles.entity.ecto_slab.squish": "灵阶怪：碎裂声",
  "subtitles.entity.banshee.ambient": "丧魂人：怪笑",
  "subtitles.entity.banshee.hurt": "丧魂人：受伤",
  "subtitles.entity.banshee.death": "丧魂人：死亡",
  "subtitles.entity.banshee.teleport": "丧魂人：传送",
  "subtitles.entity.banshee.shoot": "鬼火团：发射",
  
  "container.brazier_chest": "火盆匣",
  
  "death.attack.graveMistSuffocation": "%1$s 被灵魂们窒息并裹尸了",
  "death.attack.stampedeCrush": "%1$s 被 %2$s 压碎了",
  "death.attack.soulBullet": "%1$s 被致命的火器击毙了",
  "death.attack.soulBullet.player": "%1$s 被致命的火器击毙了",
  "death.attack.will_o_wisp": "%1$s 被鬼火团夺舍了",
  "death.attack.will_o_wisp.player": "%1$s 被鬼火团夺舍了",
  "death.attack.volatileScoriaExplosion": "%1$s 遇到了挥发性红石放电",
  "death.attack.shotgunExplosion": "%1$s 被过载的霰弹炮炸飞了",
  
  "entity.netherexp.wisp": "小鬼火",
  "entity.netherexp.apparition": "幻鬼",
  "entity.netherexp.vessel": "容器",
  "entity.netherexp.ecto_slab": "灵阶怪",
  "entity.netherexp.banshee": "丧魂人",
  "entity.netherexp.stampede": "奔袭者",
  "entity.netherexp.carcass": "残躯",
  "entity.netherexp.soul_bullet": "灵魂弹",
  "entity.netherexp.will_o_wisp": "鬼火团",
  "entity.netherexp.blood_drop": "血滴",
  "entity.netherexp.phasmo_arrow": "鬼灵箭",
  "entity.netherexp.antidote": "解药",
  "entity.netherexp.grenade_effect_cloud": "投掷型解药效果云",
  "entity.netherexp.warphopper": "诡异菌体",
  
  "painting.netherexp.house.author": "Navidson Realty",
  "painting.netherexp.house.title": "House",
  
  "advancements.nether.add_spores_to_block.title": "代树",
  "advancements.nether.add_spores_to_block.description": "将菌光或菌阴孢子植入对应的疣块",
  "advancements.nether.overkill.title": "赶尽杀绝",
  "advancements.nether.overkill.description": "一击造成十颗心的伤害",
  "advancements.nether.stayin_frosty.title": "保持冷静",
  "advancements.nether.stayin_frosty.description": "拥有抗火效果时在熔岩中游泳",
  "advancements.nether.pizza_hunt.title": "必胜之客",
  "advancements.nether.pizza_hunt.description": "烤出完美的地狱披萨饼，然后吃掉它",
  "advancements.nether.ayo_the_pizza_here.title": "哟！你订的披萨到了",
  "advancements.nether.ayo_the_pizza_here.description": "让一只悦灵给你送来披萨饼，记得小心脚下......",
  "advancements.nether.ghost_mucus.title": "鬼魂的鼻涕",
  "advancements.nether.ghost_mucus.description": "用铁桶装点灵质",
  "advancements.nether.rattling_remnants.title": "咯咯作响的遗迹",
  "advancements.nether.rattling_remnants.description": "在灵魂沙峡谷找到一片巨型化石营地",
  "advancements.nether.gravedigger.title": "掘墓人",
  "advancements.nether.gravedigger.description": "挖出藏匿着的残存化石以开采化石燃料",
  "advancements.nether.non_renewable_yeah_right.title": "不可再生？行，对......",
  "advancements.nether.non_renewable_yeah_right.description": "在灵魂土上击杀一只骷髅以生产更多的化石进行开采",
  "advancements.nether.exorcism.title": "驱魔",
  "advancements.nether.exorcism.description": "使用水瓶驱除附身在生物上的的幻鬼",
  "advancements.nether.frightening_rush.title": "仓皇逃窜",
  "advancements.nether.frightening_rush.description": "通过接触灵魂卷须获得无拘步履",
  "advancements.nether.phasmophobic.title": "恐鬼症患者",
  "advancements.nether.phasmophobic.description": "穿过灵魂玻璃",
  "advancements.nether.blind_shot.title": "盲射",
  "advancements.nether.blind_shot.description": "使用鬼灵箭穿过墙壁射中一个实体",
  "advancements.nether.froghorn.title": "蛙雾角",
  "advancements.nether.froghorn.description": "在你的物品栏中集齐所有种类的蛙朦雾",
  "advancements.nether.plague_doctor.title": "瘟疫医生",
  "advancements.nether.plague_doctor.description": "同时拥有所有解药效果",
  "advancements.nether.soul_sand_valley.title": "灵魂沙峡谷",
  "advancements.nether.soul_sand_valley.description": "存在着大量恐怖与超自然现象的地方",
  "advancements.nether.angel_with_a_shotgun.title": "武装天使",
  "advancements.nether.angel_with_a_shotgun.description": "使用你的霰弹炮核心工件制作一把霰弹手炮",
  "advancements.nether.the_nether_is_full.title": "下界太小，血是燃料",
  "advancements.nether.the_nether_is_full.description": "使用泵能锻造模板升级你的霰弹炮",
  "advancements.nether.ultrakill.title": "疯狂赶尽杀绝",
  "advancements.nether.ultrakill.description": "使用过载爆炸击杀10个生物",
  "advancements.nether.the_caduceus.title": "蛇杖",
  "advancements.nether.the_caduceus.description": "使用扭曲疣酿造一瓶解药",
  "advancements.nether.castlemania.title": "恶灵城",
  "advancements.nether.castlemania.description": "找到灵魂沙峡谷中的圣所",
  "advancements.nether.rekindled_betrayal.title": "重燃背叛之焰",
  "advancements.nether.rekindled_betrayal.description": "点亮狡诈蜡烛并在怪物潮中保卫它",
  "advancements.nether.eldritch_manipulation.title": "操弄邪术",
  "advancements.nether.eldritch_manipulation.description": "使用狡诈烛焰打开火盆匣",
  "advancements.nether.hp_minecraftian.title": "H.P.迈恩克拉夫特式",
  "advancements.nether.hp_minecraftian.description": "使用打火石复活一具残躯",
  "advancements.nether.lorekeeper.title": "见多石广",
  "advancements.nether.lorekeeper.description": "获得每一种石像鬼雕像变体",
  "advancements.nether.back_with_a_vengeance.title": "死灰复燃",
  "advancements.nether.back_with_a_vengeance.description": "使用蜜脾修复毁坏的狡诈蜡烛",
  "advancements.nether.tower_defense.title": "蜡烛塔防 6",
  "advancements.nether.tower_defense.description": "用古老的蜡制作你自己的危险蜡烛",
  "advancements.nether.emf_raider.title": "电动势袭击者",
  "advancements.nether.emf_raider.description": "激活一个圣所定位指针并追随它的指向",
  
  "effect.netherexp.fogsight": "雾视",
  "effect.netherexp.unbounded_speed": "无拘步履",
  "effect.netherexp.betrayed": "被叛",
  
  "effect.netherexp.speed_immunity": "迅捷免疫",
  "effect.netherexp.slowness_immunity": "缓慢免疫",
  "effect.netherexp.strength_immunity": "力量免疫",
  "effect.netherexp.jump_boost_immunity": "跳跃提升免疫",
  "effect.netherexp.regeneration_immunity": "生命恢复免疫",
  "effect.netherexp.fire_resistance_immunity": "抗火免疫",
  "effect.netherexp.water_breathing_immunity": "水下呼吸免疫",
  "effect.netherexp.invisibility_immunity": "隐身免疫",
  "effect.netherexp.weakness_immunity": "虚弱免疫",
  "effect.netherexp.poison_immunity": "中毒免疫",
  "effect.netherexp.resistance_immunity": "抗性提升免疫",
  "effect.netherexp.absorption_immunity": "伤害吸收免疫",
  "effect.netherexp.haste_immunity": "急迫免疫",
  "effect.netherexp.mining_fatigue_immunity": "挖掘疲劳免疫",
  "effect.netherexp.darkness_immunity": "黑暗免疫",
  "effect.netherexp.levitation_immunity": "飘浮免疫",
  "effect.netherexp.hunger_immunity": "饥饿免疫",
  "effect.netherexp.wither_immunity": "凋零免疫",
  "effect.netherexp.luck_immunity": "幸运免疫",
  "effect.netherexp.unluck_immunity": "霉运免疫",
  
  "item.netherexp.blightspores": "菌亡孢子",
  "block.netherexp.shroomblight": "菌亡体",
  "block.netherexp.shale_swirls": "页岩卷须",
  "block.netherexp.violet_mixed_nether_bricks": "紫罗兰色混合下界砖块",
  "block.netherexp.violet_nether_bricks": "紫罗兰色下界砖块",
  "block.netherexp.violet_nether_brick_slab": "紫罗兰色下界砖台阶",
  "block.netherexp.violet_nether_brick_stairs": "紫罗兰色下界砖楼梯",
  "block.netherexp.violet_nether_brick_wall": "紫罗兰色下界砖墙",
  "block.netherexp.violet_scale_fungus": "紫罗兰色鳞状菌",
  "block.netherexp.umbral_sporeshroom": "暗影孢子菇",
  "block.netherexp.umbral_wart_beard": "暗影疣须",
  "block.netherexp.ashen_geyser": "灰烬喷烟口",
  "block.netherexp.blackstonic_geyser": "黑石喷烟口",
  "block.netherexp.twilight_vines": "暮色藤",
  "block.netherexp.twilight_vines_plant": "暮色藤盆栽",
  "block.netherexp.twilight_ivy": "常暮藤",
  "block.netherexp.potted_violet_scale_fungus": "紫罗兰色鳞状菌盆栽",
  "block.netherexp.potted_umbral_sporeshroom": "暗影孢子菇盆栽",
  "block.netherexp.umbral_nylium_path": "暗影菌岩径",
  
  "item.netherexp.frightspores": "菌慌孢子",
  "block.netherexp.shroomfright": "菌慌体",
  "block.netherexp.yellow_mixed_nether_bricks": "黄色混合下界砖块",
  "block.netherexp.yellow_nether_bricks": "黄色下界砖块",
  "block.netherexp.yellow_nether_brick_slab": "黄色下界砖台阶",
  "block.netherexp.yellow_nether_brick_stairs": "黄色下界砖楼梯",
  "block.netherexp.yellow_nether_brick_wall": "黄色下界砖墙",
  
  "item.netherexp.sealed_pottery_sherd": "封存纹样陶片",
  "item.netherexp.spectre_pottery_sherd": "幻灵纹样陶片",
  "item.netherexp.marionette_pottery_sherd": "傀儡纹样陶片",
  "item.netherexp.eldritch_pottery_sherd": "邪术纹样陶片",
  "item.netherexp.deception_pottery_sherd": "欺诈纹样陶片",
  "item.netherexp.firearm_pottery_sherd": "火器纹样陶片",
  "item.netherexp.botanical_pottery_sherd": "植物纹样陶片",

  "enchantment.netherexp.phantasm_hull.desc": "当你蹲下时，大多数弹射物都会从你身上穿过去。",
  "enchantment.netherexp.bloodshed.desc": "生物在死亡时迸发出治愈之血。",
  "enchantment.netherexp.cartridge.desc": "允许霰弹手炮储存弹药并多次射击。",
  "enchantment.netherexp.recoil.desc": "增加霰弹手炮后座力。",
  "enchantment.netherexp.barrage.desc": "增加霰弹手炮单次发射数量。",
  "enchantment.netherexp.artemis.desc": "增加霰弹手炮和弓箭的子弹或箭矢距离。",
  
  "itemGroup.netherexp.netherexp_tab": "Jaden的下界扩展"
}
