{
    "name": "聚焦管",
    "icon": "hwell:furnace_tube",
    "category": "core_mechanics",
    "sortnum": 10,
    "pages": [
        {
            "type": "text",
            "text": "当聚焦管的堆叠高度到达2-8个方块时它可以转化它下方的方块."
        },
        { 	"type": "tube",
	        "name": "制造熔岩",
	        "input1": "hwell:furnace_tube",
	        "input2": "minecraft:cobblestone",
	        "output": "minecraft:lava_bucket",
	        "text": "任何一种石头,无论是圆石还是砂岩都可以转换成熔岩."
        },    
        {
            
            "type": "multiblock",
            "name": "制造熔岩",
            "multiblock": {
                "pattern": [
                    [ "A"],
                    [ "A"],
                    [ "0"]
                ],
                "mapping": {
                    "A": "hwell:furnace_tube",
                    "0": "minecraft:cobblestone"
                }
            }
        
        },    
        { 	"type": "tube",
	        "name": "制造水",
	        "input1": "hwell:furnace_tube",
	        "input2": "minecraft:leaves",
	        "output": "minecraft:water_bucket",
	        "text": "任意一种树叶,冰或者仙人掌都可以被转换成水."
        },
        { 	"type": "tube",
	        "name": "制造液态灵魂",
	        "input1": "hwell:furnace_tube",
	        "input2": "hwell:myst_dust_block",
	        "output": "hwell:fluid_liquid_souls",
	        "text": "一个神秘粉尘块可以变成液态灵魂. 不要惊慌."
        }
            
    ]
}