{
    "name": "大海牛" , 
    "icon": "untamedwilds:textures/icon/manatee/steller.png" , 
    "category": "untamedwilds:manatee_category" ,
    "pages": [
        {
            "type": "text" , 
            "title": "大海牛" , 
            "text": "大海牛($(o)Hydrodamalis gigas$())1741年，乔治斯特拉记述了一种已经灭绝的海牛海牛目动物。$(br2)可能在欧洲人之前，当地居民就已经与这种动物开始合作。"
        } , 
        {
            "type": "entity" , 
            "entity": "untamedwilds:manatee{Variant: 3, Size: 1}" , 
            "text": ""
        } , 
        {
            "type": "text" , 
            "title": "大海牛" , 
            "text": "相对大小：\u2605\u2605\u2605\u2605\u2605$(br2)日间活动$(br2)1种肤色$(br2)最喜欢的食物：minecraft:kelp$(br2)种类数量：1$(br2)成长时间：12天"
        }
    ]
}