{
  "name": "法术核心",
  "icon": "arsomega:focus_of_regen",
  "category": "arsomega:arcane_equipment",
  "pages": [
    {
      "type": "text",
      "text": "魔力提升之核心会大幅增加佩戴者的魔力上限，但同时会减弱其魔力再生。若佩戴者的自然魔力再生速度过低，则可能导致魔力流失，因此也要使用其他装备配合。"
    },
    {
      "type": "apparatus_recipe",
      "recipe": "arsomega:focus_mana"
    },
    {
      "type": "text",
      "text": "魔力再生之核心会大幅增加佩戴者的魔力再生速度，但会小幅减少其魔力上限。"
    },
    {
      "type": "apparatus_recipe",
      "recipe": "arsomega:focus_regen"
    },
    {
      "type": "text",
      "text": "炼金之核心会增强某些炼金学派的法术，例如铅肤、嬗变，和钻石。会小幅减少魔力上限和魔力再生速度。"
    },
    {
      "type": "apparatus_recipe",
      "recipe": "arsomega:focus_of_alchemy"
    }
  ]
}