{
  "name": "勇度哨箭",
  "sortnum": 1,
  "category": "justdirethings:upgrades",
  "icon": "justdirethings:upgrade_epicarrow",
  "pages": [
    {
      "type": "patchouli:text",
      "text": "勇度哨箭升级能让箭矢自行搜寻目标，并依次对多个敌人造成伤害。极其适合群体控制。$(br2)此能力需要激活才可使用。激活后，下一次发射的箭矢会依次击中多个生物，最多能击中 10 个！"
    },
    {
      "type": "patchouli:crafting",
      "title": "勇度哨箭升级的配方",
      "recipe": "justdirethings:upgrade_epicarrow"
    }
  ]
}
