{
  "name": "初级点击器",
  "sortnum": 7,
  "category": "justdirethings:machines",
  "icon": "justdirethings:clickert1",
  "pages": [
    {
      "type": "patchouli:text",
      "text": "初级点击器能够模拟右击、左击，甚至还有长按！很适合模拟点击按钮或攻击生物。$(br2)它的界面比较复杂，具体的信息参见后页。"
    },
    {
      "type": "patchouli:text",
      "text": "界面中的槽位用于放置用于点击的物品。如要给绵羊剪毛，则应当放入剪刀；如要攻击生物，则应当放入剑。若是想要按按钮，也可以选择留空。$(br2)$(l)显示伪玩家$()按钮会以粒子显示点击的方向，此方向由$(l)方向$()按钮设置。"
    },
    {
      "type": "patchouli:text",
      "text": "$(l)潜行$()按钮用于启用或禁用“潜行”点击，可以模拟潜行点击的操作。$(br2)$(l)点击$()按钮用于切换右击、左击、长按，也即选择以何种方式点击。普通攻击需用“左键点击”，投掷三叉戟则应使用“长按鼠标”。“长按鼠标”下方的数字表示按下的时间。"
    },
    {
      "type": "patchouli:text",
      "text": "$(l)目标$()按钮用于设定需点击何种事物。“选定$(l)方块$()”只会点击该处的方块，“选定$(l)空气$()”只会在该处无方块时点击。$(br2)“选定$(l)敌对生物$()”只会点击僵尸等敌对的生物，“选定$(l)友好生物$()”则只会点击绵羊、猪等非敌对的生物。"
    },
    {
      "type": "patchouli:text",
      "text": "“选定$(l)成年生物$()”只会点击成年的生物，比如普通大小的僵尸和绵羊；“选定$(l)幼年生物$()”只会点击幼年生物，例如幼年牛和小僵尸。$(br2)“选定$(l)玩家$()”只会点击玩家。$(br2)最后，“选定$(l)活体$()”以所有活体为目标，诸如玩家、僵尸、幼年绵羊。"
    },
    {
      "type": "patchouli:crafting",
      "title": "初级点击器",
      "recipe": "justdirethings:clickert1"
    }
  ]
}
