{
    "name": "荒漠巨蜥" , 
    "icon": "untamedwilds:textures/icon/monitor/desert.png" , 
    "category": "untamedwilds:monitor_category" , 
    "pages": [
        {
            "type": "text" , 
            "title": "荒漠巨蜥" , 
            "text": "荒漠巨蜥($(o)Varanus griseus$())是有鳞目的一种巨蜥，生活在北非，中亚和南亚，$(br2)荒漠巨蜥是肉食性的，以各种脊椎动物和无脊椎动物为食。"
        } , 
        {
            "type": "entity" , 
            "entity": "untamedwilds:monitor{Variant: 1, Size: 1}" , 
            "text": ""
        } , 
        {
            "type": "text" , 
            "title": "荒漠巨蜥" , 
            "text": "相对大小：\u2605\u2605\u2606\u2606\u2606$(br2)日间活动$(br2)3种肤色$(br2)最喜欢的食物：untamedwilds:food_turtle_raw$(br2)种类数量：5$(br2)成长时间：无天数"
        }
    ]
}