{
  "name": "风弹",
  "icon": "minecraft:wind_charge",
  "category": "reactive:objects_of_study",
  "advancement": "reactive:get_wind_charge",
  "turnin": "reactive:fail_flow_containment",
  "pages": [
    {
      "type": "patchouli:text",
      "text": "$(1)昨天我被邀请观摩试炼密室的一次表演，真是相当激动人心！角斗士们对着强大的怪物左劈右砍，表现非常出色。$(p)在所有的怪物之中，$(thing)旋风人$(1)最让我着迷。"
    },
    {
      "type": "patchouli:text",
      "text": "$(1)我注意到，这些人造生物掉落的蓝色棒状物蕴含着它们内在的能量。但我并不清楚具体是哪种能量，是折跃吗？还是灵魂？$(p)无需多言，我买了一些带到实验室里研究。"
    },
    {
      "type": "patchouli:text",
      "text": "$(1)虽然这种棒状物本身不具反应性，向坩埚中放入$(item)风弹$(1)却会产生剧烈的爆炸。$(p)大部分能量都散逸到了环境中，因此我确信这一过程摧毁了风弹中的能量。"
    },
    {
      "type": "patchouli:text",
      "text": "$(1)更新：$(p)我注意到在爆炸时，空中某个特定的位置会出现蓝色的粒子。我在想⋯⋯$(p)这些推断都只由直觉得来，但如果这种能量会到达那一位置，那么在那里放置正确的物体就能捕获它。"
    },
    {
      "type": "patchouli:crafting",
      "recipe": "reactive:mounted_breeze_rod_crafting",
      "text": "$(1)我设计了一个装置，以期捕获散逸在外的能量。旋风棒应该能传导这种神秘能量，再加上铁环即可控制。$(p)是时候试试看了。"
    }
  ]
}