{
    "name": "钩粉蝶" , 
    "icon": "untamedwilds:textures/icon/butterfly/brimstone.png" , 
    "category": "untamedwilds:butterfly_category" , 
    "pages": [
        {
            "type": "text" , 
            "title": "钩粉蝶" , 
            "text": "Gonepteryx rhamni($(o)指硫磺蝶$())是粉蝶科的一种蝴蝶。$(br2)它广泛生活在古北区，常见于欧洲、亚洲和北非。"
        } , 
        {
            "type": "entity" , 
            "entity": "untamedwilds:butterfly{Variant: 2, Size: 1, hasDimorphism: 1}" ,
            "text": ""
        } , 
        {
            "type": "text" , 
            "title": "钩粉蝶" , 
            "text": "相对大小：\u2605\u2605\u2606\u2606\u2606$(br2)始终活动$(br2)1种肤色$(br2)最喜欢的食物：minecraft:dandelion$(br2)种类数量：4$(br2)成长时间：无天数"
        }
    ]
}