{
  "name": "同化至诅咒",
  "icon": "minecraft:paper",
  "category": "reactive:reactions",
  "advancement": "reactive:reactions/curse_assimilation",
  "pages": [
    {
      "type": "patchouli:text",
      "text": "$(bold)视觉特征：$()$(br)坩埚周围出现烟环。$(p)$(bold)实际效果：$()$(br)诅咒能量侵蚀其他种类的能量。诅咒含量较高时会伤害周围生物。"
    },
    {
      "type": "reactive:reaction",
      "reaction": "curse_assimilation"
    }
  ]
}