{
  "name": "坩埚",
  "icon": "reactive:crucible",
  "category": "reactive:intro",
  "pages": [
    {
      "type": "patchouli:text",
      "text": "$(item)能量坩埚$()是$(thing)炼金术的重要工具$()。其将物质转换为原始$(thing)炼金能量$()的独特能力则是获取这些能量的简易手段。$(br2)此外，它还是$(thing)嬗变$(0)的媒介和发生$(4)反应$(0)的好用容器。"
    },
    {
      "type": "patchouli:spotlight",
      "item": "reactive:crucible",
      "text": "首先，需将$(item)坩埚$()放置在$(thing)世界中$()。然后，需要手动向$(item)其$()中注入水。遗憾的是，其各侧面的坚护本性阻止了$(thing)自动化管道$()访问其内部。$(br2)$(o)Shift+右击即可将其清空。"
    },
    {
      "type": "patchouli:text",
      "text": "向$(item)坩埚$()中加入带有$(thing)能量$()的物品时，其中的$(thing)能量$()会被抽出。通常情况下，相应物品的$(thing)存在会崩解$()，不过也有特定情况会产生副产物。$(br2)坩埚中的能量可能会改变水的颜色和运动模式。"
    },
    {
      "type": "patchouli:text",
      "text": "某些能量同时存在于溶液中时会迅速开始反应。粒子飞出坩埚或在坩埚周围盘旋便是发生反应的现象！$(br2)警告一句：某些反应对周围生物有危害，对你自己也一样。$(br2)溶解的能量可用来将物品嬗变为其他物品，配方示例可见$(l:reactive:results/stardust)此处$(/l)。"
    },
    {
      "type": "patchouli:text",
      "text": "$(1)工程方面事项：$(p)面对坩埚时，$(item)发射器$(1)可装填或清空$(l:reactive:objects_of_study/bottles)能量之瓶$(/l)。$(p)$(item)漏斗(1)可自动向坩埚加入物品，从侧面加入也可。$(p)最后一点，产物会从坩埚中弹出，弹起的高度足以让其被水流捕获。"
    }
  ],
  "extra_recipe_mappings": {
    "reactive:crucible": 4
  }
}