{
  "name": "技术要点",
  "icon": "reactive:litmus_paper",
  "category": "reactive:intro",
  "advancement": "reactive:make_crucible",
  "priority": true,
  "pages": [
    {
      "type": "patchouli:text",
      "text": "$(o)以下是几个需格外注意的特性。"
    },
    {
      "type": "reactive:transmute",
      "recipe": "litmus_paper",
      "anchor": "litmus",
      "text": "$(item)石蕊试纸$(0)是一种经过特殊处理的纸页，可用于测量坩埚中能量的强度。$(p)$(o)手持时右击使用即可测量，Shift+右击即可读出结果。"
    },
    {
      "type": "patchouli:text",
      "text": "$(o)$(item)石蕊试纸$(0)也会说明坩埚中的能量能否发生反应，若不能则还会说明为什么。这些说明一般都很简单易懂，但仍需注意它们只会解释$(4)多种可能反应中的一种$(0)。$(br2)实际使用时会遵从一个优先级系统，以确保说明的是最可行的反应。"
    },
    {
      "type": "patchouli:text",
      "text": "$(thing)嬗变$(0)（将某一物品转变为另一物品）只会在总能量达到某一阈值时才进行。特别地，所有反应物均存在且至少一种超过该阈值时，也会发生嬗变。"
    },
    {
      "type": "patchouli:spotlight",
      "item": "reactive:body_bottle",
      "text": "$(o)形体能量会抑制反应的进行。如果嬗变的能量组合不好凑出，向其中加入形体即可。"
    },
    {
      "type": "patchouli:crafting",
      "recipe": "reactive:shulker_crucible_crafting",
      "text": "$(o)我很久之前在书中发现了这个配方。也许是在讲一个可移动的坩埚？$(br2)试试看应该值得，但必须先搞清楚那个紫色的东西究竟是什么。"
    },
    {
      "type": "patchouli:text",
      "text": "$(item)能量法杖$(0)的制作过程中，反应顺序与金徽记下各秘密能量反应顺序相同。$(p)$(4)$(bold)爆破$(br)起沫$(br)标格破坏$()$(p)顺序即是如此。"
    }
  ]
}