{
  "name": "item.arsomega.spell_sigil_petrify",
  "icon": "arsomega:spell_sigil_petrify",
  "category": "arsomega:spell_sigils",
  "pages": [
    {
      "type": "patchouli:spotlight",
      "item": "arsomega:spell_sigil_petrify",
      "text": "石化印记会将周围所有生物化作石头，施法者不受影响。相较于石化仪式，这种方式效力更强且实现更简单，也使得其极度危险。我必须阻止这知识落入歹徒之手。"
    },
    {
      "type": "text",
      "text": "施法图案：$(br) -  - - x x x - x x x - - - $(br) - - - x - x x x - x - - - $(br) - - x x x - - - x x x - - $(br) x x x - x x x x x - x x x $(br) x - x x x - x - x x x - x $(br) x x - x - x x x - x - x x $(br) - x - x x x S x x x - x - $(br) x x - x - x x x - x - x x $(br) x - x x x - x - x x x - x $(br) x x x - x x x x x - x x x $(br) - - x x x - - - x x x - - $(br) - - - x - x x x - x - - - $(br) - - - x x x - x x x - - - $(br) $(br)魔力消耗：800"
    },
    {
      "type": "patchouli:crafting",
      "recipe": "arsomega:spell_sigil_petrify"
    }
  ]
}