{
    "name": "蓝鲶" , 
    "icon": "untamedwilds:textures/icon/catfish/blue.png" , 
    "category": "untamedwilds:catfish_category" , 
    "pages": [
        {
            "type": "text" , 
            "title": "蓝鲶" , 
            "text": "蓝鲶($(o)Ictalurus furcatus$())是北美洲最大的鲶鱼，身长165厘米($(o)65英寸$())，重达68千克($(o)150磅)。$(br2)长度基本约为25\u201346英寸($(o)64\u2013117厘米)。$(br2)这种鱼可以活20年。"
        } , 
        {
            "type": "entity" , 
            "entity": "untamedwilds:catfish{Variant: 0, Size: 1}" , 
            "text": ""
        } , 
        {
            "type": "text" , 
            "title": "蓝鲶" , 
            "text": "相对大小：\u2605\u2605\u2605\u2606\u2606$(br2)始终活动$(br2)1种肤色$(br2)最喜欢的食物：untamedwilds:chum$(br2)种类数量：5$(br2)成长时间：6天"
        }
    ]
}