{
    "name": "金胡萝卜咖啡",
    "icon": "coffeecraft:coffee_carrot",
    "category": "coffeecraft:coffee",
    "pages": [
        {
            "type": "patchouli:text",
            "text": "探索我们金胡萝卜咖啡的焕发活力之力，金胡萝卜的鲜活精华为每一口咖啡注入新的活力。体验焕发活力的混合物，激发感官，为经典咖啡体验带来全新体验。"
        },
        {
            "type": "coffeecraft:template_coffee_crafting",
            "text": "调制金胡萝卜咖啡！",
            "item0": "coffeecraft:coffee_powder#2",
            "item1": "minecraft:golden_carrot",
            "item2": "minecraft:air",
            "result": "coffeecraft:coffee_carrot"
        }
    ]
}