{
    "name": "大草原响尾蛇" , 
    "icon": "untamedwilds:textures/icon/snake/western_rattlesnake.png" , 
    "category": "untamedwilds:snake_category" , 
    "pages": [
        {
            "type": "text" , 
            "title": "大草原响尾蛇" , 
            "text": "Crotalus viridis ($(o)Common names: prairie rattlesnake, Great Plains rattlesnake,$())是一种原产于美国西部、加拿大西南部和墨西哥北部的毒蛇。"
        } , 
        {
            "type": "entity" , 
            "entity": "untamedwilds:snake{Variant: 16, Size: 1}" , 
            "text": ""
        } , 
        {
            "type": "text" , 
            "title": "大草原响尾蛇" , 
            "text": "相对大小：\u2605\u2605\u2606\u2606\u2606$(br2)始终活动$(br2)1种肤色$(br2)最喜欢的食物：minecraft:rabbit$(br2)种类数量：4$(br2)成长时间：6天"
        }
    ]
}