{
  "name": "可怕的悬浊剂",
  "icon": "minecraft:black_dye",
  "category": "reactive:objects_of_study",
  "advancement": "reactive:reactions/omen_settling",
  "turnin": "reactive:reactions/ominous_transformation",
  "pages": [
    {
      "type": "patchouli:text",
      "text": "啊哈！只是测量这一反应的产物就让一切都明朗起来了。$(p)这种所谓的$(thing)预兆能量$(0)只是$(thing)灵魂能量$(0)和$(l:reactive:intro/curse)另一种事物$(/l)的悬浊剂。$(p)这也就是说，我对基础能量的模型不会出现问题了！"
    },
    {
      "type": "patchouli:text",
      "text": "不过这也不全是好消息。$(p)那$(l:reactive:intro/curse)另一种组分$(/l)在坩埚外相当危险。而且，它还会立即吸收$(thing)灵魂能量$(0)，我甚至没机会取出。要是能操作得更快就好了⋯⋯"
    },
    {
      "type": "patchouli:text",
      "text": "$(o)我在此处附上了从遥远的宅邸中找到的一份笔记。也许你能理解它⋯⋯$()$(p)$(8)倾注黑暗溶于埚，$(br)搅拌直至时日昏。$(br)暗黑利爪攫精气，$(br)狱焰灼焚即告成。"
    }
  ]
}