{
  "name": "裂空基座",
  "icon": "reactive:rending_plinth",
  "category": "reactive:items",
  "advancement": "reactive:get_rending_plinth",
  "pages": [
    {
      "type": "patchouli:spotlight",
      "item": "reactive:rending_plinth",
      "text": "$(6)你是第一个制造这种设备的人，但了解其工作原理也非常重要。我可以提供帮助。$(p)此设备在闲置状态下表现为惰性。使用时必须先制造一个$(l:reactive:results/teleportation)链缚折跃之瓶$(/l)。如果你在这一步卡住了，可先研究$(thing)末影珍珠$(6)。"
    },
    {
      "type": "patchouli:text",
      "text": "$(6)手持这种能量之瓶，再把它的内容物倒在基座上。基座便会捕获并扩张其中裂隙，而后稳定为可无限次穿越的传送门，其目标即为瓶中的目的地，甚至可跨越维度传送。$(p)只要基座不被拆除，裂隙就可一直存在。"
    },
    {
      "type": "patchouli:text",
      "flag": "|mod:iris,mod:oculus",
      "text": "$(6)似乎你和本模组一同安装了$(thing)Iris$(6)或$(thing)Oculus$(6)。如此可能会对本方块的视觉效果有不良影响，但可通过微调光影包修复。$(p)具体操作参见$(l:https://github.com/hjake123/reactive/wiki/Iris-Shader-Compatibility)此维基页面$(/l)。$(p)也可在客户端配置中禁用光源渲染门径。"
    }
  ]
}
