{
  "name": "无电电池",
  "icon": "reactive:curse_cell",
  "category": "reactive:objects_of_study",
  "advancement": "reactive:be_cursed",
  "turnin": "reactive:see_crucible_fail",
  "pages": [
    {
      "type": "patchouli:text",
      "text": "$(o)炼金术的久远难题之一便是，如何在不清空坩埚的情况下移除痕量的能量。$(br2)难题如今已不再。$(br2)将诅咒能量注入$(item)电激单元$(0)，就制造出了一种对能量有着无尽渴望的装置。"
    },
    {
      "type": "reactive:transmute",
      "recipe": "curse_cell",
      "text": "$(o)$(thing)基础能量$(0)可以从坩埚的足部导出，这种装置就利用了这种性质。$(br2)$(thing)基础能量$(0)之外的能量不受影响。"
    },
    {
      "type": "patchouli:text",
      "text": "$(o)而由于坩埚并不是为这种操作设计的，在上方坩埚中没有能量时，我有预感这种装置会产生问题。需要进一步研究。"
    }
  ]
}