{
  "name": "可能的修复方式",
  "icon": "minecraft:diamond",
  "category": "arsomega:strange_portal",
  "advancement": "arsomega:book_and_shard",
  "pages": [
    {
      "type": "text",
      "text": "[来自卡兹·卡特的笔记]我在其他文献中找到了有关我找到的神秘玻璃的记载。那些文字看起来\u22EF\u22EF莫名熟悉。我是知道它们的来历吗？但我能确定我从未发现过它们\u22EF\u22EF"
    },
    {
      "type": "text",
      "text": "[另一篇笔记，时间稍晚]在回看我的笔记后，我相信这碎片和我之前发现的神秘框架是契合的。我会回到那里并看看我能不能从中找到灵感。"
    }
  ]
}