{
    "name": "咖啡机",
    "icon": "coffeecraft:coffee_maker_black",
    "category": "coffeecraft:machine",
    "pages": [
        {
            "type": "patchouli:text",
            "text": "咖啡机是制作自己的咖啡的必备工具。使用前请在它背后的水箱中加入足够的水！咖啡机目前有黑白两种配色可以选择。"
        },
        {
            "type": "patchouli:crafting",
            "recipe": "coffeecraft:coffee_maker_black_craft",
            "recipe2": "coffeecraft:coffee_maker_white_craft"
        }
    ]
}