{
  "name": "动物",
  "category": "world",
  "icon": "bewitchment:owlets_wing",
  "pages": [
	{
	  "type": "text",
	  "text": "在你的旅途中可能发现的动物的尺寸和长相"
	},
	{
	  "type": "empty",
	  "draw_filler": false
	},
	{
	  "type": "text",
	  "title": "猫头鹰",
	  "text": "一种通常以兔子和其他小动物作为猎物的鸟。它优雅地飞行在茂密森林中，同样，它可以将这份优雅带给女巫。"
	},
	{
	  "type": "entity",
	  "entity": "bewitchment:owl",
	  "scale": 0.75
	},
	{
	  "type": "text",
	  "title": "乌鸦",
	  "text": "一种生活在森林中的黑色鸟类。乌鸦以它们对亮晶晶的小玩意的喜爱而闻名，比如金银粒等。在想掌握法术的女巫中，乌鸦也是广受欢迎的鸟类。"
	},
	{
	  "type": "entity",
	  "entity": "bewitchment:raven",
	  "scale": 0.75
	},
	{
	  "type": "text",
	  "title": "蛇",
	  "text": "一种以小动物为食的有毒爬行动物。这种蛇的毒液也可以用玻璃瓶来收集。蛇以自身对精神体的强大联系性而闻名，包括恶魔，并且可以将这种能力分享给胆子大到主动寻找这种动物的女巫。"
	},
	{
	  "type": "entity",
	  "entity": "bewitchment:snake",
	  "scale": 0.425
	},
	{
	  "type": "text",
	  "title": "蟾蜍",
	  "text": "淡水域，特别是沼泽附近的一种两栖动物，以无脊椎动物来喂养。蟾蜍由于可以帮助女巫提高酿造工艺而闻名。"
	},
	{
	  "type": "entity",
	  "entity": "bewitchment:toad",
	  "scale": 0.75
	},
	{
	  "type": "text",
	  "title": "蜥蜴",
	  "text": "一种遍布于茂密森林和干旱土地的常见爬行动物，喜欢吃节肢动物，包括蜘蛛。"
	},
	{
	  "type": "entity",
	  "entity": "bewitchment:lizard",
	  "scale": 0.5
	}
  ]
}
