{
    "name": "袋装的新鲜咖啡豆",
    "icon": "coffeecraft:bag_coffee_bean",
    "category": "coffeecraft:decoration",
    "pages": [
        {
            "type": "patchouli:text",
            "text": "咖啡豆袋可一次性储存大量咖啡。这既可用于运输，也可用于室内装饰。"
        },
        {
            "type": "patchouli:crafting",
            "recipe": "coffeecraft:bag_coffee_bean_craft",
            "recipe2": "coffeecraft:bag_coffee_bean_craft_2"
        }
    ]
}