{
    "name": "强化",
    "icon": "bigreactors:reinforced_reactorcasing",
    "category": "bigreactors:turbine-variants",
    "read_by_default": true,
    "sortnum": 2,
    "pages": [
        {
            "type": "patchouli:text",
            "text": "强化版的涡轮机足够大到你需要或你想要的尺寸，用以生产巨量能量。$(br2)可以由玩家，整合包作者或服务器管理员在极限反应堆的配置文件中修改（最大为256个方块）$(br2)基础涡轮机可以使用高达2000mb/t的蒸汽来驱动转子旋转。"
        },
        {
            "type": "patchouli:text",
            "text": "强化涡轮机的结构更加完整，但制造成本更高，原料利用效率也不如其他类型，但它们超高的发电量是无法被超越的。"
        }
    ]
}