{
  "name": "蛤蜊",
  "icon": "mysticalworld:pearl",
  "category": "creatures",
  "flag": "roots:clam",
  "pages": [
    {
      "type": "animal_spawn_info",
      "animal": "clam",
      "breed": "繁殖物品：无法繁殖。",
      "tame": "驯服物品：无法驯服。",
      "blurb": "有了$(l:items/pearleporter)珍珠提取器$()，珍珠就成了可再生资源！"
    },
    {
      "type": "entity",
      "name": "蛤蜊",
      "entity": "mysticalworld:entity_clam",
      "scale": 0.6,
      "offset": 0.4,
      "text": "成熟的蛤蜊会发出粒子效果，被杀死后会掉落一颗$(l:items/pearl)珍珠$()（特殊的蛤蜊还可能掉落末影珍珠！）。"
    }
  ]
}
