{
  "name": "青蛙",
  "icon": "minecraft:slime_ball",
  "category": "creatures",
  "flag": "roots:frog",
  "pages": [
    {
      "type": "animal_spawn_info",
      "animal": "frog",
      "breed": "繁殖物品：棕色蘑菇。",
      "tame": "驯服物品：无法驯服。",
      "blurb": ""
    },
    {
      "type": "entity",
      "name": "青蛙",
      "entity": "mysticalworld:entity_frog",
      "scale": 1.5,
      "offset": -0.3,
      "text": "这些青蛙在跳来跳去时偶尔会产下粘液蛋！"
    }
  ]
}
