{
  "name": "纯净石英",
  "icon": "reactive:quartz",
  "category": "reactive:intro",
  "advancement": "reactive:make_crucible",
  "pages": [
    {
      "type": "patchouli:spotlight",
      "item": "reactive:quartz",
      "text": "纯净石英是矿物石英的原生清澈版本。它也是向$(item)紫水晶碎片$(0)和$(item)回响碎片$(0)释放隐藏能量的副产物。"
    },
    {
      "type": "reactive:dissolve",
      "reactant": "minecraft:amethyst_shard",
      "text": "$(o)紫水晶进去，纯净石英出来。"
    },
    {
      "type": "reactive:transmute",
      "recipe": "pure_quartz_from_nether_quartz",
      "text": "也有这种替代配方，对$(item)紫水晶$(0)短缺的人很有用。"
    },
    {
      "type": "patchouli:crafting",
      "recipe": "reactive:pure_quartz_block_crafting",
      "text": "纯净石英也可制成一种相当清澈且坚固的玻璃。其炼金性质的惰性也许还有其他用词。"
    },
    {
      "type": "patchouli:crafting",
      "recipe": "reactive:quartz_bottle_crafting",
      "text": "$(o)你甚至能用它做个漂亮的小瓶子！"
    }
  ]
}