{
    "name": "铁蜜蜂",
    "icon": "minecraft:iron_ingot",
    "read_by_default": true,
    "category": "productivebees:bees_hive",
    "flag": "productivebees:iron",
    "pages": [
        {
            "type": "patchouli:text",
            "title": "Iron Bee",
            "text": "由 $(l:bees/wild/crystalline)石英蜜蜂$(/l) 和 $(l:bees/solitary/ashy_mining)灰烬穴居蜜蜂$(/l).繁殖",
            "anchor": "iron"
        },
        {
            "type": "patchouli:entity",
            "entity": "productivebees:configurable_bee{type:'productivebees:iron'}"
        }
    ]
}