{
  "name": "Demonite",
  "icon": "bloodmagic:dungeon_ore",
  "category": "bloodmagic:dungeons",
  "extra_recipe_mappings": {
    "bloodmagic:dungeon_ore": 0,
    "bloodmagic:rawdemonite": 0
  },
  "pages": [
    {
      "type": "patchouli:text",
      "text": "$(item)Demonite Ore$() can only be found within $(thing)Dungeons$(), specifically in $(thing)The Mines$(), accessed by finding a $(item)Foreman's Key$() somewhere within the mazelike structure and using it to unlock a $(thing)Spatial Distortion$(). It can be used to make $(item)Hellforged Ingots$() or $(item)Hellforged Sand$(). $(br2)When mined with Silk Touch, the ore can be harvested directly, but otherwise, it will drop clumps of $(item)Raw Demonite$()."
    },
    {
      "type": "patchouli:smelting",
      "heading": "Hellforged Ingot",
      "recipe": "bloodmagic:smelting/ingot_from_demonite",
      "recipe2": "bloodmagic:smelting/ingot_from_raw_hellforged",
      "recipe3": "bloodmagic:smelting/ingot_hellforged"
    },
    {
      "type": "patchouli:smelting",
      "heading": "Hellforged Ingot",
      "recipe": "bloodmagic:smelting/ingot_hellforged"
    },
    {
      "type": "bloodmagic:3x_crafting_arc",
      "a.heading": "Hellforged Sand",
      "a.recipe": "bloodmagic:arc/dustsfrom_gravel_hellforged",
      "b.recipe": "bloodmagic:arc/dustsfrom_ore_hellforged",
      "c.recipe": "bloodmagic:arc/dustsfrom_raw_hellforged"
    },
    {
      "type": "bloodmagic:2x_crafting_arc",
      "a.heading": "Demonite Processing",
      "a.recipe": "bloodmagic:arc/fragmentshellforged",
      "b.recipe": "bloodmagic:arc/gravelshellforged"
    },
    {
      "type": "patchouli:crafting",
      "heading": "Hellforged Block",
      "recipe": "bloodmagic:hellforged_block"
    }
  ]
}