{
  "name": "初级替换器",
  "sortnum": 13,
  "category": "justdirethings:machines",
  "icon": "justdirethings:blockswappert1",
  "pages": [
    {
      "type": "patchouli:text",
      "text": "初级替换器专为替换世界中的方块和实体而设计，实际体现为一对替换器间相互交换。$(br2)将替换器放置下来后，使用核源铁扳手右击第一个替换器，再右击第二个。绑定成功后会有消息提示。$(br2)界面中此时会有一个绿色按钮显示所绑定的位置。"
    },
    {
      "type": "patchouli:text",
      "text": "$(l)方块$()按钮用于切换是否交换方块。启用时，配对的替换器会交换其前方的方块；禁用时则会忽略方块。$(br2)$(l)实体$()按钮的功能与$(l:justdirethings:mach_clickert1)初级点击器$(/l)的类似。"
    },
    {
      "type": "patchouli:text",
      "text": "交换方块时，箱子等方块实体也会被交换。$(br2)可以借此替换不同的箱子和机器，也可以交换世界上任意两种方块。"
    },
    {
      "type": "patchouli:text",
      "text": "交换实体时，可以把它看作两位置间简单的传送手段（以玩家为目标时），也可以把捕获的生物和实体送到其他位置。$(br2)例如，在其前方放出一个幼年生物，再设置为“选定成年生物”。幼年生物长大之后就会立刻被传送走！"
    },
    {
      "type": "patchouli:crafting",
      "title": "初级替换器",
      "recipe": "justdirethings:blockswappert1"
    }
  ]
}
