{
  "name": "瞬间破坏",
  "sortnum": 1,
  "category": "justdirethings:upgrades",
  "icon": "justdirethings:upgrade_instabreak",
  "pages": [
    {
      "type": "patchouli:text",
      "text": "瞬间破坏升级是挖掘作业的速通途径。在$(l:justdirethings:res_time_crystal)时间水晶$(/l)的协助下，加装有此升级的工具能够瞬间破坏方块，获取资源需耗费的时间也因此大幅缩短。$(br2)注意：能耗会因方块硬度的上升而大幅上涨。破坏黑曜石的耗能比破坏石头要多出许多。"
    },
    {
      "type": "patchouli:crafting",
      "title": "瞬间破坏升级的配方",
      "recipe": "justdirethings:upgrade_instabreak"
    }
  ]
}
