{
    "name": "土狼" , 
    "icon": "untamedwilds:textures/icon/hyena/aardwolf.png" , 
    "category": "untamedwilds:hyena_category" , 
    "pages": [
        {
            "type": "text" , 
            "title": "土狼" , 
            "text": "土狼($(o)Proteles cristata$())是鬣狗科的一种食虫哺乳动物，原产于东非和南非。$(br2)它的名字在南非语和荷兰语中意思是是\"earth-wolf\"。$(br2)不同于食肉目中的许多近亲，土狼不捕食大型动物。"
        } , 
        {
            "type": "entity" , 
            "entity": "untamedwilds:hyena{Variant: 0, Size: 1}" , 
            "text": ""
        } , 
        {
            "type": "text" , 
            "title": "土狼" , 
            "text": "相对大小：\u2605\u2605\u2606\u2606\u2606$(br2)夜间活动$(br2)1种肤色$(br2)最喜欢的食物：minecraft:rotten_flesh$(br2)种类数量：2$(br2)成长时间：4天"
        }
    ]
}