{
  "name": "Living Hoe",
  "icon": "roots:living_hoe",
  "category": "crafting_armor_tools_living",
  "read_by_default": true,
  "pages": [
    {
      "type": "text",
      "text": "Living tools have a significant advantage over other tools in that they repair themselves as time passes.$(br2)$(info) The living hoe especially can be used to break grass and plants in a larger radius.$(br2)Living tools can be manually repaired in an anvil or imbuer using any type of bark."
    },
    {
      "type": "fey_crafting_template",
      "recipe": "living_hoe"
    },
    {
      "type": "relations",
      "anchor": "related",
      "entries": [
        "crafting/fey_crafter",
        "crafting/terrastone_hoe",
        "crafting/runed_plough",
        "resources/bark"
      ]
    }
  ]
}