{
	"name": "mysticalworld.guidebook.name",
	"advancement_namespaces": [
		"mysticalworld"
	],
	"creative_tab": "mysticalworld",
	"advancements_tab": "mysticalworld",
	"landing_text": "mysticalworld.guidebook.landing_text",
	"book_texture": "mysticalworld:textures/gui/book.png",
	"filler_texture": "mysticalworld:textures/gui/patchouli/book_filler.png",
	"model": "mysticalworld:guidebook",
	"version": 1,
	"show_progress": false,
	"macros": {
		"$(info)": "$(thing)$(bold)$(t:Important Detail)[!]$()",
		"$(warning)": "$(#f00)$(bold)$(t:Warning)[!]$()"
	}
}
