{
	"name": "电气时代",
	"category": "assemblylinemachines:walkthrough",
	"icon": "assemblylinemachines:item_pipe",
	"pages":[
		{
			"type": "text",
			"text": "你拥有了黑色花岗岩，现在你可以制作$(item)基础能量管道$()，一个$(item)曲柄引擎$()还有一个$(item)电力净化仓。$()曲柄引擎从齿轮箱的动能中产生能量。$()$(p)$(l:blocks/pipes)点击这个连接以了解更多关于管道的信息。$(/l)"
		},
		{
			"type": "crafting",
			"recipe": "assemblylinemachines:crafting/crankmill",
			"recipe2": "assemblylinemachines:crafting/electric_purifier"
		},
		{
			"type": "text",
			"text": "如果齿轮箱接受了燃料输入，并且一切布线都正确的话，电力净化仓将会接收能量。太棒了！$(p)电力净化仓能简化获得纯金属锭的过程。将沙子和沙砾与一个锭一起放入机器，它将输出一个纯金属锭。$(p)这个过程对于得到下一阶段的物品：$(item)纯钢锭$()是必要的。"
		},
		{
			"type": "crafting",
			"recipe": "assemblylinemachines:crafting/conduction_component",
			"recipe2": "assemblylinemachines:crafting/temperature_regulator",
			"title": "制作组件"
			
		},
		{
			"type": "crafting",
			"recipe": "assemblylinemachines:crafting/alloy_smelter",
			"text": "现在我们可以通过你已知的方式获得钢板，我们可以制作一系列机器，其中包括$(item)合金炉$()。$(p)关于其他机器的信息，请查看方块章节。"
		},
		{
			"type": "crafting",
			"recipe": "assemblylinemachines:crafting/empowered_conduction_component",
			"title": "制作组件",
			"text": "$(item)充能金锭$()通过在合金炉中混合金板与红石粉获得。它的板也可以用你已知的方式合成。$(7)$(p)译者注：此处描述可能并不准确，但原文确是如此。"
		},
		{
			"type": "text",
			"text": "合金炉不需要熔岩就可以制作钢锭。你也可以用它来制作$(5)$(l)秘稀锭$()。它的合成路线如下：$(li)将青金石粉与红石粉在搅拌器中与熔岩混合得到$(5)秘稀混合物$()。$(li)在合金炉中将下界合金粉与充能金锭混合得到充能下界合金混合物$(li)将秘稀混合物与充能下界合金混合物在合金炉中混合，获得$(item)秘稀锭。"
		},
		{
			"type": "crafting",
			"recipe": "assemblylinemachines:crafting/mystium_dowsing_rod",
			"text": "现在我们有了秘稀，我们可以制作一个简单的工具：$(item)秘稀探测棒$()$(p)这个实用的工具可以帮助你在主世界中寻找$(l)石油$()。此外，你还需要去末地寻找铬矿。"
		},
		{
			"type": "crafting",
			"recipe": "assemblylinemachines:crafting/pneumatic_device",
			"recipe2": "assemblylinemachines:crafting/steel_tank_component",
			"title": "制作组件"
		},
		{
			"type": "crafting",
			"recipe": "assemblylinemachines:crafting/fluid_regulator",
			"recipe2": "assemblylinemachines:crafting/pumpshaft"
		},
		{
			"type": "crafting",
			"recipe": "assemblylinemachines:crafting/pump",
			"text": "$(o)$(7)秘稀和铬板可以用你已知的方式合成。$()$(p)在这之后，你应该还剩下探测棒，泵还有泵轴。$(7)$(p)译者注：此处描述可能并不准确，但原文确是如此。"
		},
		{
			"type": "text",
			"text": "当在一个区块中使用探测棒时，如果探测出了什么，它会告诉你有什么流体。你能找到水，熔岩，石油甚至更多流体！$(p)石油能在主世界中找到，它的含量较少。一旦找到，在区块的任意位置放置泵，如右图所示，提供能量然后看石油产生，直到区块内的含量耗尽。$(7)$(p)提示：储罐被打破后会保留其中内容。"
		},
		{
			"type": "multiblock",
			"multiblock":{
				"mapping":{
					"t": "assemblylinemachines:steel_fluid_tank",
					"0": "assemblylinemachines:pump",
					"s": "assemblylinemachines:pumpshaft"
				},
				"pattern":[
					["t"], ["0"], ["s"], [" "]
				]
			},
			"name": "泵",
			"enable_visualize": false,
			"text": "$(7)$(o)同样去下界和末地探测试试！"
		},
		{
			"type": "text",
			"text": "接下来，我们会开始处理迄今为止遇到过最大的挑战：$(item)精炼厂$()。这个多方快结构接受物品与流体，并且根据附件来处理，然后返回流体或物品。$(p)我建议在“方块”章节研究发电。$(p)在它的合成路线中，你还需要$(item)不锈钢板$()，它通过在合金炉中混合铬板与钢板得到。"
		},
		{
			"type": "crafting",
			"title": "制作组件",
			"recipe": "assemblylinemachines:crafting/stainless_steel_tank_component",
			"recipe2": "assemblylinemachines:crafting/refinery"
		},
		{
			"type": "crafting",
			"recipe": "assemblylinemachines:crafting/upgrades/machine_upgrade_gas",
			"title": "气体升级",
			"text": "对于所有以气体为输入物的精炼厂来说，这个升级是$(l)必须的$(),如果气体为产物则没有必要。"
		},
		{
			"type": "text",
			"text": "你的需求会有所不同，但对于塑料和橡胶的加工，你可能需要以下才能最有效地进行：$(li)5 精炼厂。$(li)1 卤素反应室附件。$(li)2 裂化室附件。$(li)2 加成反应附件。$(li)4 气体处理升级。$(li)1 流体调节器。$(li)大量的管道。$(li)大量的能量。"
		},
		{
			"type": "crafting",
			"recipe": "assemblylinemachines:crafting/coal_generator",
			"recipe2": "assemblylinemachines:crafting/fluid_router",
			"title": "其他合成"
		},
		{
			"type": "crafting",
			"recipe": "assemblylinemachines:crafting/refinery_attachment_halogen",
			"recipe2": "assemblylinemachines:crafting/refinery_attachment_cracking",
			"title": "精炼厂附件"
		},
		{
			"type": "crafting",
			"recipe": "assemblylinemachines:crafting/refinery_attachment_separation",
			"recipe2": "assemblylinemachines:crafting/refinery_attachment_addition",
			"title": "精炼厂附件"
		},
		{
			"type": "text",
			"text": "好！真是好极了。精炼厂可以从任意面接收能量以及原料，产物的输出也是如此。附件需要放置在精炼厂上方才能工作。下面几页将概述塑料和橡胶的获取方式。"
		},
		{
			"type": "spotlight",
			"item": "assemblylinemachines:rubber_ball",
			"link_recipe": true,
			"text": "石油的两种组分之一。$(li)将石油通过卤素反应器精炼厂分解为$(item)丙烷$()。$(li)将丙烷通过裂化室精炼厂裂化成$(item)丙烯$()。$(li)在加成反应精炼厂中混合木炭粉和丙烯。"
		},
		{
			"type": "spotlight",
			"item": "assemblylinemachines:plastic_ball",
			"link_recipe": true,
			"text": "石油的两种组分之一。$(li)将石油通过卤素反应器精炼厂分解为$(item)乙烷$()。$(li)将乙烷通过裂化室精炼厂裂化成$(item)乙烯$()。$(li)在加成反应精炼厂中混合木炭粉和乙烯。"
		},
		{
			"type": "crafting",
			"recipe": "assemblylinemachines:crafting/pneumatic_compressor",
			"text": "塑料和橡胶球可以在气动压缩机中制成$(item)塑料和橡胶片$()。$(p)和以往一样，你也可以用锤子完成这个过程。$(7)$(p)译者注：此处描述可能并不准确，但原文确是如此。"
		},
		{
			"type": "text",
			"text": "现在你在电气时代的漫长时间终于要结束了。开始你对$(l:age4)合成时代$()的探索。"
		}
		
	],
	"sortnum": 3,
	"read_by_default": true
}