{
	"name": "合成时代",
	"category": "assemblylinemachines:walkthrough",
	"icon": "assemblylinemachines:plastic_sheet",
	"sortnum": 4,
	"read_by_default": true,
	"pages":[
		{
			"type": "text",
			"text": "现在你有了$(thing)塑料$()，你会需要制造$(item)调谐钛锭$()$(p)这种合金必须在$(thing)升级的电力净化仓$()中制作。查阅$(l:items/upgrades#purifierfiltering)过滤升级$(/l)获取更多信息。"
		},
		{
			"type": "spotlight",
			"item": "assemblylinemachines:attuned_titanium_ingot",
			"link_recipe": true,
			"text": "将$(thing)一个末影珍珠和一份秘稀混合物$()作为过滤介质,并且将$(item)一个纯钛锭$()放入主位置以获得$(9)一个调谐钛锭$()。"
		},
		{
			"type": "spotlight",
			"item": "assemblylinemachines:flerovium_ingot",
			"link_recipe": true,
			"text": "你可以这样获得$(thing)鈇锭$()：将一个秘稀块放置在$(4)熵$()含量大于50%的熵反应堆旁边，秘稀块将会变成$(thing)鈇块$()。"
		},
		{
			"type": "spotlight",
			"item": "assemblylinemachines:prismatic_dust",
			"link_recipe": true,
			"text": " 此外你也可以通过熵反应堆制造世界腐化来获取$(3)棱镜玫瑰$()。只需要将一些小花，比如虞美人或者蒲公英，放置在熵反应堆附近即可获取棱镜玫瑰。$(p)将棱镜玫瑰在磨粉机中制成$(item)棱镜粉$()。"
		},
		{
			"type": "spotlight",
			"item": "assemblylinemachines:raw_novasteel_compound",
			"link_recipe": true,
			"text": "现在，我们可以将他们一起放入合金炉并且获得最终的合金：$(9)新星钢$()。$(p)将一个鈇锭和一个调谐钛锭在合金炉中混合可以得到两个粗制新星钢复合物。"
		},
		{
			"type": "spotlight",
			"item": "assemblylinemachines:nova_blend",
			"link_recipe": true,
			"text": "将一份秘稀混合物和一份棱镜粉在搅拌器中与浓缩虚空混合可以得到两份新星混合物。"
		},
		{
			"type": "spotlight",
			"item": "assemblylinemachines:novasteel_ingot",
			"anchor": "novasteel",
			"link_recipe": true,
			"text": "最后，在合金炉中混合一个粗制新星钢复合物和一份新星混合物，即可得到一个$(9)新星钢锭$()。$(p)在这个流程中量产鈇锭时遇到了困难？试试$(l:blocks/entropy_reactor#entropicharnesser)熵约束器升级$(/l)。"
		},
		{
			"type": "text",
			"text": "随着$(thing)新星钢锭$()被收入囊中，你已经度过了合成时代，这篇结构化教程也走到了尾声。然而这并不意味着这个 mod 到此结束，还有很多内容本文没有列出，所以你能用本模组做什么、造出什么机械仍是未知数。$(p)$(l)感谢你游玩 Assembly Line Machines！"
		},
		{
			"type": "relations",
			"entries":[
				"assemblylinemachines:blocks/generators",
				"assemblylinemachines:blocks/mob_farming",
				"assemblylinemachines:blocks/quantum_link",
				"assemblylinemachines:blocks/quarry",
				"assemblylinemachines:blocks/pipes",
				"assemblylinemachines:items/novasteel_tools",
				"assemblylinemachines:blocks/corrupting_basin"
			],
			"title": "Further Reading",
			"text": "渴望了解更多吗？看看这些精心挑选出来的文章，里面写了一些本文未曾提到的东西，它们能保证你有一个愉悦的游戏体验。"
		}
		
	]
}