{
  "name": "内在收获",
  "icon": "reactive:acid_bottle",
  "category": "reactive:results",
  "advancement": "reactive:activate_eye",
  "turnin": "reactive:harvest",
  "pages": [
    {
      "type": "patchouli:text",
      "text": "$(o)做得不错。在激活状态下，此徽记能产生多种能量。真正做到这点则不劳费神，只需对徽记使用空$(l:objects_of_study/bottles)瓶$(/l)即可。瓶子可能会被充满，也可能在重压下碎裂。$(p)如此操作有其$(4)代价$(0)。"
    },
    {
      "type": "patchouli:text",
      "text": "$(o)记住徽记的意义，代价不言自明。最好确保自己处于最佳状态。不要受伤过重，千万小心。"
    }
  ]
}