{
    "name": "末影人",
    "icon": "minecraft:ender_pearl",
    "category": "being",
    "priority": true,
    "pages": [
        {
            "type": "text",
            "text": "标准的末地生物，但是有时候它们也会掉进其他的世界里。根据我的观察，它们因为某些未知的原因相当厌恨人的目光。在他们身边呆了很长的时间后我开始感觉到某种特殊的联系\ue908\ue909真是些奇怪的生物。"
        },
	{
            "type": "spotlight",
            "item": "minecraft:ender_pearl",
            "link_recipe": true
        }
    ]
}