{
    "name": "末地术士巴克莱",
    "icon": "endreborn:ender_sword",
    "category": "being",
	"advancement": "endreborn:endreborn/lord",
    "priority": true,
    "pages": [
        {
            "type": "text",
            "text": "即使遇到了他，我觉得也是一个极大的成就了\u22EF\u22EF等等，他是谁？我在和他的战斗的时候听到了他的名字，他名叫--巴克莱。而且他的皮肤开始逐渐塌陷\u22EF\u22EF他是谁\u22EF\u22EF从哪里来，总有一天我会查明真相。"
        },
	{
            "type": "spotlight",
            "item": "endreborn:item_ender_string",
            "link_recipe": true
        }
    ]
}