{
    "name": "花斑拟鳞鲀" , 
    "icon": "untamedwilds:textures/icon/triggerfish/clown.png" , 
    "category": "untamedwilds:triggerfish_category" , 
    "pages": [
        {
            "type": "text" , 
            "title": "花斑拟鳞鲀" , 
            "text": "花斑拟鳞鲀($(o)Balistoides conspicillum$())，也被称为小丑炮弹，是一种鳞鲀科的底层海鱼，通常也称为三角鱼。"
        } , 
        {
            "type": "entity" , 
            "entity": "untamedwilds:triggerfish{Variant: 0, Size: 1}" , 
            "text": ""
        } , 
        {
            "type": "text" , 
            "title": "花斑拟鳞鲀" , 
            "text": "相对大小：\u2605\u2605\u2605\u2606\u2606$(br2)始终活动$(br2)1种肤色$(br2)最喜欢的食物：untamedwilds:chum$(br2)种类数量：4$(br2)成长时间：6天"
        }
    ]
}