{
    "name": "金属蓝蛛" , 
    "icon": "untamedwilds:textures/icon/tarantula/cobalt.png" , 
    "category": "untamedwilds:tarantula_category" , 
    "pages": [
        {
            "type": "text" , 
            "title": "金属蓝蛛" , 
            "text": "The cobalt blue tarantula or Cyriopagopus lividus是一种狼蛛，原产于缅甸，越过边境后进入了泰国。$(br2)它最初被记述为Haplopelma lividum。"
        } , 
        {
            "type": "entity" , 
            "entity": "untamedwilds:tarantula{Variant: 2, Size: 1}" , 
            "text": ""
        } , 
        {
            "type": "text" , 
            "title": "金属蓝蛛" , 
            "text": "相对大小：\u2605\u2605\u2606\u2606\u2606$(br2)始终活动$(br2)1种肤色$(br2)最喜欢的食物：minecraft:chicken$(br2)种类数量：4$(br2)成长时间：6天"
        }
    ]
}