{
  "name": "放电",
  "icon": "minecraft:paper",
  "category": "reactive:reactions",
  "advancement": "reactive:reactions/discharge_annihilation",
  "pages": [
    {
      "type": "patchouli:text",
      "text": "$(bold)视觉特征：$()$(br)坩埚中出现黑烟和电弧。$(p)$(bold)实际效果：$()$(br)闪电束自坩埚中打向周围生物，并造成伤害。如果附近存在$(thing)避雷针$(0)，则会向其打出闪电。"
    },
    {
      "type": "reactive:reaction",
      "reaction": "discharge_annihilation"
    }
  ]
}