{
  "name": "爆破",
  "icon": "minecraft:paper",
  "category": "reactive:reactions",
  "advancement": "reactive:reactions/explosion_effect",
  "pages": [
    {
      "type": "patchouli:text",
      "text": "$(bold)视觉特征：$()$(br)一束烟打向金徽记，并在该处产生爆炸。$(p)$(bold)实际效果：$()$(br)摧毁金徽记和坩埚内容物。$(p)如果周围有铁徽记，则不会起效。"
    },
    {
      "type": "reactive:reaction",
      "reaction": "explosion_effect"
    }
  ]
}