{
  "name": "冥河之血",
  "icon": "terramity:stygian_blood_bucket",
  "category": "terramity:misc",
  "pages": [
    {
      "type": "patchouli:text",
      "text": "冥河之血是Terramity加入的新流体。$(br2)当你身处其中时，它将下咒并给你高额伤害，并且能将掷入其中的未附魔且可被附魔的物品附上消失诅咒。$(br2)冥河护符可以保护你免受其扰。"
    },
	{
      "type": "patchouli:image",
      "images": ["terramity:textures/screens/blood.png"],
      "border": true
    }
  ]
}