{
  "name": "时间流体",
  "sortnum": 31,
  "category": "justdirethings:resources",
  "icon": "justdirethings:time_fluid_bucket",
  "pages": [
    {
      "type": "patchouli:text",
      "text": "时间流体是一种多用途流体，可以驱动各种能影响时间的物品与方块。它近乎透明，似乎并不完全存在于这条时间流。$(br2)向$(l:justdirethings:res_polymorphic_fluid)多态流体$(/l)中投入一枚$(l:justdirethings:res_time_crystal)时间水晶$(/l)即可制成这种流体。"
    }
  ]
}
