{
  "name": "蚀空合金弓",
  "sortnum": 25,
  "category": "justdirethings:tools",
  "icon": "justdirethings:bow_eclipsealloy[justdirethings:forge_energy=500000]",
  "pages": [
    {
      "type": "patchouli:text",
      "text": "蚀空合金弓即是远程武器的顶点，能量储备充足，可供长时间使用。$(br2)此弓有 4 个$(l:justdirethings:item_potion_canister)药水罐$(/l)槽，发射出的箭矢因此可携带多种效果。"
    },
    {
      "type": "patchouli:crafting",
      "recipe": "justdirethings:bow_eclipsealloy",
      "text": "蚀空合金弓的配方"
    }
  ]
}
