{
  "name": "远古碎片",
  "icon": "arsomega:ancient_mirror_shard",
  "category": "arsomega:strange_portal",
  "advancement": "arsomega:shattered",
  "priority":true,
  "pages": [
    {
      "type": "text",
      "text": "[来源未知]我发现了一种神秘的反光碎片。它遍布锯齿，似乎是从某种更大的事物上剥脱下来的。它的性质和附魔镜之碎片相似，但它比我能复制出来的任何东西都要更强大。它还有一种我无法描述的魔法链接……"
    },
    {
      "type": "spotlight",
      "item": "arsomega:ancient_mirror_shard",
      "text": "镜之碎片",
      "link_recipe": "true"
    }
  ]
}