{
    "name": "阿氏锉鳞鲀" , 
    "icon": "untamedwilds:textures/icon/triggerfish/picasso.png" , 
    "category": "untamedwilds:triggerfish_category" , 
    "pages": [
        {
            "type": "text" , 
            "title": "阿氏锉鳞鲀" , 
            "text": "Rhinecanthus assasi, commonly known as the Assasi triggerfish or Arabian picassofish，是一种鳞鲀科的鱼类。"
        } , 
        {
            "type": "entity" , 
            "entity": "untamedwilds:triggerfish{Variant: 3, Size: 1}" , 
            "text": ""
        } , 
        {
            "type": "text" , 
            "title": "阿氏锉鳞鲀" , 
            "text": "相对大小：\u2605\u2605\u2605\u2606\u2606$(br2)始终活动$(br2)1种肤色$(br2)最喜欢的食物：untamedwilds:chum$(br2)种类数量：4$(br2)成长时间：6天"
        }
    ]
}