{
    "name": "花豹" , 
    "icon": "untamedwilds:textures/icon/big_cat/leopard.png" , 
    "category": "untamedwilds:big_cat_category" ,
    "pages": [
        {
            "type": "text" , 
            "title": "花豹" , 
            "text": "花豹($(o)Panthera pardus$())是猫科动物豹属现存的五个种之一。$(br2)它广泛分布在撒哈拉以南非洲、西亚和中亚的一些地区，俄罗斯南部、印度次大陆至东南亚和东亚。"
        } , 
        {
            "type": "entity" , 
            "entity": "untamedwilds:big_cat{Variant: 2, Size: 1}" , 
            "text": ""
        } , 
        {
            "type": "text" , 
            "title": "花豹" , 
            "text": "相对大小：\u2605\u2605\u2606\u2606\u2606$(br2)日间活动$(br2)3种肤色$(br2)最喜欢的食物：minecraft:porkchop$(br2)种类数量：2$(br2)成长时间：5天"
        }
    ]
}