{
    "name": "老虎" , 
    "icon": "untamedwilds:textures/icon/big_cat/tiger.png" , 
    "category": "untamedwilds:big_cat_category" ,
    "pages": [
        {
            "type": "text" , 
            "title": "老虎" , 
            "text": "老虎($(o)Panthera tigris$())是现存最大的猫科动物，也是豹属的一员。$(br2)它最容易辨认的特征是其橙色皮毛上的深色垂直条纹和白色底部。$(br2)作为顶级捕食者，它主要捕食有蹄类动物，比如鹿和野猪。"
        } , 
        {
            "type": "entity" , 
            "entity": "untamedwilds:big_cat{Variant: 8, Size: 1}" , 
            "text": ""
        } , 
        {
            "type": "text" , 
            "title": "老虎" , 
            "text": "相对大小：\u2605\u2605\u2605\u2606\u2606$(br2)日间活动$(br2)1种肤色$(br2)最喜欢的食物：minecraft:porkchop$(br2)种类数量：2$(br2)成长时间：6天"
        }
    ]
}