{
  "name": "点铜为金",
  "icon": "minecraft:gold_ingot",
  "category": "reactive:results",
  "advancement": "reactive:see_synthesis",
  "pages": [
    {
      "type": "reactive:transmute",
      "recipe": "gold_from_copper",
      "text": "将普通金属转变为金，除此之外还有什么能称得上炼金师的荣耀呢？而这种变化确实是可能的！当坩埚中含有一种$(l:reactive:intro/synthesis)黄绿色的秘密能量$(/l)时，你离成功就只有咫尺之遥了。"
    },
    {
      "type": "reactive:transmute",
      "recipe": "iron_from_copper",
      "text": "创造铁自然也应该是可能的，但这么做就无趣得多。这种变化需要使用另一种秘密能量。"
    }
  ]
}