{
  "name": "巨瓢虫",
  "icon": "mythicmounts:textures/gui/book/dash.png",
  "category": "mythicmounts:creatures",
  "read_by_default": true,
  "pages": [
    {
      "type": "patchouli:text",
      "text": "出没于传说中的蘑菇岛，这些色彩斑斓的瓢虫与哞菇和平共处。$(br2)成年瓢虫照顾它们的幼崽，保护和喂养它们直到它们的壳变得坚硬。$(br2)人们认为，它们甲壳的颜色受到蘑菇饮食中天然色素的影响。"
    },
    {
      "type": "patchouli:entity",
      "entity": "mythicmounts:colelytra",
      "title": "巨瓢虫",
      "text": "$(o)作者提醒：特别感谢$(l)@Atlan$()$(o)，他第一次记录了这个神奇的野兽！",
      "scale": 0.6,
      "offset": 0.2,
      "rotate": true,
      "border": true
    },
    {
      "type": "mythicmounts:server_page",
      "page_title": "栖息地",
      "entity_id": "mythicmounts:colelytra"
    },
    {
      "type": "mythicmounts:server_page",
      "page_title": "驯服物品",
      "entity_id": "mythicmounts:colelytra"
    },
    {
      "type": "mythicmounts:server_page",
      "page_title": "食物",
      "entity_id": "mythicmounts:colelytra"
    },
    {
      "type": "mythicmounts:server_page",
      "page_title": "繁殖物品",
      "entity_id": "mythicmounts:colelytra"
    },
    {
      "type": "mythicmounts:server_page",
      "page_title": "基本状态",
      "entity_id": "mythicmounts:colelytra"
    }
  ]
}