{
  "name": "奇异的环境",
  "icon": "minecraft:red_mushroom",
  "category": "reactive:objects_of_study",
  "advancement": "reactive:make_crucible",
  "turnin": "reactive:be_size_changed",
  "pages": [
    {
      "type": "patchouli:text",
      "text": "$(1)有传言称一位炼金师通过反应缩小了自己！我感觉这真是有意思，于是着手研究。$(p)事实果然如此，那个可怜的家伙现在只有儿童一般高了！他请求我帮他恢复之前的身高，但他不记得具体的配方了。"
    },
    {
      "type": "patchouli:text",
      "text": "$(1)他最近一直在研究$(item)意识能量$(1)和$(item)形体能量$(1)的结合，然后又往里加了其他能量⋯⋯$(p)他找遍了所有反应激发物，但没能找到合适的。$(p)解铃还须系铃人，治疗先要复刻，先看看我能做些什么吧⋯⋯"
    }
  ]
}