{
    "name": "巴西黑白脚" , 
    "icon": "untamedwilds:textures/icon/tarantula/black_and_white.png" , 
    "category": "untamedwilds:tarantula_category" , 
    "pages": [
        {
            "type": "text" , 
            "title": "巴西黑白脚" , 
            "text": "Nhandu coloratovillosus also known as the Brazilian black & white tarantula or the bombardier tarantula,是G\u00fcnter Schmidt在1998年首次记述的一种狼蛛。$(br2)它们分布在巴西和巴拉圭的草原上，是陆生狼蛛。"
        } , 
        {
            "type": "entity" , 
            "entity": "untamedwilds:tarantula{Variant: 1, Size: 1}" , 
            "text": ""
        } , 
        {
            "type": "text" , 
            "title": "巴西黑白脚" , 
            "text": "相对大小：\u2605\u2605\u2606\u2606\u2606$(br2)始终活动$(br2)1种肤色$(br2)最喜欢的食物：minecraft:chicken$(br2)种类数量：4$(br2)成长时间：6天"
        }
    ]
}