{
    "name": "皇帝巴布" , 
    "icon": "untamedwilds:textures/icon/tarantula/king.png" , 
    "category": "untamedwilds:tarantula_category" , 
    "pages": [
        {
            "type": "text" , 
            "title": "皇帝巴布" , 
            "text": "Pelinobius或皇帝巴布是东非狼蛛的一个单种属，只包含一个物种，Pelinobius muticus。$(br2)费迪南德·安东·弗朗茨·卡施于1885年首次记述了它，其被发现于坦桑尼亚和肯尼亚。"
        } , 
        {
            "type": "entity" , 
            "entity": "untamedwilds:tarantula{Variant: 3, Size: 1}" , 
            "text": ""
        } , 
        {
            "type": "text" , 
            "title": "皇帝巴布" , 
            "text": "相对大小：\u2605\u2605\u2605\u2606\u2606$(br2)始终活动$(br2)1种肤色$(br2)最喜欢的食物：minecraft:chicken$(br2)种类数量：4$(br2)成长时间：6天"
        }
    ]
}