{
    "name": "印度华丽雨林蛛" , 
    "icon": "untamedwilds:textures/icon/tarantula/regalis.png" , 
    "category": "untamedwilds:tarantula_category" , 
    "pages": [
        {
            "type": "text" , 
            "title": "印度华丽雨林蛛" , 
            "text": "Poecilotheria regalis是一种树栖狼蛛，分布在印度部分地区。$(br2)The common name for this spider is Indian ornamental tree spider, or simply Indian ornamental.$(br2)它是业余收藏家最喜欢的树栖狼蛛之一。"
        } , 
        {
            "type": "entity" , 
            "entity": "untamedwilds:tarantula{Variant: 5, Size: 1}" , 
            "text": ""
        } , 
        {
            "type": "text" , 
            "title": "印度华丽雨林蛛" , 
            "text": "相对大小：\u2605\u2605\u2606\u2606\u2606$(br2)始终活动$(br2)1种肤色$(br2)最喜欢的食物：minecraft:chicken$(br2)种类数量：4$(br2)成长时间：6天"
        }
    ]
}