{
  "name": "Paradox simplify the life!",
  "sortnum": 12,
  "category": "justdirethings:justdynathings",
  "icon": "justdynathings:paradox_mixer",
  "pages": [
    {
      "type": "patchouli:crafting",
      "title": "Paradox Mixer",
      "recipe": "justdynathings:paradox_mixer",
      "text": "An unstable block that allow to mass-craft fluid drop recipes$(br)It require at least one Stabilizer energized$(br)$(br)$(italic)*Custom rendering dont work on Patchouli render*$()"
    },
    {
      "type": "patchouli:multiblock",
      "multiblock": {
        "pattern": [["G"], ["R"], ["0"]],
        "mapping": {
          "G": "justdynathings:paradox_mixer[alive=false]",
          "R": "justdynathings:stabilizer[active=true,facing=down,goo_found=true,energized=true]"
        }
      },
      "enable_visualize": false
    }
  ]
}
