{
  "name": "新手杖",
  "sortnum": 5,
  "category": "justdirethings:justdynathings",
  "icon": "justdynathings:swapper_wand",
  "pages": [
    {
      "type": "patchouli:crafting",
      "title": "替换手杖",
      "recipe": "justdynathings:swapper_wand",
      "text": "可以替换方块的手杖，使用时不需破坏方块。"
    },
    {
      "type": "patchouli:crafting",
      "title": "拾取手杖",
      "recipe": "justdynathings:picker_wand",
      "text": "可以拾起方块再放到其他位置的手杖。"
    },
    {
      "type": "patchouli:crafting",
      "title": "短暂遗忘手杖",
      "recipe": "justdynathings:temporal_stupefy_wand",
      "text": "此手杖能移除时间手杖实体，也能给予短暂的一忘皆空效果。"
    },
    {
      "type": "patchouli:crafting",
      "title": "高级时间手杖",
      "recipe": "justdynathings:advanced_time_wand",
      "text": "时间手杖的升级版，容量更大，且允许配置点击行为。"
    }
  ]
}
