{
  "name": "新手杖",
  "sortnum": 5,
  "category": "justdirethings:justdynathings",
  "icon": "justdynathings:swapper_wand",
  "pages": [
    {
      "type": "patchouli:crafting",
      "title": "替换手杖",
      "recipe": "justdynathings:swapper_wand",
      "text": "可以替换方块的手杖，使用时不需破坏方块。"
    },
    {
      "type": "patchouli:crafting",
      "title": "拾取手杖",
      "recipe": "justdynathings:picker_wand",
      "text": "可以拾起方块再放到其他位置的手杖。"
    }
  ]
}
