{
	"name": "腐化盆",
	"category": "assemblylinemachines:blocks",
	"icon": "assemblylinemachines:corrupting_basin",
	"pages":[
		{
			"type": "text",
			"text": "现在你拥有了$(l:age4#novasteel)新星钢锭，$()你可以用一种更简单的方式来制造鈇锭：腐化盆。"
		},
		{
			"type": "crafting",
			"recipe": "assemblylinemachines:crafting/corrupting_basin",
			"text": "腐化盆可以执行熵反应堆可以执行的所有$(d)世界腐化$()配方。它也可以使用无效的配方来产生腐化碎片，这些无效配方不会产生任何特定的物品。它需要填充浓缩虚空来工作。"
		}
	]
	
}