{
  "name": "核源铁胸甲",
  "sortnum": 2,
  "category": "justdirethings:armor",
  "icon": "justdirethings:ferricore_chestplate",
  "pages": [
    {
      "type": "patchouli:text",
      "text": "核源铁胸甲能比普通的铁胸甲更耐用，也能提供更为坚固的防御。它还可接受特殊升级，进一步提升防御能力。"
    },
    {
      "type": "patchouli:crafting",
      "title": "核源铁胸甲的配方",
      "recipe": "justdirethings:ferricore_chestplate"
    }
  ]
}
