{
  "category": "ars_nouveau:turrets",
  "icon": "ars_artillery:fire_turret_crate",
  "name": "火之炮塔",
  "pages": [
    {
      "type": "patchouli:text",
      "text": "火之炮塔会对周围敌人造成伤害并点燃它们。升级后其伤害、发射频率、攻击范围、燃烧持续时间都会得到增强。"
    },
    {
      "type": "patchouli:entity",
      "entity": "ars_artillery:fire_turret_1"
    },
    {
      "type": "ars_nouveau:apparatus_recipe",
      "recipe": "ars_artillery:fire_turret_1_crate_recipe"
    },
    {
      "type": "patchouli:crafting",
      "recipe": "ars_artillery:fire_salvage"
    }
  ]
}