{
  "category": "ars_nouveau:turrets",
  "icon": "ars_artillery:manipulation_turret_crate",
  "name": "操纵之炮塔",
  "pages": [
    {
      "type": "patchouli:text",
      "text": "操纵之炮塔能迷惑敌人，让它们产生内讧，直至有其他实体吸引到它们的注意为止。升级可使其攻击速度和攻击范围得到提升。"
    },
    {
      "type": "patchouli:entity",
      "entity": "ars_artillery:manipulation_turret_1"
    },
    {
      "type": "ars_nouveau:apparatus_recipe",
      "recipe": "ars_artillery:manipulation_turret_1_crate_recipe"
    },
    {
      "type": "patchouli:crafting",
      "recipe": "ars_artillery:manipulation_salvage"
    }
  ]
}