{
  "category": "ars_nouveau:turrets",
  "icon": "ars_artillery:tier_2_upgrade",
  "name": "升级炮塔",
  "pages": [
    {
      "type": "patchouli:text",
      "text": "手持二级升级组件左击炮塔，可将一级炮塔升为二级。"
    },
    {
      "type": "patchouli:crafting",
      "recipe": "ars_artillery:tier_2_upgrade_recipe"
    },
    {
      "type": "patchouli:text",
      "text": "手持三级升级组件左击炮塔，可将二级炮塔升为三级。"
    },
    {
      "type": "patchouli:crafting",
      "recipe": "ars_artillery:tier_3_upgrade_recipe"
    }
  ]
}