{
  "name": "下界传送门",
  "icon": "minecraft:crying_obsidian",
  "category": "reactive:objects_of_study",
  "advancement": "minecraft:story/enter_the_nether",
  "turnin": "reactive:portal_trade",
  "pages": [
    {
      "type": "patchouli:text",
      "text": "$(1)到目前为止，我们还未将注意力集中到下界传送门的原理上过，这令我颇感好奇。为什么一堆火成岩和一束火焰就能建立通往怪异地底世界的链接呢？"
    },
    {
      "type": "patchouli:text",
      "text": "$(1)不管其原因是什么，这种现象显然是高能现象。$(br2)因此，坩埚也许可以从传送门中被动地收集能量，与$(item)烈焰棒$(1)类似。"
    }
  ]
}