{
  "name": "超级嗅探兽",
  "icon": "minecraft:sniffer_egg",
  "category": "terramity:bosses",
  "sortnum": 1,
  "pages": [
    {
      "type": "patchouli:text",
      "text": "超级嗅探兽是你的terramity之旅中将遇到的第二个boss。$(br2)嗅探兽被雷击时他将被召唤出来$(br2)推荐装备：$(br) -幽邃/维伦合金 盔甲套$(br) -强力枪械$(br) -足量弹药"
    },
	{
      "type": "patchouli:entity",
      "entity": "terramity:super_sniffer",
      "scale": 0.8,
	  "offset": 0.65,
	  "rotate": true
    },
	{
      "type": "patchouli:spotlight",
      "text": "嗅探兽被雷击时即可转化为该Boss。最简单的方式是合成一个召雷法杖然后对嗅探兽使用（不行，它会死的）$(br2)嗅探兽的蛋可以在Terramity生成的很多结构中找到。",
	  "item": {
		"item": "minecraft:sniffer_egg"
	  }
    },
	{
	  "type": "patchouli:crafting",
	  "recipe": "terramity:lightning_staff_recipe"
    }
  ]
}