{
  "name": "试炼守护者",
  "icon": "terramity:spire_key",
  "category": "terramity:bosses",
  "sortnum": 2,
  "pages": [
    {
      "type": "patchouli:text",
      "text": "试炼守护者是你的terramity之旅中将遇到的第三个boss。$(br2)在尖塔地下使用尖塔钥匙右击守护者挂锁即可将它召唤出来$(br2)推荐装备：$(br) -幽邃/维伦合金/寰宇 盔甲套$(br) -强力近战武器"
    },
	{
      "type": "patchouli:entity",
      "entity": "terramity:trial_guardian",
	  "text": "免疫所有弹射物伤害。",
      "scale": 0.5,
	  "offset": 0.65,
	  "rotate": true
    },
	{
      "type": "patchouli:spotlight",
      "text": "在试炼尖塔地下的守护者挂锁中插入尖塔钥匙即可召唤试炼守护者。试炼尖塔可以在海洋群系中找到$(br2)试炼尖塔中可以找到尖塔钥匙",
	  "item": {
		"item": "terramity:spire_key"
	  }
    },
	{
      "type": "patchouli:image",
      "title": "试炼尖塔",
      "images": ["terramity:textures/screens/spire.png"],
      "border": true
    },
	{
      "type": "patchouli:spotlight",
      "text": "试炼守护者将掉落一把消亡权杖，这是进行下一阶段的必要道具。使用消亡权杖以使基岩和基岩黑物质矿石可以被挖掘。",
	  "item": {
		"item": "terramity:perish_staff"
	  }
    }
  ]
}