{
  "name": "装备",
  "icon": "deepmoblearning:glitch_infused_helmet",
  "category": "3_system_malfunction",
  "sortnum": 3,
  "pages": [
    {
      "type": "text",
      "text": "你制作出的这种$(l:3_system_malfunction/2_glitch_metal)金属$()非常实用。$(br2)你可以用它制作的第一件玩意就是$(item)故障套装$()，这个套装会给你飞行的能力(除非在配置文件中关闭)，而且，当你的$(l:0_introduction/2_data_models)模型$()获得$(l:0_introduction/1_data)数据$()时，会掉落一些$(l:1_machines/1_matter#pristine)原始物质$()。$(br2)在$(l:2_trials/1_trials)试炼$()中不会有原始物质掉落。"
    },
    {
      "type": "recipelookup",
      "recipe": "deepmoblearning:glitch_infused_helmet",
      "recipe2": "deepmoblearning:glitch_infused_chestplate",
      "title": "故障头盔",
      "title2": "故障胸甲"
    },
    {
      "type": "recipelookup",
      "recipe": "deepmoblearning:glitch_infused_leggings",
      "recipe2": "deepmoblearning:glitch_infused_boots",
      "title": "故障护腿",
      "title2": "故障靴子"
    },
    {
      "type": "recipelookup",
      "recipe": "deepmoblearning:glitch_infused_sword",
      "text": "双倍化获得的$(l:0_introduction/1_data)数据$()，并且当获得$(l:0_introduction/1_data)数据$()时，该$(item)剑$()有几率获得$(item)永久伤害加成$()。$(br2)这一$(item)累积伤害$()在$(l:2_trials/1_trials)试炼$()中被禁用。"
    }
  ]
}