{
  "name": "初级方块放置器",
  "sortnum": 5,
  "category": "justdirethings:machines",
  "icon": "justdirethings:blockplacert1",
  "pages": [
    {
      "type": "patchouli:text",
      "text": "初级方块放置器能够自动放置方块。激活后，它会将其存储空间中的方块放置到正前方。$(br2)方向按钮可以更改放置的“方向”，适用于火把之类的物品。"
    },
    {
      "type": "patchouli:crafting",
      "title": "初级方块放置器",
      "recipe": "justdirethings:blockplacert1"
    }
  ]
}
