{
  "name": "更多修复尝试",
  "icon": "minecraft:emerald",
  "category": "arsomega:strange_portal",
  "advancement": "arsomega:restoration",
  "pages": [
    {
      "type": "text",
      "text": "[另一篇笔记，时间要晚得多，期间的某些笔记应该是遗失了]在不断向其中嵌入镜片的过程中，我能感受到框架正放出越来越强的能量。我不知道这些能量是哪里来的，附近没有能量源。是因为框架的位置吗？"
    },
    {
      "type": "text",
      "text": "[又一篇笔记，时间稍晚]玻璃就快拼完了。通常情况下它和普通镜子别无二致，但有时我能从中瞥见\u22EF\u22EF其他东西。镜面另一边的是什么事物？我必须知道。"
    }
  ]
}