{
    "name": "再处理器流体输入端口",
    "icon": "bigreactors:reprocessorfluidinjector",
    "category": "bigreactors:reprocessor-parts",
    "read_by_default": true,
    "sortnum": 5,
    "pages": [
        {
            "type": "spotlight",
            "item": "bigreactors:reprocessorfluidinjector",
            "link_recipe": true,
            "title" : "再处理器流体输入端口",
            "text": "再处理器流体输入端口允许您将再处理所需的流体输入到再处理器中。$(br2)不同的废料类型可能需要不同的流体。"
        },
        {
            "type": "crafting-part_usage",
            "crafting.title1": "再处理器流体输入端口",
            "crafting.recipe1": "bigreactors:reprocessor/fluidinjector"
        }
    ]
}