{
	"name": "升级",
	"category": "assemblylinemachines:items",
	"icon": "assemblylinemachines:upgrade_speed",
	"pages":[
		{
			"type": "text",
			"text": "升级可以增强并改进现有的机器！$(p)具体的升级将在本书的其他章节中介绍，因此这里不再提及。值得尝试一下，看看所有升级都能做什么！"
		},
		{
			"type": "crafting",
			"anchor": "gearboxcompatability",
			"recipe": "assemblylinemachines:crafting/upgrades/gearbox_upgrade_compatability",
			"title": "齿轮箱兼容",
			"text": "这个特殊的升级在齿轮箱内工作！$(p)它可以让原本只能使用充能燃料的齿轮箱能够使用所有可燃材料！"
		},
		{
			"type": "crafting",
			"recipe": "assemblylinemachines:crafting/upgrades/gearbox_upgrade_efficiency",
			"title": "齿轮箱效率",
			"text": "这个升级以降低运行速度为代价，极大提高了齿轮箱内燃料的效率。"
		},
		{
			"type": "crafting",
			"recipe": "assemblylinemachines:crafting/upgrades/gearbox_upgrade_limiter",
			"title": "齿轮箱限制",
			"text": "这个升级会使齿轮箱在无需运行时停止工作。$(p)这个升级可以让你在不浪费的情况下保留内部燃料。"
		},
		{
			"type": "crafting",
			"recipe": "assemblylinemachines:crafting/upgrades/item_pipe_upgrade_filter",
			"title": "物品管道过滤",
			"text": "这个升级可以增加物品管道中可用的过滤空间。安装3个该升级可以解锁9个过滤槽。"
		},
		{
			"type": "crafting",
			"recipe": "assemblylinemachines:crafting/upgrades/item_pipe_upgrade_stack",
			"title": "物品管道堆叠",
			"text": "这个升级可以增加物品管道每次抽取的堆叠数量。安装3个该升级可以使管道每次抽取一组物品！"
		},
		{
			"type": "crafting",
			"recipe": "assemblylinemachines:crafting/upgrades/item_pipe_upgrade_redstone",
			"title": "物品管道红石",
			"text": "这个升级可以解锁物品管道中的红石控制！"
		},
		{
			"type": "crafting",
			"recipe": "assemblylinemachines:crafting/upgrades/upgrade_speed",
			"title": "速度升级",
			"text": "速度升级是几乎所有机器都可用的通用升级。$(p)这个升级会增加处理速度，而代价要么是能量要么是燃料。"
		},
		{
			"type": "crafting",
			"recipe": "assemblylinemachines:crafting/upgrades/machine_upgrade_conservation",
			"title": "机器节约",
			"text": "当将此升级放置到某些机器中时，会减少或消除输出产物所消耗的资源量。"
		},
		{
			"type": "crafting",
			"recipe": "assemblylinemachines:crafting/upgrades/machine_upgrade_extra",
			"title": "机器额外产出",
			"text": "当将此升级放置到某些机器中时，会增加主要或次要输出的概率。"
		},
		{
			"type": "crafting",
			"anchor": "purifierfiltering",
			"recipe": "assemblylinemachines:crafting/upgrades/purifier_upgrade_filtering",
			"title": "净化仓过滤",
			"text": "这个升级对于所有不需要沙砾和沙子的配方来说是必要的，例如调谐钛锭。"
		}
		
	]
}