{
    "name": "收集者蜜蜂",
    "icon": "minecraft:hopper",
    "read_by_default": true,
    "sortnum": 5,
    "category": "productivebees:bees_worker",
    "pages": [
        {
            "type": "patchouli:text",
            "title": "Collector Bee",
            "text": "收集地上的物品并将它们放入蜂巢中.$(br)与农民蜜蜂结合，可以形成一个自动化农场。"
        },
        {
            "type": "patchouli:entity",
            "entity": "productivebees:collector_bee"
        }
    ]
}