{
    "name": "基因转移",
    "icon": "productivebees:gene",
    "category": "productivebees:genetics",
    "pages": [
        {
            "type": "patchouli:text",
            "text": "要将基因转移到蜜蜂身上，您需要将基因与蜂蜜小食相结合。将蜂蜜小食喂给蜜蜂，根据基因的纯度，蜜蜂将有机会获得新的属性。"
        },
        {
            "type": "patchouli:text",
            "text": "可以通过结合两个或更多相同的基因放入蜂蜜小食中来增加基因的纯度。"
        }
    ]
}