{
    "name": "欧非肋突螈" , 
    "icon": "untamedwilds:textures/icon/newt/ribbed.png" , 
    "category": "untamedwilds:newt_category" ,
    "pages": [
        {
            "type": "text" , 
            "title": "欧非肋突螈" , 
            "text": "The Iberian ribbed newt, gallipato or Spanish ribbed newt ($(o)Pleurodeles waltl$())是伊比利亚半岛中部和南部以及摩洛哥特有的蝾螈。$(br2)不能将此物种与名称相似的不同物种伊比利亚蝾螈($(o)Lissotriton boscai)混淆。"
        } , 
        {
            "type": "entity" , 
            "entity": "untamedwilds:newt{Variant: 4, Size: 1}" , 
            "text": ""
        } , 
        {
            "type": "text" , 
            "title": "欧非肋突螈" , 
            "text": "相对大小：\u2605\u2605\u2606\u2606\u2606$(br2)始终活动$(br2)1种肤色$(br2)最喜欢的食物：无$(br2)种类数量：5$(br2)成长时间：3天"
        }
    ]
}