{
    "name": "大西洋棘白鲳" , 
    "icon": "untamedwilds:textures/icon/spadefish/atlantic.png" , 
    "category": "untamedwilds:spadefish_category" , 
    "pages": [
        {
            "type": "text" , 
            "title": "大西洋棘白鲳" , 
            "text": "大西洋棘白鲳($(o)Chaetodipterus faber$())是白鲳科的一个物种。$(br2)它是北卡罗来纳水族馆的象征。"
        } , 
        {
            "type": "entity" , 
            "entity": "untamedwilds:spadefish{Variant: 0, Size: 1}" , 
            "text": ""
        } , 
        {
            "type": "text" , 
            "title": "大西洋棘白鲳" , 
            "text": "相对大小：\u2605\u2605\u2606\u2606\u2606$(br2)始终活动$(br2)1种肤色$(br2)最喜欢的食物：minecraft:sea_grass$(br2)种类数量：4$(br2)成长时间：无天数"
        }
    ]
}