{
    "name": "圆翅燕鱼" , 
    "icon": "untamedwilds:textures/icon/spadefish/dusky.png" , 
    "category": "untamedwilds:spadefish_category" , 
    "pages": [
        {
            "type": "text" , 
            "title": "圆翅燕鱼" , 
            "text": ""
        } , 
        {
            "type": "entity" , 
            "entity": "untamedwilds:spadefish{Variant: 1, Size: 1}" , 
            "text": ""
        } , 
        {
            "type": "text" , 
            "title": "圆翅燕鱼" , 
            "text": "相对大小：\u2605\u2605\u2605\u2606\u2606$(br2)始终活动$(br2)1种肤色$(br2)最喜欢的食物：minecraft:sea_grass$(br2)种类数量：4$(br2)成长时间：无天数"
        }
    ]
}