{
    "name": "蜜袋蜜蜂",
    "icon": "minecraft:cocoa_beans",
    "read_by_default": true,
    "category": "productivebees:bees_wild",
    "pages": [
        {
            "type": "patchouli:text",
            "title": "Sugarbag Bee",
            "text": "这种温暖潮湿的小蜜蜂可以在热带地区找到。它生产一种特殊类型的超级美味的蜜脾.$(br)它可以找到进入可可豆的方式，即使在自然气候之外生长。",
            "anchor": "sugarbag"
        },
        {
            "type": "patchouli:entity",
            "entity": "productivebees:configurable_bee{type:'productivebees:sugarbag'}"
        }
    ]
}