{
  "name": "魔力，魔力锁定与精疲力竭",
  "icon": "minecraft:amethyst_shard",
  "category": "arcanuscontinuum:basics",
  "sortnum": 1,
  "pages": [
    {
      "type": "patchouli:image",
      "border": true,
      "images": [
        "arcanuscontinuum:textures/gui/patchouli/entries/mana_burnout_mana_lock.png"
      ],
      "text": "魔力（上）$(br)精疲力竭 （中）$(br)魔力锁定（下）"
    },
    {
      "title": "魔力",
      "type": "patchouli:text",
      "text": "在界面的左下角是你的魔力栏。魔力是一种可再生资源用于施法，并且会受到特定法术的法术效果的影响。然而，法术的部分法术构型有法力消耗的额外倍率。$(br2)魔力再生速率为每秒1%，通过穿着巫师法袍能够提高到每秒6%。"
    },
    {
      "title": "精疲力竭",
      "type": "patchouli:text",
      "text": "当施法时没有足够的法力，仍然尝试施放时，你将得到“精疲力竭”的负面状态效果。“精疲力竭”带来的部分缺点：$(br) -攻击更为缓慢$(br) -生命值将不会回复$(br) -饱食度下降更快$(br) -最大法力值减少$(br2)不过好消息是“精疲力竭”会自动消失，不过非常缓慢。"
    },
    {
      "title": "魔力锁定",
      "type": "patchouli:text",
      "text": "“魔力锁定”似乎与“精疲力竭”有着同样的效果，减少你的最大法力值。然而，不同于“精疲力竭”，它既不自然消失也不会有其他额外效果。$(br2)当状态效果结束，它会立刻消失，让你的法力值再次恢复到满！"
    }
  ]
}
