{
  "name": "坩埚",
  "icon": "reactive:crucible",
  "category": "reactive:intro",
  "pages": [
    {
      "type": "patchouli:text",
      "text": "$(item)能量坩埚$()是$(thing)炼金术的重要工具$()。其独特之处，在于能将物质转换为原始$(thing)炼金能量$()，可供简易获取这些能量。$(br2)此外，它还是$(thing)嬗变$(0)的媒介和$(4)反应$(0)的好用容器。"
    },
    {
      "type": "patchouli:spotlight",
      "item": "reactive:crucible",
      "text": "首先，需将$(item)坩埚$()放置在$(thing)世界中$()。然后，需要手动向$(item)其$()中注入水。遗憾的是，坩埚各侧面具有坚护性质，$(thing)自动化管道$()无法触及其内部。$(br2)$(o)Shift 右击即可将其清空。"
    },
    {
      "type": "patchouli:text",
      "text": "向坩埚中投入物品时可能会发生几件事。其一，如果物品是$(thing)嬗变$(0)配方的原料，且坩埚中有必需的$(l:intro/powers)能量$(/l)，则物品会被嬗变。示例$(l:reactive:intro/techniques)见此$(/l)。$(br2)其二，具有能量的物品会溶解，并将能量释放到溶液中。抵达坩埚容量上限时此过程会停止。"
    },
    {
      "type": "patchouli:text",
      "text": "坩埚中的能量通常会改变水的颜色和运动模式。$(p)通常情况下，被溶解的物体什么都不会剩下，但某些对应$(thing)能量释放$(0)配方的物品会留下副产物。示例$(l:reactive:intro/pure_quartz)见此$(/l)。$(br2)如果上述事件均未发生，则物品只会在坩埚中漂浮，不会产生反应。"
    },
    {
      "type": "patchouli:text",
      "text": "$(1)工程相关事项：$(p)面对坩埚的$(item)发射器$(1)可装填或清空$(l:reactive:objects_of_study/bottles)能量之瓶$(/l)。$(p)$(item)漏斗$(1)可自动向坩埚加入物品，从侧面加入也可。$(p)最后一点，产物会从坩埚中弹出，弹起的高度足以让水流捕获。"
    }
  ]
}