{
  "name": "蚀空合金靴子",
  "sortnum": 23,
  "category": "justdirethings:armor",
  "icon": "justdirethings:eclipsealloy_boots[justdirethings:forge_energy=500000]",
  "pages": [
    {
      "type": "patchouli:text",
      "text": "这双能力超群的靴子最多可以存储 500,000FE，灵活性出众，能量吸收能力也超群。配备$(l:justdirethings:item_pocket_generator)便携发电器$(/l)充能，即可保持最优状态。"
    },
    {
      "type": "patchouli:crafting",
      "title": "蚀空合金靴子的配方",
      "recipe": "justdirethings:eclipsealloy_boots"
    }
  ]
}
