{
  "name": "原初浆凝胶",
  "sortnum": 1,
  "category": "justdirethings:goo",
  "icon": "justdirethings:gooblock_tier1",
  "pages": [
    {
      "type": "patchouli:text",
      "text": "原初浆凝胶是最初级的凝胶，它能够转化最基础的资源，例如将铁转化为核源铁。它很适合作为物质转化的入门实验基底，也能将普通的材料转化为更有用更高效的物质。$(br2)原初浆凝胶的合成只需消耗普通的主世界材料，它也因此是凝胶炼金性质的探索之始。"
    },
    {
      "type": "patchouli:crafting",
      "title": "原初浆凝胶的配方",
      "recipe": "justdirethings:gooblock_tier1"
    }
  ]
}
