{
  "name": "虚空瞬移手杖",
  "sortnum": 6,
  "category": "justdirethings:items",
  "icon": "justdirethings:voidshift_wand[justdirethings:forge_energy=10000]",
  "pages": [
    {
      "type": "patchouli:text",
      "text": "虚空瞬移手杖由$(l:justdirethings:item_blazejet_wand)烈焰推进手杖$(/l)发展而来，它能利用维度能量完成更为复杂的操作。$(br2)全新的“虚空瞬移”能力可让你传送到你所看的位置⸺当然，不能超出距离上限。"
    },
    {
      "type": "patchouli:text",
      "text": "可在工具设置界面中激活用自定义键位或鼠标按键。我个人喜欢右击触发“空气推进”，“虚空瞬移”放在左键上。$(br2)也可在此缩短距离上限，或是打开与关闭目标玩家渲染。"
    },
    {
      "type": "patchouli:crafting",
      "title": "虚空瞬移手杖的配方",
      "recipe": "justdirethings:voidshift_wand"
    }
  ]
}
