{
  "name": "高级传送枪",
  "sortnum": 11,
  "category": "justdirethings:items",
  "icon": "justdirethings:portalgun_v2[justdirethings:forge_energy=1000000]",
  "pages": [
    {
      "type": "patchouli:text",
      "text": "高级传送枪拓展了普通传送枪的功能，加入了一个收藏菜单。按下键位可打开菜单，默认为 V。$(br2)可在菜单中收藏位置，即保存玩家当前所处的位置。而后在其他地方发射一次，便会打开通向已保存位置的传送门。"
    },
    {
      "type": "patchouli:text",
      "text": "此物品接受多个收藏项，可以重命名，如有需要也可移除。此外，“保持菜单开启”选项可以让菜单保持在打开状态，或是禁用以让菜单仅在按住键位时出现。$(br2)使用时必须灌入$(l:justdirethings:res_portal_fluid)传送流体$(/l)，右击流体源即可，也能使用$(l:justdirethings:item_fluid_canister)流体罐$(/l)。"
    },
    {
      "type": "patchouli:crafting",
      "title": "高级传送枪的配方",
      "recipe": "justdirethings:portalgun_v2"
    }
  ]
}
