{
  "name": "时间手杖",
  "sortnum": 7,
  "category": "justdirethings:items",
  "icon": "justdirethings:time_wand[justdirethings:forge_energy=100000]",
  "pages": [
    {
      "type": "patchouli:text",
      "text": "时间手杖构造轻便，能够利用$(l:justdirethings:res_time_crystal)时间水晶$(/l)的时间修改能力。$(br2)需注意，使用此手杖前应先提供 FE 和$(l:justdirethings:res_time_fluid)时间流体$(/l)。"
    },
    {
      "type": "justdirethings:text_with_config",
      "text": "右击任何按刻运行的方块即可，熔炉等机器、小麦等农作物均在此列。第一次点击会让方块以两倍速运转。再次点击变为 4 倍，三次变为 8 倍，最高可达 #time_wand.time_wand_max_multiplier# 倍！$(br2)每次加速都会消耗 FE 和时间流体，加速越多消耗越大。$(br2)速度提升效果会持续 30 秒。",
      "config_options": [
        "time_wand.time_wand_max_multiplier"
      ]
    },
    {
      "type": "patchouli:crafting",
      "title": "时间手杖的配方",
      "recipe": "justdirethings:time_wand"
    }
  ]
}
