{
  "name": "生物捕捉器",
  "sortnum": 8,
  "category": "justdirethings:items",
  "icon": "justdirethings:creaturecatcher",
  "pages": [
    {
      "type": "patchouli:text",
      "text": "生物捕捉器是能捕捉和释放实体的新颖工具。对着实体掷出即可捕捉该实体，捕捉后再投出即可释放。$(br2)也可以放到某些过滤器中，用以过滤特定类型的实体，比如蓝色的绵羊。"
    },
    {
      "type": "patchouli:crafting",
      "title": "生物捕捉器的配方",
      "recipe": "justdirethings:creaturecatcher"
    }
  ]
}
