{
  "name": "燃料罐",
  "sortnum": 1,
  "category": "justdirethings:items",
  "icon": "justdirethings:fuel_canister",
  "pages": [
    {
      "type": "patchouli:text",
      "text": "燃料罐是存储与运输大量燃料的好方法。$(br2)手持右击打开界面。Shift 右击燃料放入其中（也可拿起燃料放入槽位）。煤炭、木材等等，所有燃料都可以，但熔岩桶除外。"
    },
    {
      "type": "patchouli:text",
      "text": "提示文本会显示已存储的燃料量。然后可将燃料罐放置熔炉和发电器等机器里，机器便会消耗罐中的燃料。如此操作，烧炼单个矿石的时候就不会浪费一整块煤炭了！$(br2)注意：放进去的物品无法再取出！"
    },
    {
      "type": "patchouli:text",
      "text": "放入本模组的燃料时也会传入其倍率属性，并与罐中已有的燃料取平均。在$(l:justdirethings:item_pocket_generator)便携发电器$(/l)和$(l:justdirethings:mach_generatort1)煤炭发电器$(/l)中使用时，其提示文本会显示最终的倍率。"
    },
    {
      "type": "patchouli:crafting",
      "title": "燃料罐的配方",
      "recipe": "justdirethings:fuel_canister"
    }
  ]
}
