{
  "name": "高级流体放置器",
  "sortnum": 16,
  "category": "justdirethings:machines",
  "icon": "justdirethings:fluidplacert2",
  "pages": [
    {
      "type": "patchouli:text",
      "text": "高级流体放置器由$(l:justdirethings:mach_fluidplacert1)初级流体放置器$(/l)升级而来。$(br2)它能在更大的区域内放置流体。和$(l:justdirethings:mach_blockplacert2)高级方块放置器$(/l)类似，它的过滤槽也可以选定何种方块上可以放置流体。"
    },
    {
      "type": "patchouli:crafting",
      "title": "高级流体放置器",
      "recipe": "justdirethings:fluidplacert2"
    }
  ]
}
