{
  "name": "物品拾取器",
  "sortnum": 1,
  "category": "justdirethings:machines",
  "icon": "justdirethings:itemcollector",
  "pages": [
    {
      "type": "patchouli:text",
      "text": "物品拾取器使用低品质材料制作而成，但其功能与$(l:justdirethings:mach_advanced_controls)高级机器$(/l)类似。它会拾取工作区域内所有物品实体，并存入其附着的容器。$(br2)界面中可以过滤何种方块可以拾取，如有需要也可加快拾取的速度。"
    },
    {
      "type": "patchouli:crafting",
      "title": "物品拾取器",
      "recipe": "justdirethings:itemcollector"
    }
  ]
}
