{
  "name": "玩家访问器",
  "sortnum": 21,
  "category": "justdirethings:machines",
  "icon": "justdirethings:playeraccessor",
  "pages": [
    {
      "type": "patchouli:text",
      "text": "玩家访问器是一个使用方块，功能独特。它能够让其他机器与玩家的物品栏直接交互。漏斗、管道等外部系统可由此直接向玩家物品栏输入输出物品，是连接玩家和自动化存储系统的桥梁。"
    },
    {
      "type": "patchouli:text",
      "text": "界面中的按钮可以设定各面能访问何种槽位。$(br2)例如，可以让“上”面用于穿戴或脱下盔甲，“下”面用于交互副手槽。"
    }
  ]
}
