{
  "name": "蚀空合金锭",
  "sortnum": 7,
  "category": "justdirethings:resources",
  "icon": "justdirethings:eclipsealloy_ingot",
  "pages": [
    {
      "type": "patchouli:text",
      "text": "蚀空合金锭由粗蚀空合金烧炼而来，它的耐久度和强度无可比拟。这种粗矿又是挖掘$(l:justdirethings:res_eclipsealloy_raw)粗蚀空合金矿簇$(/l)的产品。最终产出的铸锭是最为强大、最为耐用的物品的原材料，也是最佳材料。"
    },
    {
      "type": "patchouli:smelting",
      "title": "烧炼粗蚀空合金",
      "recipe": "justdirethings:eclipsealloy_ingot_smelted"
    }
  ]
}
