{
  "name": "蚀空合金镐",
  "sortnum": 21,
  "category": "justdirethings:tools",
  "icon": "justdirethings:eclipsealloy_pickaxe[justdirethings:forge_energy=500000]",
  "pages": [
    {
      "type": "patchouli:text",
      "text": "蚀空合金镐的耐久度极其深厚，其储能能力也极为强大，因此可以近乎完美地挖掘最坚固的方块。$(br2)此镐支持各式高级挖掘能力。"
    },
    {
      "type": "patchouli:crafting",
      "recipe": "justdirethings:eclipsealloy_pickaxe",
      "text": "蚀空合金镐的配方"
    }
  ]
}
