{
  "name": "脑雾",
  "sortnum": 1,
  "category": "justdirethings:upgrades",
  "icon": "justdirethings:upgrade_mindfog",
  "pages": [
    {
      "type": "patchouli:text",
      "text": "此能力无需激活，它使得你更难被发现。生物无法再轻易意识到你的存在，你也因此可以在被察觉前靠得更近。$(br2)镐品质盔甲的能力效果也越好。"
    },
    {
      "type": "patchouli:crafting",
      "title": "脑雾升级的配方",
      "recipe": "justdirethings:upgrade_mindfog"
    }
  ]
}
