{
  "name": "掉落物传送",
  "sortnum": 1,
  "category": "justdirethings:upgrades",
  "icon": "justdirethings:upgrade_dropteleport",
  "pages": [
    {
      "type": "patchouli:text",
      "text": "掉落物传送升级能确保你搜刮的战利品完好无损。这一创新升级会将掉落物直接传送到绑定的容器中。$(br2)手持工具 Shift 右击箱子等容器即可绑定。此后，矿石、生物等产生的掉落物就会直接传送到那里面！"
    },
    {
      "type": "patchouli:crafting",
      "title": "掉落物传送升级的配方",
      "recipe": "justdirethings:upgrade_dropteleport"
    }
  ]
}
