{
    "name": "越南蛋咖啡",
    "icon": "coffeecraft:coffee_egg",
    "category": "coffeecraft:coffee",
    "pages": [
        {
            "type": "patchouli:text",
            "text": "品尝我们独特的越南蛋咖啡，享受丝滑的意式浓缩咖啡和泡沫生鸡蛋的美妙组合。体验浓郁咖啡风味和鸡蛋奶油质地的迷人组合，创造出令人难忘的美味饮品。"
        },
        {
            "type": "coffeecraft:template_coffee_crafting",
            "text": "调制越南蛋咖啡！",
            "item0": "coffeecraft:coffee_powder#2",
            "item1": "minecraft:egg",
            "item2": "minecraft:air",
            "result": "coffeecraft:coffee_egg"
        }
    ]
}