{
    "name": "开始",
    "icon": "minecraft:writable_book",
    "category": "productivebees:guide",
    "pages": [
        {
            "type": "patchouli:text",
            "text": "资源蜜蜂建立在原版蜜蜂之上。本指南假设对原版系统有一定的了解。"
        },
        {
            "type": "patchouli:text",
            "text": "除了香草蜜蜂之外，你还会遇到一系列新蜜蜂，它们生活在隐藏得很好的 $(l:hives/nests)蜂巢$(/l) 中，位于主世界的不同生物群系里。这些蜜蜂是孤独的，这意味着它们不会生活在蜂箱中。然而，它们的遗传学允许繁殖不同类型的蜜蜂，而且它们看起来很酷。"
        },
        {
            "type": "patchouli:text",
            "text": "你需要找到的第一件事是原版蜂巢，以获得一些蜂蜜瓶和蜜脾。制作 $(l:items/bee_cage)蜜蜂笼$(/l) 需要蜂蜜瓶，这使您运送蜜蜂到家变得更加容易。"
        },
        {
            "type": "patchouli:text",
            "text": "一旦你收集了足够的蜜脾, 就给自己建造一个 $(l:hives/advanced_hives)高级蜂箱$(/l) 和一个 $(l:hives/expansion_boxes)扩容盒$(/l)。 $(l:hives/advanced_hives)高级蜂箱$(/l) 允许您查看内部并密切关注您的蜜蜂及其生产的产品。"
        },
        {
            "type": "patchouli:text",
            "text": "有些蜜蜂只能在其他维度上找到或通过繁殖获得。使用 JEI 查找繁殖方法，以便您知道需要找到哪些蜜蜂。"
        }
    ]
}