{
    "name": "白尾角马" , 
    "icon": "untamedwilds:textures/icon/wildebeest/black.png" , 
    "category": "untamedwilds:wildebeest_category" , 
    "pages": [
        {
            "type": "text" , 
            "title": "白尾角马" , 
            "text": "黑角马或白尾角马($(o)Connochaetes gnou$())是两种亲缘关系密切的角马之一。$(br2)它是牛科角马属的一个成员。$(br2)1780年，埃伯哈德·奥古斯特·威廉·冯·齐默尔曼首次记述了其。"
        } , 
        {
            "type": "entity" , 
            "entity": "untamedwilds:wildebeest{Variant: 0, Size: 1}" , 
            "text": ""
        } , 
        {
            "type": "text" , 
            "title": "白尾角马" , 
            "text": "相对大小：\u2605\u2605\u2605\u2606\u2606$(br2)日间活动$(br2)1种肤色$(br2)最喜欢的食物：minecraft:grass$(br2)种类数量：2$(br2)成长时间：无天数"
        }
    ]
}