{
    "name": "斑纹角马" , 
    "icon": "untamedwilds:textures/icon/wildebeest/blue.png" , 
    "category": "untamedwilds:wildebeest_category" , 
    "pages": [
        {
            "type": "text" , 
            "title": "斑纹角马" , 
            "text": "The blue wildebeest ($(o)Connochaetes taurinus$()), also called the common wildebeest, white-bearded gnu or brindled gnu，是一种大型羚类动物，也是两种角马之一。$(br2)它被分在牛科的角马属中，与白尾角马在分类学上有着密切的关系。"
        } , 
        {
            "type": "entity" , 
            "entity": "untamedwilds:wildebeest{Variant: 1, Size: 1}" , 
            "text": ""
        } , 
        {
            "type": "text" , 
            "title": "斑纹角马" , 
            "text": "相对大小：\u2605\u2605\u2605\u2606\u2606$(br2)日间活动$(br2)1种肤色$(br2)最喜欢的食物：minecraft:grass$(br2)种类数量：2$(br2)成长时间：无天数"
        }
    ]
}