{
  "name": "冷却和燃料",
  "icon": "minecraft:coal",
  "category": "advancedperipherals:metaphysics",
  "advancement": "advancedperipherals:weak_automata_core",
  "priority": true,
  "pages": [
    {
      "type": "text",
      "text": "所有改动世界的操作都会消耗海龟的燃料（当然，前提是你没有在CC:Tweaked的配置文件里面禁用燃料消耗）$(p)同时，这些操作中的大部分都有冷却，所以你需要在你的代码中考虑到这一点。幸好所有正在进行的冷却的信息都可以用外设的方法（method）来接收。"
    },
    {
      "type": "text",
      "text": "觉得冷却时间太长了吗？这就是燃料消耗率起作用的时候了！$(p)调大燃料消耗率会减少冷却时间，但是很显然会增加燃料消耗。例如，假设点击操作需要一点燃料来进行，并且有5秒冷却时间。那么在燃料消耗率2下你可以每2.5秒执行一次点击操作，但是要消耗2点燃料。"
    },
    {
      "type": "text",
      "text": "然而，燃料消耗率没有这么简单！每个自动机械核心都有最大燃料消耗限制，可以用$(l)getConfiguration$()方法来获取。$(p)另外燃料点数的增长速度要比冷却时间的减少速度快。例如燃料消耗率3将需要4点燃料，燃料消耗率4将需要6点燃料，等等。"
    }
  ]
}