{
  "name": "养殖自动机械核心",
  "icon": "advancedperipherals:husbandry_automata_core",
  "category": "advancedperipherals:metaphysics",
  "advancement": "advancedperipherals:weak_automata_core",
  "pages": [
    {
      "type": "spotlight",
      "title": "养殖自动机械核心",
      "item": "advancedperipherals:husbandry_automata_core",
      "text": "在吸收了3只鸡、3头牛、3只羊之后，弱自动机械核心将会转化为养殖自动机械核心！$(p)看上去，除了让弱自动机械核心成为更强大的变种之外，这种灵魂也提供了与动物交互的能力！"
    },
    {
      "type": "link",
      "text": "除了弱自动机械核心的能力之外，这种灵魂让海龟能够与动物交互，甚至能将它们转移到自己内部！$(p)但是要注意，在海龟损坏以后其内部存储的任何动物都会丢失。",
      "url": "https://docs.intelligence-modding.de/turtles/metaphysics/husbandry_automata/",
      "link_text": "API文档"
    }
  ]
}
