{
  "name": "超频自动机械核心",
  "icon": "advancedperipherals:overpowered_weak_automata_core",
  "category": "advancedperipherals:metaphysics",
  "advancement": "advancedperipherals:weak_automata_core",
  "pages": [
    {
      "type": "spotlight",
      "title": "超频弱自动机械核心",
      "item": "advancedperipherals:overpowered_weak_automata_core",
      "text": "这是第一次你试图绕过自动机械的规律。好吧，没你希望中那么成功。$(p)任意自动机械核心与下界之星的拙劣组合将会导致一些结果..."
    },
    {
      "type": "crafting",
      "recipe": "advancedperipherals:overpowered_weak_automata_core",
      "recipe2": "advancedperipherals:overpowered_end_automata_core"
    },
    {
      "type": "link",
      "text": "自动机械核心的超频版本在使用物品时不会消耗物品耐久。$(p)但凡事皆有代价。如果你试图在没有足够燃料的情况下用这个核心执行任何操作，升级将会立刻损坏。",
      "url": "https://docs.intelligence-modding.de/turtles/metaphysics/overpowered_automata/",
      "link_text": "API文档"
    }
  ]
}
