{
    "name": "亚马逊海牛" , 
    "icon": "untamedwilds:textures/icon/manatee/amazon.png" , 
    "category": "untamedwilds:manatee_category" ,
    "pages": [
        {
            "type": "text" , 
            "title": "亚马逊海牛" , 
            "text": "亚马逊海牛($(o)Trichechus inunguis$())是一种生活在巴西、秘鲁、哥伦比亚和厄瓜多尔的亚马逊流域的海牛。$(br2)它们褐色或灰色的皮肤光滑且有褶皱，身上有细毛，胸部呈白色。"
        } , 
        {
            "type": "entity" , 
            "entity": "untamedwilds:manatee{Variant: 1, Size: 1}" , 
            "text": ""
        } , 
        {
            "type": "text" , 
            "title": "亚马逊海牛" , 
            "text": "相对大小：\u2605\u2605\u2606\u2606\u2606$(br2)日间活动$(br2)1种肤色$(br2)最喜欢的食物：minecraft:sea_grass$(br2)种类数量：1$(br2)成长时间：12天"
        }
    ]
}