{
  "name": "蜂房",
  "icon": "complicated_bees:apiary",
  "category": "complicated_bees:machines",
  "advancement": "complicated_bees:first_bee",
  "turnin": "complicated_bees:apiary",
  "pages": [
    {
      "type": "patchouli:text",
      "text": "蜂房是理想的蜜蜂住所。它里面有为蜜蜂、框架、产物设计的便捷空间。这个神奇的小方块就是养蜂人（如果要换个特别点的称呼，那就是“养蜂员”）最好的朋友！"
    },
    {
      "type": "patchouli:crafting",
      "recipe": "complicated_bees:apiary",
      "title": "蜂房",
      "text": "可以使用任意一种蜜脾制作蜂房！"
    }
  ]
}