{
  "name": "蜜蜂文库",
  "icon": "complicated_bees:apid_library",
  "category": "complicated_bees:machines",
  "advancement": "complicated_bees:recipes/misc/apid_library",
  "pages": [
    {
      "type": "patchouli:text",
      "text": "蜜蜂文库可供检验手头的蜜蜂，也可判定蜜蜂能否突变为新品种。$(br2)在右上角槽位放入蜜蜂，再在左侧选择一种突变（如有），即可查看更多有关信息。"
    },
    {
      "type": "patchouli:crafting",
      "recipe": "complicated_bees:apid_library",
      "title": "蜜蜂文库",
      "text": "$(o)至少书是防水的⋯⋯？$(br2)$()"
    }
  ]
}