{
  "name": "自动分析仪",
  "icon": "complicated_bees:autolyzer",
  "category": "complicated_bees:machines",
  "advancement": "complicated_bees:analyzer",
  "pages": [
    {
      "type": "patchouli:text",
      "text": "自动分析仪是$(l:complicated_bees:genetics/analyzer)分析仪$()的方块形式。它接受漏斗和其他物品传输手段的交互，且只会输出经过分析的样本。"
    },
    {
      "type": "patchouli:crafting",
      "recipe": "complicated_bees:autolyzer",
      "title": "自动分析仪",
      "text": "$(o)我见得多了$()"
    }
  ]
}