{
  "name": "熔炉发电机",
  "icon": "complicated_bees:furnace_generator",
  "category": "complicated_bees:machines",
  "advancement": "complicated_bees:apiary",
  "pages": [
    {
      "type": "patchouli:text",
      "text": "这台精妙的机器能把东西燃烧成动力（或 RF）。通常来说，很适合为$(l:complicated_bees:machines/centrifuge)离心机$()等机器供能。"
    },
    {
      "type": "patchouli:crafting",
      "recipe": "complicated_bees:furnace_generator",
      "title": "熔炉发电机",
      "text": "$(o)想不明白，那就点燃它！$(br2)$()"
    }
  ]
}