{
  "name": "机器升级",
  "icon": "complicated_bees:basic_upgrade",
  "category": "complicated_bees:machines",
  "advancement": "complicated_bees:recipes/misc/basic_upgrade",
  "pages": [
    {
      "type": "patchouli:text",
      "text": "有了足量蜜蜂产出乃至工业级量产蜜脾后，改进机器因此也变得非常重要。蜂胶这种“万金油”能和其他材料配合制造出特殊的模块，它们就可以升级机器！$(br2)机器升级会乘算叠加，与框架类似。"
    },
    {
      "type": "patchouli:crafting",
      "recipe": "complicated_bees:basic_upgrade",
      "title": "基础升级",
      "text": "此升级是其他所有升级的基础。它自身能提供少量效率和速度增益。"
    },
    {
      "type": "patchouli:crafting",
      "recipe": "complicated_bees:waxed_upgrade",
      "recipe2": "complicated_bees:honeyed_upgrade"
    },
    {
      "type": "patchouli:crafting",
      "recipe": "complicated_bees:silky_upgrade",
      "recipe2": "complicated_bees:twisted_upgrade"
    },
    {
      "type": "patchouli:crafting",
      "recipe": "complicated_bees:royal_upgrade",
      "title": "蜂王升级",
      "text": "此升级是部分强力高级升级的基础。它自身能提供中等量的效率和速度增益。"
    },
    {
      "type": "patchouli:crafting",
      "recipe": "complicated_bees:endenic_upgrade",
      "recipe2": "complicated_bees:withered_upgrade"
    }
  ]
}