{
    "name": "红河猪" , 
    "icon": "untamedwilds:textures/icon/boar/red_river.png" , 
    "category": "untamedwilds:boar_category" , 
    "pages": [
        {
            "type": "text" , 
            "title": "红河猪" , 
            "text": "它通常很少出现在远离热带雨林的地方，且更喜欢靠近河流或沼泽的地区。"
        } , 
        {
            "type": "entity" , 
            "entity": "untamedwilds:boar{Variant: 2, Size: 1}" , 
            "text": ""
        } , 
        {
            "type": "text" , 
            "title": "红河猪" , 
            "text": "相对大小：\u2605\u2605\u2605\u2606\u2606$(br2)夜间活动$(br2)1种肤色$(br2)最喜欢的食物：minecraft:beetroot$(br2)种类数量：4$(br2)成长时间：4天"
        }
    ]
}