{
    "name": "非洲疣猪" , 
    "icon": "untamedwilds:textures/icon/boar/warthog.png" , 
    "category": "untamedwilds:boar_category" , 
    "pages": [
        {
            "type": "text" , 
            "title": "非洲疣猪" , 
            "text": "非洲疣猪($(o)Phacochoerus africanus$())是野生的猪科($(o)Suidae$())成员，分布于撒哈拉以南非洲的草原、稀树草原和林地。"
        } , 
        {
            "type": "entity" , 
            "entity": "untamedwilds:boar{Variant: 3, Size: 1}" , 
            "text": ""
        } , 
        {
            "type": "text" , 
            "title": "非洲疣猪" , 
            "text": "相对大小：\u2605\u2605\u2605\u2606\u2606$(br2)夜间活动$(br2)1 Colors$(br2)最喜欢的食物：minecraft:beetroot$(br2)种类数量：4$(br2)成长时间：无天数"
        }
    ]
}