{
    "name": "绿红东美螈" , 
    "icon": "untamedwilds:textures/icon/newt/eastern.png" , 
    "category": "untamedwilds:newt_category" ,
    "pages": [
        {
            "type": "text" , 
            "title": "绿红东美螈" , 
            "text": "绿红东美螈($(o)Notophthalmus viridescens$()) 是北美洲东部常见的蝾螈。$(br2)它经常生活于小湖、池塘、溪流或附近的潮湿森林。$(br2)绿红东美螈体内会产生河豚毒素，这使得食肉鱼类和小龙虾不适合捕猎该物种。"
        } , 
        {
            "type": "entity" , 
            "entity": "untamedwilds:newt{Variant: 2, Size: 1}" , 
            "text": ""
        } , 
        {
            "type": "text" , 
            "title": "绿红东美螈" , 
            "text": "相对大小：\u2605\u2605\u2605\u2606\u2606$(br2)始终活动$(br2)2种肤色$(br2)最喜欢的食物：无$(br2)种类数量：5$(br2)成长时间：3天"
        }
    ]
}