{
  "name": "缩小",
  "icon": "minecraft:paper",
  "category": "reactive:reactions",
  "advancement": "reactive:reactions/size_shrink_effect",
  "pages": [
    {
      "type": "patchouli:text",
      "text": "$(bold)视觉特征：$()$(br)坩埚处出现红色泡泡，并打向周围生物。$(p)$(bold)实际效果：$()$(br)受影响生物的大小变为正常大小的三分之二。"
    },
    {
      "type": "reactive:reaction",
      "reaction": "size_shrink_effect"
    }
  ]
}