{
  "category": "ars_nouveau:turrets",
  "icon": "ars_artillery:earth_turret_crate",
  "name": "土之炮塔",
  "pages": [
    {
      "type": "patchouli:text",
      "text": "土之炮塔会对周围敌人造成少量伤害，并给予它们虚弱和中毒效果。升级后发射频率、攻击范围、攻击力度、负面效果的持续时间都会增强。"
    },
    {
      "type": "patchouli:entity",
      "entity": "ars_artillery:earth_turret_1"
    },
    {
      "type": "ars_nouveau:apparatus_recipe",
      "recipe": "ars_artillery:earth_turret_1_crate_recipe"
    },
    {
      "type": "patchouli:crafting",
      "recipe": "ars_artillery:earth_salvage"
    }
  ]
}