{
    "name": "公牛真鲨" , 
    "icon": "untamedwilds:textures/icon/shark/bull.png" , 
    "category": "untamedwilds:shark_category" , 
    "pages": [
        {
            "type": "text" , 
            "title": "公牛真鲨" , 
            "text": "它以其好斗性和生活于温水、淡咸水和包括河口和河流的淡水系统中而著称。$(br2)公牛真鲨可以在咸水和淡水中繁殖，并且可以远渡河流。"
        } , 
        {
            "type": "entity" , 
            "entity": "untamedwilds:shark{Variant: 2, Size: 1}" , 
            "text": ""
        } , 
        {
            "type": "text" , 
            "title": "公牛真鲨" , 
            "text": "相对大小：\u2605\u2605\u2605\u2606\u2606$(br2)始终活动$(br2)1种肤色$(br2)最喜欢的食物：untamedwilds:chum$(br2)种类数量：3$(br2)成长时间：7天"
        }
    ]
}