{
    "name": "斑鬣狗" , 
    "icon": "untamedwilds:textures/icon/hyena/spotted.png" , 
    "category": "untamedwilds:hyena_category" , 
    "pages": [
        {
            "type": "text" , 
            "title": "斑鬣狗" , 
            "text": "它被世界自然保护联盟评为最不受关注的物种，因为它分布广泛，数量多，大约在27000到47000只之间。$(br2)然而，由于栖息地的消失和偷猎，该物种在保护区外的数量正在减少。"
        } , 
        {
            "type": "entity" , 
            "entity": "untamedwilds:hyena{Variant: 2, Size: 1}" , 
            "text": ""
        } , 
        {
            "type": "text" , 
            "title": "斑鬣狗" , 
            "text": "相对大小：\u2605\u2605\u2605\u2606\u2606$(br2)夜间活动$(br2)3种肤色$(br2)最喜欢的食物：minecraft:rotten_flesh$(br2)种类数量：2$(br2)成长时间：4天"
        }
    ]
}