{
    "name": "地洞" ,
    "icon": "untamedwilds:textures/icon/info/burrow.png" ,
    "category": "untamedwilds:info" ,
    "pages": [
        {
            "type": "text" , 
            "title": "地洞" ,
            "text": "地洞是一种地面上的洞，是某些动物居住的地方。$(br2)每个地洞只会居住一个物种，尽管一个地洞中可能有多个生物。$(br2)地洞可以在配置文件中禁用，这样的话，生物通常会直接生成在世界中。"
        },
        {
            "type": "text" ,
            "title": "地洞" ,
            "text": "只要多个生物都在一个地洞内，新生物就可能少见地在相应的繁殖季节外出生，所以，最好不要将洞穴全都破坏。$(br2)或者，可以挖掉一个地洞，这会使地洞内的生物全部消失，并产生相当一部分经验。"
        }
    ]
}