{
  "name": "初级传感器",
  "sortnum": 9,
  "category": "justdirethings:machines",
  "icon": "justdirethings:sensort1",
  "pages": [
    {
      "type": "patchouli:text",
      "text": "初级传感器会检测区域内的方块和实体，并在条件满足时发出红石信号。界面中的槽位是过滤槽，可以过滤方块和生物。$(br2)在“方块”和空过滤槽的默认情况下，它会在其前方有方块的时候发出红石信号。"
    },
    {
      "type": "patchouli:text",
      "text": "$(l)红石$()按钮可以切换所发出信号的强弱。$(br2)$(l)白名单$()按钮用于设定过滤槽是白名单或黑名单。需注意，检测特定方块时需设为“白名单”。在“黑名单”和空过滤槽的情况下，它会在其前方有方块的时候发出红石信号。"
    },
    {
      "type": "patchouli:text",
      "text": "$(l)目标$()按钮可以循环切换选定“方块”“空气”“敌对生物”“友好生物”“成年生物”“幼年生物”“玩家”“活体”“物品实体”。具体功能参见$(l:justdirethings:mach_clickert1)初级点击器$(/l)条目。$(br2)“物品实体”模式会检测前方是否存在物品实体。"
    },
    {
      "type": "patchouli:text",
      "text": "“选定方块”时，可以右击过滤槽设置具体的方块$(l)状态$()！$(br)比如，可以检测门是否开启，或拉杆是否已拨动。$(br2)在过滤槽内有方块时右击，即可在左侧显示所有的方块状态。点击可以循环切换各状态的值。"
    },
    {
      "type": "patchouli:crafting",
      "title": "初级传感器",
      "recipe": "justdirethings:sensort1"
    }
  ]
}
