{
  "name": "末地水晶",
  "icon": "minecraft:end_crystal",
  "category": "reactive:objects_of_study",
  "advancement": "reactive:make_crucible",
  "turnin": "reactive:be_levitated",
  "pages": [
    {
      "type": "patchouli:text",
      "text": "$(o)$(item)末地水晶$(0)的谜团很多。坦诚而言，我对此相当着迷。$(p)它没有实际用途，除了它相当易爆。但制造它用到了各种强大的反应物，不发生点什么几乎不可能。"
    },
    {
      "type": "patchouli:text",
      "text": "$(o)研究更新：在坩埚旁边放置末地水晶能催发$(4)两种不同的反应$(0)，我已发现对应的现象。$(br2)先不论操作如此危险设备的安全问题，我确信你应当注意这些反应。"
    }
  ]
}