{
  "name": "值得注意的能量源",
  "icon": "minecraft:gunpowder",
  "category": "reactive:objects_of_study",
  "turnin": "reactive:notable_sources_discovered",
  "priority": true,
  "pages": [
    {
      "type": "patchouli:text",
      "text": "$(o)我从前人的研究成果中整理出了有关各种能量来源的笔记。需要指引和帮助的时候可以来看看。"
    },
    {
      "type": "patchouli:spotlight",
      "item": "minecraft:ender_pearl",
      "text": "$(item)末影珍珠$(0)似乎是折跃能量的好来源，但其本性不够稳定，我推测释能过程$(4)在已有折跃能量时$(0)有很大可能出现$(4)意外副作用$(0)。看来验证方式只有一种了！"
    },
    {
      "type": "patchouli:spotlight",
      "item": "minecraft:gunpowder",
      "text": "$(item)火药$(0)为酸性，但我总觉得在某些情况下使用如此易燃易爆的材料会相当危险。为安全起见，可用$(item)下界疣$(0)和几类下界的$(item)绯红植物$(0)作为替代。$(br2)$(o)我个人喜欢使用$(item)蜘蛛眼$(0)。"
    },
    {
      "type": "patchouli:spotlight",
      "item": "minecraft:soul_sand",
      "text": "$(item)灵魂沙$(0)应当是灵魂能量的完美来源⸺连名字都能对上！但是，最终得到的能量似乎⋯⋯$(l:objects_of_study/omen)有些奇怪$(/l)。我推荐后续所有炼金实验中不要使用灵魂沙。$(p)$(o)真正的能量来源覆盖着海底的废墟以及最为深暗的洞穴。"
    },
    {
      "type": "reactive:dissolve",
      "reactant": "minecraft:enchanted_book",
      "text": "书籍是意识能量搜寻之旅的好开头。不过到底哪些书能产生意识能量呢？"
    },
    {
      "type": "patchouli:text",
      "text": "能产生生命能量的材料相当稀少，但就在昨天，我发现我的坩埚里竟然凭空出现了这种能量！我检查了一遍我的库存，但没查出少东西，所以和昨晚来的$(thing)灭鼠人$(0)毫无关系。$(br2)生命能量是怎么$(l:reactive:objects_of_study/sacrifice)不耗一个物品$(0)就出现的呢？"
    }
  ]
}
