{
  "name": "寒透脊背",
  "icon": "minecraft:ominous_bottle",
  "category": "reactive:objects_of_study",
  "advancement": "reactive:ominous",
  "turnin": "reactive:reactions/omen_settling",
  "pages": [
    {
      "type": "patchouli:text",
      "text": "这种能量⋯⋯保守看来也是非常独特。我对能量的理论中没有它所对应的位置！没有完美的对应关系！我必须看看究竟是怎么一回事。$(p)测量显示，这种新物质至少有两种可用的反应。"
    },
    {
      "type": "patchouli:text",
      "text": "找出何种反应激发物或催化物能令这种极为$(thing)不祥$(0)的溶液产生变化，应该是比较简单的。$(p)我应该和同事们谈谈这件事。"
    },
    {
      "type": "patchouli:text",
      "text": "⋯⋯我被告知，这种能量确实是个$(4)禁忌$(0)，但我也确实了解了些知识。$(p)这种能量据说能与金属以某种方式反应。我试过了铜，铸锭和徽记都试过了，但都没能产生变化。在征求到足够纯净的金属样本后，我就会尝试它们。"
    },
    {
      "type": "patchouli:text",
      "text": "此外，我还听到有传言称这种能量还有第三种反应，能够生成难以捉摸的灵魂能量。"
    }
  ]
}