{
  "name": "奇异的窘境",
  "icon": "minecraft:red_mushroom_block",
  "category": "reactive:objects_of_study",
  "advancement": "reactive:be_size_changed",
  "turnin": "reactive:be_size_reverted",
  "flag": "mod:pehkui",
  "pages": [
    {
      "type": "patchouli:text",
      "text": "$(1)啊哈，有一个好消息和一个坏消息⋯⋯$(p)我成功复刻出了一种大小改变反应⸺其实两种都成功了。这两种反应都需要意识能量和形体能量，第三种原材料则不相同。$(p)再说坏消息，在找疗法上花进去的工夫没能得到相应的回报。"
    },
    {
      "type": "patchouli:text",
      "text": "$(1)我试遍了所有我能想到的能量，和意识以及形体组合，却都没能让我恢复我原来的身高。$(p)这真是，相当麻烦。好在我手中的物品也随我一起缩小了，不过⸺呃，确实，还是蛮尴尬的。"
    },
    {
      "type": "patchouli:text",
      "text": "$(1)我现在只能希冀于某种反应激发物能够让这些配方中的一种发挥反转作用了。"
    }
  ]
}