{
  "name": "一忘皆空",
  "sortnum": 1,
  "category": "justdirethings:upgrades",
  "icon": "justdirethings:upgrade_stupefy",
  "pages": [
    {
      "type": "patchouli:text",
      "text": "一忘皆空升级能让敌人思绪混乱。看向敌人并用键位激活此能力后，它便会立即遗忘你！$(br2)而且，它只有在一会后才能再以你为目标。此能力有冷却时间。"
    },
    {
      "type": "patchouli:crafting",
      "title": "一忘皆空升级的配方",
      "recipe": "justdirethings:upgrade_stupefy"
    }
  ]
}
