{
    "name": "圆鼻巨蜥" , 
    "icon": "untamedwilds:textures/icon/monitor/water.png" , 
    "category": "untamedwilds:monitor_category" , 
    "pages": [
        {
            "type": "text" , 
            "title": "圆鼻巨蜥" , 
            "text": "圆鼻巨蜥($(o)Varanus salvator$())是一种原产于南亚和东南亚的巨蜥。$(br2)它在《世界自然保护联盟红色名录》中被列为最不受关注的物种。$(br2)它由劳伦蒂于1768年记述，是世界上最大的有鳞目动物之一。"
        } , 
        {
            "type": "entity" , 
            "entity": "untamedwilds:monitor{Variant: 4, Size: 1}" , 
            "text": ""
        } , 
        {
            "type": "text" , 
            "title": "圆鼻巨蜥" , 
            "text": "相对大小：\u2605\u2605\u2605\u2606\u2606$(br2)始终活动$(br2)4种肤色($(o)4种稀有肤色$())$(br2)最喜欢的食物：untamedwilds:food_turtle_raw$(br2)种类数量：5$(br2)成长时间：无天数"
        }
    ]
}