{
    "name": "红尾鲶" , 
    "icon": "untamedwilds:textures/icon/catfish/redtail.png" , 
    "category": "untamedwilds:catfish_category" , 
    "pages": [
        {
            "type": "text" , 
            "title": "红尾鲶" , 
            "text": "红尾鲶，Phractocephalus hemioliopterus，是一种油鲶($(o)长须$())鱼。$(br2)在委内瑞拉，其被称为cajaro，在巴西被称为pirarara，源于图皮语单词pir\u00e1和arara。$(br2)它是护头鲿属唯一现存的物种。"
        } , 
        {
            "type": "entity" , 
            "entity": "untamedwilds:catfish{Variant: 2, Size: 1}" , 
            "text": ""
        } , 
        {
            "type": "text" , 
            "title": "红尾鲶" , 
            "text": "相对大小：\u2605\u2605\u2605\u2606\u2606$(br2)始终活动$(br2)2种肤色$(br2)最喜欢的食物：untamedwilds:chum$(br2)种类数量：5$(br2)成长时间：6天"
        }
    ]
}