{
  "category": "ars_nouveau:turrets",
  "icon": "ars_artillery:fire_turret_crate",
  "name": "放置炮塔",
  "pages": [
    {
      "type": "patchouli:text",
      "text": "手持炮塔板条箱点击方块，即可放下炮塔。放置后的炮塔无法再收起，且在被摧毁前不会移动。"
    },
    {
      "type": "patchouli:entity",
      "entity": "ars_artillery:air_turret_1"
    },
    {
      "type": "patchouli:entity",
      "entity": "ars_artillery:earth_turret_1"
    },
    {
      "type": "patchouli:entity",
      "entity": "ars_artillery:fire_turret_1"
    },
    {
      "type": "patchouli:entity",
      "entity": "ars_artillery:water_turret_1"
    },
    {
      "type": "patchouli:entity",
      "entity": "ars_artillery:abjuration_turret_1"
    },
    {
      "type": "patchouli:entity",
      "entity": "ars_artillery:conjuration_turret_1"
    },
    {
      "type": "patchouli:entity",
      "entity": "ars_artillery:manipulation_turret_1"
    }
  ]
}