{
    "name": "蜂巢头盔",
    "icon": "productivebees:bee_nest_diamond_helmet",
    "category": "productivebees:items",
    "pages": [
        {
            "type": "patchouli:spotlight",
            "item": "productivebees:bee_nest_diamond_helmet",
            "text": "将蜂巢压在漂亮的钻石头盔上，让它变得粘稠。巢中的蜜蜂肯定会习惯你，甚至会在你处于危险之中时保护你。穿上这件衣服也会向其他蜜蜂展示你的善意，并防止你收到它们的攻击。"
        },
        {
            "type": "patchouli:crafting",
            "recipe": "productivebees:bee_nest_helmet"
        }
    ]
}