{
    "name": "蜜蜂笼",
    "icon": "productivebees:bee_cage",
    "category": "productivebees:items",
    "pages": [
        {
            "type": "patchouli:spotlight",
            "item": "productivebees:bee_cage",
            "text": "蜜蜂笼可用于捕获蜜蜂以进行储存或运输。要捕捉蜜蜂，只需使用蜜蜂笼右键单击蜜蜂即可。在地上右键单击装满的蜜蜂笼可以释放蜜蜂.$(br2)确保在旅行时始终随身携带几个蜜蜂笼，以防遇到有趣的蜜蜂。"
        },
        {
            "type": "patchouli:crafting",
            "recipe": "productivebees:bee_cage",
            "text": "很容易在游戏前期获得"
        },
        {
            "type": "patchouli:text",
            "text": "在有效的花块上释放蜜蜂会将蜜蜂的花朵位置设置为该方块。同样，在潜行时在有效的蜂巢或蜂箱中释放蜜蜂会将蜜蜂的归巢位置设置为该蜂巢或蜂箱。"
        }
    ]
}