{
    "name": "蜂巢定位器",
    "icon": "productivebees:nest_locator",
    "category": "productivebees:items",
    "pages": [
        {
            "type": "patchouli:spotlight",
            "item": "productivebees:nest_locator",
            "text": "可以识别附近蜂巢的微弱嗡嗡声。按住Shift键并右键单击要查找的蜂巢或同种方块。如果要查找沙子蜂巢，可以右键单击沙子蜂巢或沙子。再次右键单击将找到附近任何该类型的蜂巢。"
        },
        {
            "type": "patchouli:crafting",
            "recipe": "productivebees:nest_locator"
        }
    ]
}