{
    "name": "升级基板",
    "icon": "productivebees:upgrade_base",
    "category": "productivebees:items",
    "pages": [
        {
            "type": "patchouli:spotlight",
            "item": "productivebees:upgrade_base",
            "text": "可以对机器和蜂巢进行升级，以增加其功能或提高性能。"
        },
        {
            "type": "patchouli:crafting",
            "recipe": "productivebees:upgrades/base",
            "text": "所有其他升级的基础。"
        },
        {
            "type": "patchouli:crafting",
            "recipe": "productivebees:upgrades/breeding",
            "text": "可用于: $(l:hives/advanced_hives#expanded)扩容盒$(/l), $(l:blocks/catcher)捕捉器$(/l).",
            "anchor": "babee"
        },
        {
            "type": "patchouli:text",
            "text": "当安装在蜂巢中时，升级：繁殖将为生活在蜂巢内的蜜蜂提供很小的机会，无需您的参与即可繁殖和产生新的后代。请注意，通常无法繁殖的蜜蜂不适用于此升级。$(br)当安装在 $(l:blocks/catcher)捕捉器$(/l)，中时，只有幼蜂会被捕获并放入笼子中。"
        },
        {
            "type": "patchouli:crafting",
            "recipe": "productivebees:upgrades/productivity",
            "text": "可用于: $(l:hives/advanced_hives#expanded)扩容盒$(/l), $(l:blocks/honey_generator)蜂蜜发电机(/l).",
            "anchor": "productivity"
        },
        {
            "type": "patchouli:text",
            "text": "当安装在蜂箱中时，升级：产量将增加蜜蜂每次旅行产生的蜜脾数量。可以安装多个升级：产量。"
        },
        {
            "type": "patchouli:crafting",
            "recipe": "productivebees:upgrades/time",
            "text": "可用于: $(l:hives/advanced_hives#expanded)扩容盒$(/l), $(l:blocks/centrifuge)离心机$(/l), $(l:blocks/incubator)小蜜蜂孵化器$(/l), $(l:blocks/honey_generator)蜂蜜发电机(/l).",
            "anchor": "speed"
        },
        {
            "type": "patchouli:text",
            "text": "当安装在蜂巢中时，升级：速度将减少蜜蜂在蜂巢内停留的时间。$(br)当安装在 $(l:blocks/centrifuge)离心机$(/l) 或 $(l:blocks/incubator)小蜜蜂孵化器$(/l)中时，将提高操作速度"
        },
        {
            "type": "patchouli:crafting",
            "recipe": "productivebees:upgrades/filter",
            "text": "可用于: $(l:hives/advanced_hives#expanded)扩容盒$(/l), $(l:blocks/catcher)捕捉器$(/l).",
            "anchor": "filter"
        },
        {
            "type": "patchouli:text",
            "text": "右键单击蜜蜂以将其添加到过滤器中。将滤镜放入制作网格中以清除它。当安装在蜂巢中时，只允许过滤器上指定的蜜蜂进入。$(br)当安装在捕捉器中时，只会被捕捉过滤器上指定的蜜蜂。"
        },
        {
            "type": "patchouli:crafting",
            "recipe": "productivebees:upgrades/range",
            "text": "可用于: $(l:hives/advanced_hives#expanded)扩容盒$(/l), $(l:blocks/catcher)捕捉器$(/l).",
            "anchor": "range"
        },
        {
            "type": "patchouli:text",
            "text": "当安装在蜂巢中时，每个升级可以将农夫蜜蜂和收集者、囤积者蜜蜂的默认的4格操作范围增加1格。当安装在捕捉器上时，升级：范围将在各个方向上将操作区域扩大1个方块。可以安装多个范围升级。"
        },
        {
            "type": "patchouli:crafting",
            "recipe": "productivebees:upgrades/anti_teleport",
            "text": "可用于: $(l:hives/advanced_hives#expanded)扩容盒$(/l).",
            "anchor": "anti_teleport"
        },
        {
            "type": "patchouli:text",
            "text": "当安装在蜂箱中时，可以传送的蜜蜂在生活在升级后的蜂箱中时将不再传送。"
        },
        {
            "type": "patchouli:crafting",
            "recipe": "productivebees:upgrades/bee_sampler",
            "text": "可用于: $(l:hives/advanced_hives#expanded)扩容盒$(/l).",
            "anchor": "sampler"
        },
        {
            "type": "patchouli:text",
            "text": "当安装在蜂箱中时，每次访问都会提取一小块授粉蜜蜂样本，且不会伤害他们。可以在同一配置单元中安装多个以提高速率。"
        },
        {
            "type": "patchouli:crafting",
            "recipe": "productivebees:upgrades/comb_block",
            "text": "可用于: $(l:hives/advanced_hives#expanded)扩容盒$(/l).",
            "anchor": "comb_block"
        },
        {
            "type": "patchouli:text",
            "text": "当安装在蜂箱中时，蜜蜂会产生完整的蜜脾块而不是蜜脾。"
        },
        {
            "type": "patchouli:crafting",
            "recipe": "productivebees:upgrades/simulator",
            "text": "可用于: $(l:hives/advanced_hives#expanded)扩容盒$(/l).",
            "anchor": "simulator"
        },
        {
            "type": "patchouli:text",
            "text": "当安装在蜂箱中时，蜜蜂将不再从蜂箱中出来，而是模拟它们的花朵之旅，以获得更好的服务器性能。蜜蜂花块或带有花块的饲养板必须放置在蜂箱的下方，不要挡住前面，而是正下方。"
        },
        {
            "type": "multiblock",
            "name": "模拟蜂箱",
            "multiblock": {
                "mapping": {
                    "H": "productivebees:advanced_oak_beehive[expanded=up]",
                    "E": "productivebees:expansion_box_oak[expanded=up]",
                    "F": "productivebees:feeder[type=top]"
                },
                "pattern": [
                    [
                        " E"
                    ],
                    [
                        " H"
                    ],
                    [
                        "F0"
                    ]
                ],
                "offset": [
                    0, 1, 0
                ]
            },
            "enable_visualize": false
        },
        {
            "type": "multiblock",
            "name": "模拟蜂箱",
            "multiblock": {
                "mapping": {
                    "H": "productivebees:advanced_oak_beehive[expanded=left,facing=east]",
                    "E": "productivebees:expansion_box_oak[expanded=left,facing=east]",
                    "F": "minecraft:iron_block"
                },
                "pattern": [
                    ["HE","  "],
                    ["0 ", "F "]
                ],
                "offset": [
                    0, 1, 0
                ]
            },
            "enable_visualize": false
        }
    ]
}
