{
  "name": "寇伯",
  "icon": "mythicmobs:kobold_spawn_egg",
  "category": "mythicmobs:mobs",
  "pages": [
    {
      "type": "text",
      "text": "寇伯是一种被动生物，假如玩家对它们没有恶意，它们便不会主动伤害玩家。它们以狡诈和自私著称，并且可以和玩家交易。但是，交易者应该记住，寇伯的报价非常挑剔。"
    },
    {
      "type": "image",
      "images": [
        "mythicmobs:other/images/kobold.png",
        "mythicmobs:other/images/kobold_cloth.png"
      ],
      "text": "狡诈的怪物",
      "border": true
    }
  ]
}
