{
    "name": "海龟术入门",
    "icon": "turtlemancy:turtle_cauldron",
    "category": "turtlemancy:turtlemy",
    "pages": [
        {
            "type": "spotlight",
            "title": "海龟术入门",
        	"item": "turtlemancy:turtle_cauldron",
            "text": "很高兴你对$(turtlemancy)海龟术$()感兴趣，$(playername)。让我快速地介绍它是如何运作的。要开始$(turtlemancy)海龟术$()，你需要两个东西：$(item)海龟术士坩埚$()和$(thing)水$()。"
        },
        {
            "type": "text",
            "text": "身为一个$(#009432)海龟术士$()，你必须要知道$(thing)水$()有多强大，而且加热它不会使$(thing)水$()变得更强大或任何东西。$(br2)所以，不像其他$(thing)炼金术$()系统，使用$(turtlemancy)海龟术$()并不需要加热$(thing)水$()。因此，不要害怕在$(turtlemancy)海龟术$()中出错。你不会失去你的物品。"
        },
        {
            "type": "crafting",
        	"recipe": "turtlemancy:turtle_cauldron",
        	"text": "记得使用水填充它，不要愚弄自己把东西扔进一个空的海龟术士坩埚。"
        }
    ],
    "priority": true,
    "sortnum": 0
}