{
  "name": "太阳能板框架",
  "icon": "industrialrenewal:solar_panel_frame",
  "category": "industrialrenewal:small_machines_category",
  "pages": [
    {
      "type": "patchouli:text",
      "text": "放置于太阳能板框架上时，一张太阳能板可以发出两倍的能量(默认情况)。$(br2)手持太阳能板右键单击太阳能板框架即可安装。$(br2)太阳能板框架之间可以互相传递能量，传输速率上限为1024RF/t(默认情况)。"
    }
  ]
}