{
  "name": "行走速度",
  "sortnum": 1,
  "category": "justdirethings:upgrades",
  "icon": "justdirethings:upgrade_walkspeed",
  "pages": [
    {
      "type": "patchouli:text",
      "text": "行走速度升级让你有如足下生风。此升级很适合探索和农垦，就算不疾跑，也能增加步行速度。$(br2)可以加装于核源铁护腿，更高品质护腿的行走速度也更快。设置界面中有滑块可供调整。"
    },
    {
      "type": "patchouli:crafting",
      "title": "行走速度升级的配方",
      "recipe": "justdirethings:upgrade_walkspeed"
    }
  ]
}
