{
    "name": "龙蛋蜂箱",
    "icon": "productivebees:dragon_egg_hive",
    "category": "productivebees:hives",
    "sortnum": 4,
    "pages": [
        {
            "type": "patchouli:spotlight",
            "item": "productivebees:dragon_egg_hive",
            "text": "为末影龙蜜蜂制作的特殊蜂巢，允许用户收获原本难以获得的末影龙蜜脾。自然状态下的末影龙蜜蜂生活在黑曜石蜂巢中，但也会生活在挖空的龙蛋中。它们也可以被说服生活在一个高级蜂箱中，但不会在那里产生任何龙息。"
        },
        {
            "type": "patchouli:crafting",
            "recipe": "productivebees:nests/dragon_egg_hive",
            "text": "你可以用剩菜做一个充实的煎蛋卷"
        },
        {
            "type": "patchouli:text",
            "text": "生活在龙蛋蜂箱中的末影龙蜜蜂不需要任何开花，因为它们正在从空气中吸收末影龙精华。在末地之外的地点活动时，末影龙蜜蜂必须有另一个授粉源。$(br2)龙蛋蜂箱不支持升级。"
        }
    ]
}