{
    "name": "单峰驼" , 
    "icon": "untamedwilds:textures/icon/camel/dromedary.png" , 
    "category": "untamedwilds:camel_category" ,
    "pages": [
        {
            "type": "text" , 
            "title": "单峰驼" , 
            "text": "雄性的体重通常在400至600千克($(o)880至1520磅$())之间，雌性的体重在300至540千克($(o)660至1190磅)之间。$(br2)动物皮毛通常是棕色的。$(br2)驼峰高20厘米($(o)7+7\u20448 in$())或者更高，驼峰由脂肪通过纤维组织结合在一起组成。"
        } , 
        {
            "type": "entity" , 
            "entity": "untamedwilds:camel{Variant: 1, Size: 1}" , 
            "text": ""
        } , 
        {
            "type": "text" , 
            "title": "单峰驼" , 
            "text": "相对大小：\u2605\u2605\u2605\u2606\u2606$(br2)日间活动$(br2)2种肤色$(br2)最喜欢的食物：minecraft:cactus$(br2)种类数量：1$(br2)成长时间：13天"
        }
    ]
}