{
  "name": "施法讲台",
  "icon": "scriptor:casting_lectern",
  "category": "scriptor:casting",
  "pages": [
    {
      "type": "patchouli:text",
      "text": [
        "施法讲台可用于自动施放",
        "$(l:casting/spellbooks)法术书$(/l)中写有的法术。",
        "$(br2)",
        "合成方法有关信息请见$(l:crafting/lecterns)合成条目$(/l)。"
      ]
    },
    {
      "type": "patchouli:text",
      "text": [
        "默认情况下，施法讲台会沿书背方向施放",
        "法术。",
        "若未提供红石信号，则其会在冷却结束后自动",
        "施法。",
        "$(br2)",
        "讲台施法的冷却不会缩减，",
        "其与念咒施法的冷却时间完全一致。"
      ]
    },
    {
      "type": "patchouli:relations",
      "title": "相关条目",
      "entries": [
        "scriptor:crafting/lecterns",
        "scriptor:advanced/crystals"
      ],
      "text": "也请看看本页的这些链接！"
    }
  ]
}