{
    "name": "昆士兰锯鳐" , 
    "icon": "untamedwilds:textures/icon/sawfish/dwarf.png" , 
    "category": "untamedwilds:sawfish_category" , 
    "pages": [
        {
            "type": "text" , 
            "title": "昆士兰锯鳐" , 
            "text": "昆士兰锯鳐是锯鳐科锯鳐属鱼类。$(br2)这些大型鱼类分布在世界各地的热带和亚热带沿海海域、河口、淡水湖泊和河流中。$(br2)锯鱼数量正急剧减少，所有锯鳐物种如今都被认为是极度濒危物种。"
        } , 
        {
            "type": "entity" , 
            "entity": "untamedwilds:sawfish{Variant: 0, Size: 1}" , 
            "text": ""
        } , 
        {
            "type": "text" , 
            "title": "昆士兰锯鳐" , 
            "text": "相对大小：\u2605\u2605\u2606\u2606\u2606$(br2)夜间活动$(br2)1种肤色$(br2)最喜欢的食物：untamedwilds:chum$(br2)种类数量：3$(br2)成长时间：无天数"
        }
    ]
}