{
    "name": "极北蝰" , 
    "icon": "untamedwilds:textures/icon/snake/adder.png" , 
    "category": "untamedwilds:snake_category" , 
    "pages": [
        {
            "type": "text" , 
            "title": "极北蝰" , 
            "text": "它们不被认为非常危险；蛇并没有攻击性，通常只有在被激怒、踩到或被抓住时才会咬人。$(br2)被咬伤可能非常痛苦，但基本不会致命。$(br2)它以小型哺乳动物、鸟类、蜥蜴和两栖动物为食，在某些情况下还以蜘蛛、蠕虫和昆虫为食。"
        } , 
        {
            "type": "entity" , 
            "entity": "untamedwilds:snake{Variant: 0, Size: 1}" , 
            "text": ""
        } , 
        {
            "type": "text" , 
            "title": "极北蝰" , 
            "text": "相对大小：\u2605\u2605\u2606\u2606\u2606$(br2)始终活动$(br2)1种肤色$(br2)最喜欢的食物：minecraft:rabbit$(br2)种类数量：4$(br2)成长时间：6天"
        }
    ]
}