{
    "name": "球蟒" , 
    "icon": "untamedwilds:textures/icon/snake/ball_python.png" , 
    "category": "untamedwilds:snake_category" , 
    "pages": [
        {
            "type": "text" , 
            "title": "球蟒" , 
            "text": "球蟒($(o)Python regius$())，也叫皇蟒， 是一种原产于西非和中非的蟒蛇，生活在草原、灌木丛和开阔的森林中。 $(br2)这种无毒蟒蛇是非洲最小的蟒蛇，最长能达到182厘米($(o)72英寸)。"
        } , 
        {
            "type": "entity" , 
            "entity": "untamedwilds:snake{Variant: 1, Size: 1}" , 
            "text": ""
        } , 
        {
            "type": "text" , 
            "title": "球蟒" , 
            "text": "相对大小：\u2605\u2605\u2605\u2606\u2606$(br2)始终活动$(br2)1种肤色$(br2)最喜欢的食物：minecraft:rabbit$(br2)种类数量：4$(br2)成长时间：6天"
        }
    ]
}