{
    "name": "蓝长腺丽纹蛇" , 
    "icon": "untamedwilds:textures/icon/snake/coral_blue.png" , 
    "category": "untamedwilds:snake_category" , 
    "pages": [
        {
            "type": "text" , 
            "title": "蓝长腺丽纹蛇" , 
            "text": "Calliophis bivirgatus是眼镜蛇科的一个物种，通常被称为蓝长腺丽纹蛇或蓝长腺马来西亚丽纹蛇。$(br2)其原产于东南亚。"
        } , 
        {
            "type": "entity" , 
            "entity": "untamedwilds:snake{Variant: 6, Size: 1}" , 
            "text": ""
        } , 
        {
            "type": "text" , 
            "title": "蓝长腺丽纹蛇" , 
            "text": "相对大小：\u2605\u2605\u2605\u2606\u2606$(br2)始终活动$(br2)1种肤色$(br2)最喜欢的食物：minecraft:rabbit$(br2)种类数量：4$(br2)成长时间：6天"
        }
    ]
}