{
    "name": "玉米锦蛇" , 
    "icon": "untamedwilds:textures/icon/snake/corn.png" , 
    "category": "untamedwilds:snake_category" , 
    "pages": [
        {
            "type": "text" , 
            "title": "Corn Snake" , 
            "text": "玉米锦蛇($(o)Pantherophis guttatus$())是一种北美洲的食鼠蛇，通过缠住后绞杀来捕杀小型猎物。$(br2)它遍布在美国东南部和中部。"
        } , 
        {
            "type": "entity" , 
            "entity": "untamedwilds:snake{Variant: 7, Size: 1}" , 
            "text": ""
        } , 
        {
            "type": "text" , 
            "title": "玉米锦蛇" , 
            "text": "相对大小：\u2605\u2605\u2606\u2606\u2606$(br2)始终活动$(br2)1种肤色$(br2)最喜欢的食物：minecraft:rabbit$(br2)种类数量：4$(br2)成长时间：6天"
        }
    ]
}