{
    "name": "水游蛇" , 
    "icon": "untamedwilds:textures/icon/snake/grass_snake.png" , 
    "category": "untamedwilds:snake_category" , 
    "pages": [
        {
            "type": "text" , 
            "title": "水游蛇" , 
            "text": "The grass snake ($(o)Natrix natrix$()), sometimes called the ringed snake or water snake，是一种亚欧大陆的无毒水蛇。$(br2)它经常发现于水边，其几乎完全以两栖动物为食。"
        } , 
        {
            "type": "entity" , 
            "entity": "untamedwilds:snake{Variant: 9, Size: 1}" , 
            "text": ""
        } , 
        {
            "type": "text" , 
            "title": "水游蛇" , 
            "text": "相对大小：\u2605\u2605\u2606\u2606\u2606$(br2)始终活动$(br2)1种肤色$(br2)最喜欢的食物：minecraft:rabbit$(br2)种类数量：4$(br2)成长时间：6天"
        }
    ]
}