{
    "name": "铅色水蛇" , 
    "icon": "untamedwilds:textures/icon/snake/rice_paddy.png" , 
    "category": "untamedwilds:snake_category" , 
    "pages": [
        {
            "type": "text" , 
            "title": "铅色水蛇" , 
            "text": "铅色水蛇或水泡蛇($(o)Hypsiscopus plumbea$())是南亚的一种有轻度毒性的后毒牙蛇。"
        } , 
        {
            "type": "entity" , 
            "entity": "untamedwilds:snake{Variant: 13, Size: 1}" , 
            "text": ""
        } , 
        {
            "type": "text" , 
            "title": "铅色水蛇" , 
            "text": "相对大小：\u2605\u2605\u2606\u2606\u2606$(br2)始终活动$(br2)1种肤色$(br2)最喜欢的食物：minecraft:rabbit$(br2)种类数量：4$(br2)成长时间：6天"
        }
    ]
}