{
    "name": "内陆太攀蛇" , 
    "icon": "untamedwilds:textures/icon/snake/taipan.png" , 
    "category": "untamedwilds:snake_category" , 
    "pages": [
        {
            "type": "text" , 
            "title": "内陆太攀蛇" , 
            "text": "该物种是澳大利亚中东部半旱地区的特有物种。$(br2)生活在这些地区的澳大利亚原住民将这种蛇命名为dandarabilla。$(br2)内陆太攀蛇是专业的哺乳动物猎人，因为它的毒液特别适合杀死温血物种."
        } , 
        {
            "type": "entity" , 
            "entity": "untamedwilds:snake{Variant: 15, Size: 1}" , 
            "text": ""
        } , 
        {
            "type": "text" , 
            "title": "内陆太攀蛇" , 
            "text": "相对大小：\u2605\u2605\u2605\u2606\u2606$(br2)始终活动$(br2)1种肤色$(br2)最喜欢的食物：minecraft:rabbit$(br2)种类数量：4$(br2)成长时间：6天"
        }
    ]
}