{
    "name": "小蜜蜂孵化器",
    "icon": "productivebees:incubator",
    "category": "productivebees:blocks",
    "pages": [
        {
            "type": "patchouli:spotlight",
            "item": "productivebees:incubator",
            "text": "厌倦了等待那些脆弱的小宝宝长大？使用培养箱加快该过程。只需将幼蜂放入笼子中，然后将其与一堆蜂蜜一起放入小蜜蜂孵化器里。"
        },
        {
            "type": "patchouli:text",
            "text": "孵化器的另一个用途是向卵中注入特定蜜蜂类型的 $(l:genetics/collecting#crystalline)基因$(/l) 以获得该蜜蜂类型的刷怪蛋。过遗传学设置获得的蜜蜂型基因。$(br)在制作刷怪蛋时只会使用型基因。蜂蜜小食上的任何其他基因都会丢失。"
        }
    ]
}