{
  "name": "舒缓框架",
  "icon": "complicated_bees:soothing_frame",
  "category": "complicated_bees:frames",
  "advancement": "complicated_bees:recipes/misc/honeyed_frame",
  "pages": [
    {
      "type": "patchouli:text",
      "text": "此框架力求还原蜜蜂仍在幼虫时所处的环境，因此能大幅延长蜜蜂的寿命。不过，它也确实让蜜蜂变得相当懒惰⋯⋯"
    },
    {
      "type": "patchouli:crafting",
      "recipe": "complicated_bees:soothing_frame"
    }
  ]
}