{
    "name": "蜂巢",
    "icon": "productivebees:oak_wood_nest",
    "category": "productivebees:hives",
    "sortnum": 1,
    "pages": [
        {
            "type": "patchouli:text",
            "text": "蜂巢散布在世界各地，每个蜂巢都是1只独居蜜蜂的家园。可以直接打破蜂巢，蜜蜂会保留在蜂巢内，无需精准采集。要清除蜂巢内含有的蜜蜂和蛋，你只需要用它自己合成它。"
        },
        {
            "type": "patchouli:text",
            "text": "如果你在空蜂巢中放一种或多种蜂蜜，可以吸引新的蜜蜂。右键单击蜂蜜小食以开始重新种群冷却。"
        }
    ]
}