{
    "name": "非魔法的酷东西",
    "icon": "turtlemancy:turtle_boat",
    "category": "turtlemancy:getting_started",
    "pages": [
    	{
            "type": "text",
            "text": "$(turtlemancy)海龟术士$()通常会使用一些非魔法且和海龟相关的物品。以下是其中一些想让你知道的："
        },
        {
            "type": "spotlight",
        	"item": "turtlemancy:turtle_boat",
            "text": "这艘超酷的船会让你更快的速度穿越水面。即使没有加速，也很华丽！"
        },
        {
            "type": "spotlight",
        	"item": "turtlemancy:mine_turtle",
            "text": "不要踩在它们上方，否则它们会爆炸！用这个惊人的陷阱填满这个地方！"
        },
        {
            "type": "spotlight",
        	"item": "turtlemancy:turtle_bowl",
            "text": "你可以像普通的碗一样使用它，但是里面的食物你至少可以吃 10 次！"
        },
        {
            "type": "spotlight",
        	"item": "turtlemancy:turtle_door",
            "text": "一扇好看的门，适合好看的海龟术士。"
        },
        {
            "type": "spotlight",
        	"item": "turtlemancy:improved_turtle_door",
            "text": "就像一扇铁门，但更绿！"
        },
        { 
        	"type": "spotlight",
        	"item": "turtlemancy:shell_of_encapsulation",
        	"title": "封装贝壳",
        	"flag": "turtlemancy:shellOfEncapsulationEnabled",
        	"text": "这个魔法物品可以容纳一只生物在里面。哦，但请记住，此物品不适用于怪物。"
        },
        {
            "type": "spotlight",
        	"item": "turtlemancy:pearl_block",
            "text": "一个新的光源。这个由珍珠制成的方块可以像海晶灯一样发光。"
        }
    ],
    "sortnum": 5
}