{
  "name": "卓越揭示",
  "category": "hexcasting:patterns",
  "icon": "minecraft:bell",
  "pages": [
    "虽然我的$(hex)咒术/$可以用$(l:hexcasting:patterns/basics#hexcasting:print)$(action)揭示/$向我的意识传输信息，所得的结果却总是难以把握。除非我站定，仔细想我刚刚听到了什么，不然它就会隐入到其他人说的话中，以至于完全无法分辨。而且，不断往意识里塞 iota 也让我根本没法专心做要紧的事情。",
    "因此，我自己设计了一个图案。它的功能和$(l:hexcasting:patterns/basics#hexcasting:print)$(action)揭示/$类似，但发来的消息会牢牢嵌在我的意识里，而且一经替换就会立刻遗忘。为方便起见，它还能接受一个消息列表。",
    {
      "type": "hexcasting:pattern",
      "anchor": "hexxytounge:reveal",
      "op_id": "hexxytounge:reveal",
      "input": "[iota] | iota",
      "output": "",
      "text": "接受 iota 列表（或单个非 iota，此时视作单元素列表）并永久性将其嵌入我的意识。清除普通揭示的方法无法清除此操作展示的 iota，而是只能通过再次施放卓越揭示或死亡清除。"
    },
    "$(o)成为咒术师，就是去探索本不应被知晓的真相。/$"
  ]
}
