{
	"name": "远古守卫者皮",
	"category": "upgrades",
	"icon": "craftandhunt:guardian_elder_skin",
	"pages": [
		{
			"type": "spotlight",
			"item": "craftandhunt:guardian_elder_skin",
			"text": "来自远古守卫者的粗糙皮肤，可以用来升级守卫者装备。装备一整套会使穿戴者周围的人缓慢。如果它们攻击穿戴者则会受到伤害。"
		},
		{
			"type": "smithing",
			"recipe": "craftandhunt:guardian_upgraded_to_guardian_elder_helmet",
			"recipe2": "craftandhunt:guardian_upgraded_to_guardian_elder_chestplate"
		},
		{
			"type": "smithing",
			"recipe": "craftandhunt:guardian_upgraded_to_guardian_elder_leggings",
			"recipe2": "craftandhunt:guardian_upgraded_to_guardian_elder_boots"
		}
	]
}