{
	"name": "点缀装备",
	"category": "upgrades",
	"icon": "minecraft:gold_block",
	"pages": [
		{
			"type": "spotlight",
			"item": "minecraft:gold_block",
			"text": "对于附魔而言，黄金是一种绝佳的材料，拥有极强的可塑性。但它只提供微弱的保护，而且极度脆弱。使用黄金来缀饰其他矿石盔甲可以帮助他们更容易获得附魔。当然，它可能还有其他用途......"
		},
		{
			"type": "smithing",
			"recipe": "craftandhunt:iron_upgraded_to_t_iron_helmet",
			"recipe2": "craftandhunt:iron_upgraded_to_t_iron_chestplate"
		},
		{
			"type": "smithing",
			"recipe": "craftandhunt:iron_upgraded_to_t_iron_leggings",
			"recipe2": "craftandhunt:iron_upgraded_to_t_iron_boots"
		},
		{
			"type": "smithing",
			"recipe": "craftandhunt:diamond_upgraded_to_t_diamond_helmet",
			"recipe2": "craftandhunt:diamond_upgraded_to_t_diamond_chestplate"
		},
		{
			"type": "smithing",
			"recipe": "craftandhunt:diamond_upgraded_to_t_diamond_leggings",
			"recipe2": "craftandhunt:diamond_upgraded_to_t_diamond_boots"
		},
		{
			"type": "smithing",
			"recipe": "craftandhunt:netherite_upgraded_to_t_netherite_helmet",
			"recipe2": "craftandhunt:netherite_upgraded_to_t_netherite_chestplate"
		},
		{
			"type": "smithing",
			"recipe": "craftandhunt:netherite_upgraded_to_t_netherite_leggings",
			"recipe2": "craftandhunt:netherite_upgraded_to_t_netherite_boots"
		}

	]
}