{
	"name": "火焰猎犬皮",
	"category": "upgrades",
	"icon": "craftandhunt:fox_fire_hide",
	"pages": [
		{
			"type": "spotlight",
			"item": "craftandhunt:fox_fire_hide",
			"text": "这些着火的狗皮在主世界很少见。只有在下界见到并杀死猎狐犬才能得到它们。如果找不到猎狐犬，也可以从流浪商人那里获得兽皮。装备一整套可以获得防火和保护之力。"
		},
		{
			"type": "smithing",
			"recipe": "craftandhunt:wolf_upgraded_to_fox_fire_boots",
			"recipe2": "craftandhunt:wolf_upgraded_to_fox_fire_chestplate"
		},
		{
			"type": "smithing",
			"recipe": "craftandhunt:wolf_upgraded_to_fox_fire_helmet",
			"recipe2": "craftandhunt:wolf_upgraded_to_fox_fire_leggings"
		},
		{
			"type": "smithing",
			"recipe": "craftandhunt:fox_upgraded_to_fox_fire_boots",
			"recipe2": "craftandhunt:fox_upgraded_to_fox_fire_chestplate"
		},
		{
			"type": "smithing",
			"recipe": "craftandhunt:fox_upgraded_to_fox_fire_helmet",
			"recipe2": "craftandhunt:fox_upgraded_to_fox_fire_leggings"
		}
	]
}