{
    "name": "河马" , 
    "icon": "untamedwilds:textures/icon/hippo/common.png" , 
    "category": "untamedwilds:hippo_category" , 
    "pages": [
        {
            "type": "text" , 
            "title": "河马" , 
            "text": "河马($(o) HIP-\u0259-POT-\u0259-m\u0259s; Hippopotamus amphibius$())，also called the hippo, common hippopotamus, or river hippopotamus，是一种大型半水生哺乳动物，原产于撒哈拉以南非洲。"
        } , 
        {
            "type": "entity" , 
            "entity": "untamedwilds:hippo{Variant: 0, Size: 1}" , 
            "text": ""
        } , 
        {
            "type": "text" , 
            "title": "河马" , 
            "text": "相对大小：\u2605\u2605\u2605\u2606\u2606$(br2)随机活动$(br2)3种肤色$(br2)最喜欢的食物：untamedwilds:flora_water_hyacinth_item$(br2)种类数量：1$(br2)成长时间：8天"
        }
    ]
}