{
    "name": "珍鲹" , 
    "icon": "untamedwilds:textures/icon/trevally/giant.png" , 
    "category": "untamedwilds:trevally_category" , 
    "pages": [
        {
            "type": "text" , 
            "title": "珍鲹" , 
            "text": "它通体呈银色，偶有一些深色斑点，但他们成年后，雄性通体可能是黑色的。$(br2)它是鲹属中最大的鱼类，已知最大体型为170厘米($(o)67英寸$())，体重为80千克($(o)176磅)。"
        } , 
        {
            "type": "entity" , 
            "entity": "untamedwilds:trevally{Variant: 2, Size: 1}" , 
            "text": ""
        } , 
        {
            "type": "text" , 
            "title": "珍鲹" , 
            "text": "相对大小：\u2605\u2605\u2605\u2605\u2606$(br2)始终活动$(br2)1种肤色$(br2)最喜欢的食物：untamedwilds:chum$(br2)种类数量：4$(br2)成长时间：6天"
        }
    ]
}