{
  "title":"合金储罐",
  "text": [
    {
      "text": "合金储罐必须放置在焦黑加热器或焦黑储罐上方，并添加燃料使其工作。可以将焦黑容器或微缩冶炼炉放在其顶部或任何一侧，作为合金原料的输入容器，且需将浇筑口连接到合金储罐上作为输出。"
    },
    {
      "text": "为了使合金储罐正常工作，焦黑加热器中必须装有足够燃料。此外，用红石信号可以控制合金储罐工作。",
      "paragraph": true
    }
  ]
}