{
    "name": "路氏双髻鲨" , 
    "icon": "untamedwilds:textures/icon/shark/hammerhead.png" , 
    "category": "untamedwilds:shark_category" , 
    "pages": [
        {
            "type": "text" , 
            "title": "路氏双髻鲨" , 
            "text": "路氏双髻鲨($(o)Sphyrna lewini$())是双髻鲨科双髻鲨属的一个物种。$(br2)它最初被称为Zygaena lewini。$(br2)希腊语单词sphyrna在英语中翻译为\"hammer\"，指的是这种鲨鱼头部的形状，这是其最显著的特征。"
        } , 
        {
            "type": "entity" , 
            "entity": "untamedwilds:shark{Variant: 6, Size: 1}" , 
            "text": ""
        } , 
        {
            "type": "text" , 
            "title": "路氏双髻鲨" , 
            "text": "相对大小：\u2605\u2605\u2605\u2606\u2606$(br2)始终活动$(br2)1种肤色$(br2)最喜欢的食物：untamedwilds:chum$(br2)种类数量：3$(br2)成长时间：7天"
        }
    ]
}