{
  "name": "坐骑指令",
  "icon": "mythicmounts:textures/gui/book/dash.png",
  "category": "mythicmounts:care",
  "read_by_default": true,
  "pages": [
    {
      "type": "patchouli:text",
      "text": "一旦与骑手绑定，坐骑将能够理解并遵循基本命令。$(br2)使用召唤之杖或其他指令道具右键点击坐骑，可以在跟随、坐下和闲逛之间切换。$(br2)注意：只有坐骑的所有者才有权命令坐骑跟随。"
    }
  ],
  "sortnum": 1
}