{
  "name": "block.arsomega.arcane_bloom_crop",
  "icon": "arsomega:arcane_bloom_crop",
  "category": "ars_nouveau:resources",
  "advancement": "arsomega:restricted_knowledge",
  "pages": [
    {
      "type": "text",
      "text": "奥术之花是法师之花的强大的亲缘物种。奥术之花纤维也因其强大的魔法属性而为人追寻，它也能用于制造非常强大的盔甲。"
    },
    {
      "type": "apparatus_recipe",
      "recipe": "arsomega:arcane_bloom_seed"
    }
  ]
}