{
    "name": "双须骨舌鱼" , 
    "icon": "untamedwilds:textures/icon/arowana/silver.png" , 
    "category": "untamedwilds:arowana_category" , 
    "pages": [
        {
            "type": "text" , 
            "title": "双须骨舌鱼" , 
            "text": "双须骨舌鱼($(o)Osteoglossum bicirrhosum$())是骨舌鱼科中的一种南美洲淡水硬骨鱼。"
        } , 
        {
            "type": "entity" , 
            "entity": "untamedwilds:arowana{Variant: 3, Size: 1}" , 
            "text": ""
        } , 
        {
            "type": "text" , 
            "title": "双须骨舌鱼" , 
            "text": "相对大小：\u2605\u2605\u2605\u2606\u2606$(br2)始终活动$(br2)1种肤色$(br2)最喜欢的食物：untamedwilds:chum$(br2)种类数量：4$(br2)成长时间：6天"
        }
    ]
}