{
	"name": "模具",
	"category": "assemblylinemachines:items",
	"icon": "assemblylinemachines:rod_mold",
	"pages":[
		{
			"type": "text",
			"text": "模具在$(l:blocks/standard_machines#pneumaticcompressor)气动压缩机$()中较为有用，它可以很容易地将材料压成精致的形状。$(p)为了得到每一个模具，你需要制作一个气动压缩机，它们都在其中制作得到。"
		},
		{
			"type": "spotlight",
			"item": "assemblylinemachines:gear_mold",
			"link_recipe": true,
			"text": "想要获得$(8)齿轮模具$()，需要使用一个纯钢齿轮当模具，然后加工两个纯钢锭即可获得。"
		},
		{
			"type": "spotlight",
			"item": "assemblylinemachines:rod_mold",
			"link_recipe": true,
			"text": "想要获得$(8)棒材模具$()，需要使用一个纯钢棒当模具，然后加工两个纯钢锭即可获得。"
		},
		{
			"type": "spotlight",
			"item": "assemblylinemachines:plate_mold",
			"link_recipe": true,
			"text": "想要获得$(8)板材模具$()，需要使用一个纯钢板做模具，然后加工两个纯钢锭即可获得。"
		}
	]
}