{
    "name": "巴塔哥恐鹤" , 
    "icon": "untamedwilds:textures/icon/terror_bird/patagornis.png" , 
    "category": "untamedwilds:terror_bird_category" , 
    "pages": [
        {
            "type": "text" , 
            "title": "巴塔哥恐鹤" , 
            "text": "巴塔哥恐鹤是骇鸟科中一个已灭绝的食肉不飞鸟属。$(br2)它们被称为\"恐鸟\"，在中新世早期和中期生活在现在的阿根廷；巴塔哥尼亚的圣克鲁兹中包含了其许多的标本。"
        } , 
        {
            "type": "entity" , 
            "entity": "untamedwilds:terror_bird{Variant: 2, Size: 1}" , 
            "text": ""
        } , 
        {
            "type": "text" , 
            "title": "巴塔哥恐鹤" , 
            "text": "相对大小：\u2605\u2605\u2606\u2606\u2606$(br2)日间活动$(br2)1种肤色$(br2)最喜欢的食物：minecraft:rabbit$(br2)种类数量：5$(br2)成长时间：无天数"
        }
    ]
}