{
  "name": "Summon Creatures",
  "icon": "roots:ritual_summon_creatures",
  "category": "rituals",
  "read_by_default": true,
  "flag": "roots:ritual_summon_creatures",
  "pages": [
    {
      "type": "text",
      "text": "The spirit of a creature is summoned from beyond, while a fleshy body is created for it, returning it to this world.$(br2)$(info) The creature's form is determined by the items that are placed on nearby $(l:rituals/catalyst_plates)catalyst plates$().$(br2)$(warning) Limitations of this guide book prevent a full list of combinations, but one can be found $(uses:roots:ritual_summon_creatures)in JEI$()."
    },
    {
      "type": "pyre_template",
      "ritual": "ritual_summon_creatures",
      "text": "As a $(l:rituals/tiers)$(bold)tier I$() ritual, $(l:rituals/ritual_summon_creatures#multiblock)catalyst plates$() are required for the ritual to be effective."
    },
    {
      "type": "multiblock",
      "anchor": "multiblock",
      "multiblock": {
        "mapping": {
          "0": "roots:pyre",
          "W": "roots:catalyst_plate[facing=west]",
          "E": "roots:catalyst_plate[facing=east]",
          "N": "roots:catalyst_plate[facing=north]",
          "S": "roots:catalyst_plate[facing=south]"
        },
        "pattern": [
          [
            "       ",
            "       ",
            "       ",
            "       ",
            "       ",
            "       ",
            "       "
          ],
          [
            "       ",
            "       ",
            "       ",
            "       ",
            "       ",
            "       ",
            "       "
          ],
          [
            "   W   ",
            "       ",
            "       ",
            "N  0  S",
            "       ",
            "       ",
            "   E   "
          ]
        ]
      },
      "text": "Up to ten $(l:rituals/catalyst_plates)Catalyst Plates$() may be placed nearby (up to six blocks away)."
    },
    {
      "type": "text",
      "title": "Ritual Specifics",
      "text": "$(bold)Duration:$() The ritual lasts $(ritual:summon_creatures/SECONDS/duration) seconds, with the entity being summoned after $(ritual:summon_creatures/SECONDS/interval).$(br2)$(bold)Size:$() The ritual will try to summon the creature within an area of $(ritual:summon_creatures/radius_x) and $(ritual:summon_creatures/radius_z) blocks horizontally, and by $(ritual:summon_creatures/radius_y) blocks vertically.$(br2)$(bold)Summoning$(): The ritual will make $(ritual:summon_creatures/tries) attempts to find a suitable location to place the summoned creature."
    },
    {
      "type": "text",
      "text": "$(bold)Glowing$(): Creatures summoned by the ritual will glow for $(ritual:summon_creatures/SECONDS/glow_duration) seconds."
    },
    {
      "type": "relations",
      "entries": [
        "crafting/catalyst_plates",
        "rituals/catalyst_plates",
        "resources/life_essence"
      ]
    }
  ]
}