{
    "name": "吉氏卡林肯恐鹤" , 
    "icon": "untamedwilds:textures/icon/terror_bird/kelenken.png" , 
    "category": "untamedwilds:terror_bird_category" , 
    "pages": [
        {
            "type": "text" , 
            "title": "吉氏卡林肯恐鹤" , 
            "text": "该物种属名来自特维尔切神话中的恶魔，种加词则是为了表彰标本的发现者。$(br2)其正模标本由已知的最完整的大型甲骨头骨之一，以及跗骨、小腿骨和趾骨组成。"
        } , 
        {
            "type": "entity" , 
            "entity": "untamedwilds:terror_bird{Variant: 1, Size: 1}" , 
            "text": ""
        } , 
        {
            "type": "text" , 
            "title": "吉氏卡林肯恐鹤" , 
            "text": "相对大小：\u2605\u2605\u2605\u2606\u2606$(br2)日间活动$(br2)1种肤色$(br2)最喜欢的食物：minecraft:rabbit$(br2)种类数量：5$(br2)成长时间：无天数"
        }
    ]
}