{
    "name": "曲带恐鹤" , 
    "icon": "untamedwilds:textures/icon/terror_bird/phorusracos.png" , 
    "category": "untamedwilds:terror_bird_category" , 
    "pages": [
        {
            "type": "text" , 
            "title": "曲带恐鹤" , 
            "text": "曲带恐鹤($(o) FOR-\u0259s-RAH-koss$())是一种已灭绝的巨型不飞恐怖鸟属，在中新世时期居住在阿根廷。$(br2)曲带恐鹤存在时在南美洲是占主导地位的陆地捕食者之一.$(br2)它们被认为生活在林地和草原上。"
        } , 
        {
            "type": "entity" , 
            "entity": "untamedwilds:terror_bird{Variant: 3, Size: 1}" , 
            "text": ""
        } , 
        {
            "type": "text" , 
            "title": "曲带恐鹤" , 
            "text": "相对大小：\u2605\u2605\u2605\u2606\u2606$(br2)日间活动$(br2)1种肤色$(br2)最喜欢的食物：minecraft:rabbit$(br2)种类数量：5$(br2)成长时间：无天数"
        }
    ]
}