{
  "name": "世界之眼",
  "icon": "reactive:occult_symbol",
  "category": "reactive:objects_of_study",
  "advancement": "reactive:place_eye",
  "pages": [
    {
      "type": "patchouli:text",
      "text": "$(o)坩埚的外壁上刻有两种徽记。其一较为熟悉，是一个内沿宽二高三的长方形，一个下界传送门。$(p)传送门象征着运动的潜能，以及物品与其能量的链接。"
    },
    {
      "type": "patchouli:text",
      "text": "$(o)其二则是世界之眼，监视着万物的眼。它象征着动作和起因。$(p)$(o)$(item)末影之眼$(0)也象征着这些，不过它们注视的是远在我之前的年代，那时的监视者与今日不同。$(p)在写下这段文字的时候，这个徽记象征着我们：我，我的同伴。现在，它象征着$(item)你$(0)。"
    },
    {
      "type": "patchouli:text",
      "text": "$(o)如果远离坩埚放置，这个徽记类似于你形象的再现。$(thing)某些怪物$(0)会受其吸引，没什么特殊的。"
    },
    {
      "type": "patchouli:text",
      "text": "$(o)如要释放其真正的力量，你必须对其使用$(item)嬗变卷轴$(0)。$(p)保护好自己。"
    }
  ]
}