{
  "name": "石板的等级",
  "icon": "bloodmagic:blankslate",
  "category": "bloodmagic:altar",
  "extra_recipe_mappings": {
    "bloodmagic:blankslate": 1,
    "bloodmagic:reinforcedslate": 1,
    "bloodmagic:infusedslate": 2,
    "bloodmagic:demonslate": 2
  },
  "pages": [
    {
      "type": "patchouli:text",
      "text": "$(l:bloodmagic:altar/blood_altar)血之祭坛$(/l)的主要功能是制作$(item)石板$()。每一级石板都需要上一级石板作为材料，也需要更高的祭坛等级。"
    },
    {
      "type": "bloodmagic:2x_crafting_altar",
      "a.heading": "空白石板",
      "a.recipe": "bloodmagic:altar/slate",
      "b.heading": "强化石板",
      "b.recipe": "bloodmagic:altar/reinforcedslate"
    },
    {
      "type": "bloodmagic:2x_crafting_altar",
      "a.heading": "灌输石板",
      "a.recipe": "bloodmagic:altar/imbuedslate",
      "b.heading": "恶魔石板",
      "b.recipe": "bloodmagic:altar/demonicslate"
    },
    {
      "type": "bloodmagic:crafting_altar",
      "heading": "悬幽石板",
      "recipe": "bloodmagic:altar/etherealslate"
    }

  ]
}


