{
  "name": "灵魂网络",
  "icon": "bloodmagic:weakbloodorb",
  "category": "bloodmagic:altar",
  "pages": [
    {
      "type": "patchouli:text",
      "text": "$(thing)灵魂网络$()是将你的$(thing)灵魂$()是于你所有的绑定物品、仪式与方块连接的网络。其本质是每位玩家独有的$(blood)LP$()全局存储系统，通过绑定物品作为媒介进行存取。当你首次持可绑定物品摁[$(k:use)]时，该物品将绑定至你的$(thing)灵魂网络$()，并被标记为“拥有”于你。"
    },
    {
      "type": "patchouli:text",
      "text": "此后，该物品任何$(blood)LP消耗$()都将从你的$(thing)灵魂网络$()中扣除。如果你$(thing)灵魂网络$()中的$(blood)LP$()不足，将直接消耗你的生命值。$(br2)特殊情况（如$(thing)仪式$()耗尽网络能量),它们会引起你持续的恶心效果，直至你仪式停用或$(thing)灵魂网络$()重新充满。"
    },
    {
      "type": "patchouli:text",
      "text": "为了填满$(thing)灵魂网络$()，你需要制作$(item)气血宝珠$()。$(br2)气血宝珠可以通过两种方式获得$(blood)LP$()。$(li)手持$(item)气血宝珠$()时摁[$(k:use)]消耗1颗心为$(thing)灵魂网络$()提供$(blood)200 LP$()。$(li)将$(item)气血宝珠$()放置在$(l:bloodmagic:altar/blood_altar)血之祭坛$(/l)内，里面有一些$(blood)生命源质$()。宝珠会尽可能快的吸收它，但受到$(item)速度符文$()影响。"
    },
    {
      "type": "patchouli:text",
      "text": "$(item)血之祭坛$()每层级对应专属的$(item)气血宝珠$()它们的配方被记录在后页。$(li)$(item)虚弱气血宝珠$()-最大容量：$(blood)5k LP$()。$(li)$(item)学徒气血宝珠$()-最大容量：$(blood)25k LP$()。$(li)$(item)法师气血宝珠$()-最大容量：$(blood)150k LP$()。$(li)$(item)导师气血宝珠$()-最大容量：$(blood)1M LP$()。$(li)$(item)大法师气血宝珠$()-最大容量：$(blood)10M LP$()。"
    },
    {
      "type": "bloodmagic:2x_crafting_altar",
      "a.heading": "虚弱气血宝珠",
      "a.recipe": "bloodmagic:altar/weakbloodorb",
      "b.heading": "学徒气血宝珠",
      "b.recipe": "bloodmagic:altar/apprenticebloodorb"
    },
    {
      "type": "bloodmagic:2x_crafting_altar",
      "a.heading": "法师气血宝珠",
      "a.recipe": "bloodmagic:altar/magicianbloodorb",
      "b.heading": "导师气血宝珠",
      "b.recipe": "bloodmagic:altar/masterbloodorb"
    },
    {
      "type": "bloodmagic:crafting_altar",
      "heading": "大法师气血宝珠",
      "recipe": "bloodmagic:altar/archmagebloodorb",
      "text":"如果$(blood)LP储存$()仍然不能满足你，你可以考虑$(l:bloodmagic:altar/blood_rune/orb_rune)宝珠符文$()。"
    }
  ]
}
