{
    "name": "美洲平原野牛" , 
    "icon": "untamedwilds:textures/icon/bison/plains.png" , 
    "category": "untamedwilds:bison_category" , 
    "pages": [
        {
            "type": "text" , 
            "title": "美洲平原野牛" , 
            "text": "美洲平原野牛($(o)Bison bison$())是原产于北美洲的一种野牛$(br2)有时通俗地称为野牛($(o)牛科的一个不同分支$())，它是现存的两种野牛之一，另一种是欧洲野牛。"
        } , 
        {
            "type": "entity" , 
            "entity": "untamedwilds:bison{Variant: 0, Size: 1}" , 
            "text": ""
        } , 
        {
            "type": "text" , 
            "title": "美洲平原野牛" , 
            "text": "相对大小：\u2605\u2605\u2605\u2606\u2606$(br2)日间活动$(br2)1种肤色$(br2)最喜欢的食物：untamedwilds:flora_junegrass$(br2)种类数量：1$(br2)成长时间：10天"
        }
    ]
}