{
    "name": "孟加拉巨蜥" , 
    "icon": "untamedwilds:textures/icon/monitor/bengal.png" , 
    "category": "untamedwilds:monitor_category" , 
    "pages": [
        {
            "type": "text" , 
            "title": "孟加拉巨蜥" , 
            "text": "幼蜥可能更多栖息在树上，但成年蜥主要在地面捕猎，其主要捕食节肢动物，但也会捕食小型陆生脊椎动物、地栖鸟、鸟蛋和鱼。"
        } , 
        {
            "type": "entity" , 
            "entity": "untamedwilds:monitor{Variant: 0, Size: 1}" , 
            "text": ""
        } , 
        {
            "type": "text" , 
            "title": "孟加拉巨蜥" , 
            "text": "相对大小：\u2605\u2605\u2605\u2606\u2606$(br2)日间活动$(br2)2种肤色($(o)2种稀有肤色$())$(br2)最喜欢的食物：untamedwilds:food_turtle_raw$(br2)种类数量：5$(br2)成长时间：无天数"
        }
    ]
}