{
    "name": "马来熊" , 
    "icon": "untamedwilds:textures/icon/bear/sun.png" , 
    "category": "untamedwilds:bear_category" ,
    "pages": [
        {
            "type": "text" , 
            "title": "马来熊" , 
            "text": "马来熊($(o)Helarctos malayanus$())是熊科中的一个物种，原产地于东南亚的热带雨林中。$(br2)它是最小的熊，站立时肩部接近70厘米($(o)28英寸$()) 体重为25\u201365千克($(o)55\u2013143磅)。"
        } , 
        {
            "type": "entity" , 
            "entity": "untamedwilds:bear{Variant: 7, Size: 1}" , 
            "text": ""
        } , 
        {
            "type": "text" , 
            "title": "马来熊" , 
            "text": "相对大小：\u2605\u2606\u2606\u2606\u2606$(br2)日间活动$(br2)1种肤色$(br2)最喜欢的食物：minecraft:honeycomb$(br2)种类数量：2$(br2)成长时间：4天"
        }
    ]
}