{
    "name": "地毯蟒" , 
    "icon": "untamedwilds:textures/icon/snake/carpet_python.png" , 
    "category": "untamedwilds:snake_category" , 
    "pages": [
        {
            "type": "text" , 
            "title": "地毯蟒" , 
            "text": "记录中有很多亚种；ITIS列出了6个，爬行动物数据库列出了6个，IUCN列出了8个。"
        } , 
        {
            "type": "entity" , 
            "entity": "untamedwilds:snake{Variant: 3, Size: 1}" , 
            "text": ""
        } , 
        {
            "type": "text" , 
            "title": "地毯蟒" , 
            "text": "相对大小：\u2605\u2605\u2605\u2606\u2606$(br2)始终活动$(br2)1种肤色$(br2)最喜欢的食物：minecraft:rabbit$(br2)种类数量：4$(br2)成长时间：6天"
        }
    ]
}