{
  "name": "item.arsomega.spell_sigil_scald",
  "icon": "arsomega:spell_sigil_scald",
  "category": "arsomega:spell_sigils",
  "advancement": "arsomega:restricted_knowledge",
  "pages": [
    {
      "type": "patchouli:spotlight",
      "item": "arsomega:spell_sigil_scald",
      "text": "烫伤印记会烫伤周围所有目标，施法者不受影响。这些目标会受到大量火焰伤害，并获得烧伤效果。"
    },
    {
      "type": "text",
      "text": "施法图案：$(br) - x x x x x - $(br) x x - - - x x $(br) x - x - x - x $(br) x - - S - - x $(br) x - x - x - x $(br) x x - - - x x $(br) - x x x x x - $(br) $(br)魔力消耗：0"
    },
    {
      "type": "patchouli:crafting",
      "recipe": "arsomega:spell_sigil_scald"
    }
  ]
}