{
    "name": "基础法术",
    "icon": "turtlemancy:turtlemancer_basic_wand",
    "category": "turtlemancy:spells",
    "pages": [
        {
            "type": "spotlight",
            "title": "基础法术",
        	"item": "turtlemancy:turtlemancer_basic_wand",
            "text": "基础魔杖可以施展的所有法术的概要。"
        },
        {
            "type": "image",
            "title": "泡泡飘浮术 I",
        	"images":[ 
        			"turtlemancy:textures/book/bubble.png"
        	],
        	"border": true,
            "text": "将你的目标困在泡泡内并使其飘浮。此外，它也会治疗目标一点点的血量。"
        },
        {
            "type": "image",
            "title": "自身泡泡飘浮术 I",
            "images":[ 
        			"turtlemancy:textures/book/self_bubble.png"
        	],
        	"border": true,
            "text": "你可以按 $(k:turtlemancy.selfbubble) 来使泡泡飘浮术应用在你身上。"
        },
        {
            "type": "text",
            "title": "海龟防御术",
            "text": "潜行使用魔杖会获得$(thing)抗性提升 I$() 和$(thing)缓慢 I$() 作为代价。"
        },
        {
            "type": "spotlight",
            "title": "鸡爆术",
        	"item": "minecraft:feather",
            "text": "对鸡使用魔杖会使其爆炸。对。海龟讨厌鸡。为什么？我不知道。可能是因为他们又快又轻又胆小。使鸡爆炸会获得很多（我是说很多）羽毛。"
        },
        {
            "type": "spotlight",
            "title": "珍珠获取术",
        	"item": "turtlemancy:pearl",
            "text": "对含有牡蛎的沙子使用魔杖会获得珍珠。",
            "anchor": "instant_pearl"
        },
        {
            "type": "spotlight",
            "title": "海带收集术",
        	"item": "minecraft:kelp",
            "text": "对海带使用魔杖会获得大量的海带。",
            "anchor": "kelp_collector"
        },
        {
            "type": "spotlight",
            "title": "鸡蛋拾取术",
        	"item": "minecraft:turtle_egg",
            "text": "对海龟蛋（或岩浆龟蛋）使用魔杖会将其拾取，无需精准采集。$(br2)如果该方块有多个海龟蛋，你一次只能拾取一个。"
        },
        {
            "type": "spotlight",
            "title": "海草收集术",
        	"item": "minecraft:seagrass",
            "text": "对海草使用魔杖会获得大量的海草。"
        }
    ],
    "sortnum": 2
}