{
  "name": "束灵装备基础",
  "icon": "bloodmagic:reagentbinding",
  "category": "bloodmagic:alchemy_array/living_equipment",
  "extra_recipe_mappings":[
    ["bloodmagic:reagentbinding", 1],
    ["bloodmagic:livinghelmet", 3],
    ["bloodmagic:livingplate", 3],
    ["bloodmagic:livingleggings", 3],
    ["bloodmagic:livingboots", 3]
  ],
  "pages": [
    {
      "type": "text",
      "text": "想要制作出$(item)束灵装备$()，首先，你需要准备一套$(item)铁制盔甲（armor）$()『或者说$(item)铁制盔甲（Armour）$()，如果你更喜欢这种说法的话』，一些$(l:bloodmagic:alchemy_array/functional_arrays/arcane_ash)奥术粉灰$()，以及一些$(item)束缚试剂$()。并且，你还得准备一颗$(br)$(l:bloodmagic:demon_will/will_manipulation/soul_gem)普通地狱魂石$()，因为只有普通及以上等级的魂石方可容纳足量的$(item)恶魔意志$()。"
    },
    {
      "type": "crafting_alchemy_table",
      "heading": "束缚试剂",
      "recipe": "bloodmagic:alchemytable/reagent_binding",
      "text": "$(italic)它紧紧地黏附于我身上⋯⋯$()"
    },
    {
      "type": "text",
      "text": "与其他炼金矩阵类似，手持$(item)奥术粉灰$()，面对方块按下[$(k:use)]，然后再向其中投入$(item)束缚试剂$()。接着，放入你的$(item)铁头盔$()，$(item)铁胸甲$()，$(item)铁护腿$()或者$(item)铁靴子$()，放入后向后退几步，静静观看炼金矩阵工作吧。$(br2)束灵装备在锻造之初与铁制盔甲无甚区别，但它拥有$(thing)强化点数$()，谨慎地使用这些点数，你可以以特定的方式增强束灵装备。它们的初始强化点数上限为 100，但是你可以通过某些方式，使得装备的强化点数超过其上限⋯⋯"
    },
    {
      "type": "crafting_array",
      "heading": "束缚仪式",
      "recipe": "bloodmagic:array/living_helmet",
      "text": "哎，它是活的⋯⋯而且它还在以我为范本不断地进行学习。我最好小心一些，别乱教东西给它。$(br2)当我看向它时，我可以按住 [$(k:sneak)] 近距离观察它，看看它目前到底学习了啥玩意。"
    }
  ]
}
