{
  "name": "仪式：过度生长",
  "icon": "roots:ritual_overgrowth",
  "category": "automation",
  "read_by_default": true,
  "pages": [
    {
      "type": "text",
      "text": "$(l:rituals/ritual_overgrowth)Overgrowth$() automation can be done simply with vanilla methods.$(br2)Place cobble (or $(l:herbs/terra_moss)eligible stone$()) adjacent to water with a dispenser (with a $(l:crafting/knives)knife$() inside) facing it. Create a redstone clock that pulses the dispenser, and then begin the Overgrowth ritual.$(br2)$(info) $(l:herbs/terra_moss)Terra moss$() will be spawned above the dispenser, where a"
    },
    {
      "type": "multiblock",
      "anchor": "multiblock",
      "multiblock": {
        "mapping": {
          "0": "roots:pyre",
          "R": "minecraft:redstone_block",
          "C": "minecraft:chest[facing=north]",
          "T": "minecraft:cobblestone",
          "W": "minecraft:water",
          "H": "minecraft:hopper[facing=east]",
          "I": "minecraft:unlit_redstone_torch",
          "D": "minecraft:dispenser[facing=north]",
          "1": "minecraft:redstone_wire[east=none,north=up,south=none,west=none]",
          "2": "minecraft:redstone_wire[east=none,north=side,south=side,west=side]",
          "3": "minecraft:unpowered_repeater[facing=north]",
          "4": "minecraft:redstone_wire[east=side,north=none,south=none,west=side]",
          "5": "minecraft:redstone_wire[east=side,north=none,south=side,west=none]",
          "6": "minecraft:unpowered_repeater[facing=south]",
          "7": "minecraft:redstone_wire[east=side,north=none,south=side,west=none]",
          "S": "minecraft:stone"
        },
        "pattern": [
          ["          ","          ","          ","          "],
          ["          ","0   H 232I","    C 4 4 ","      567 "],
          ["  S       ","CSWTD1SSSR","  S S SSS ","      SSS "],
          ["SSSSSSSSSS","SSSSSSSSSS","SSSSSSSSSS","SSSSSSSSSS"]
        ]
      },
      "text": "hopper can be placed, feeding into a chest. $(l:rituals/automation)Automating the pyre$() ensures a steady supply of $(l:herbs/terra_moss)terra moss$()."
    },
    {
      "type": "relations",
      "anchor": "related",
      "entries": [
        "rituals/ritual_overgrowth",
        "herbs/terra_moss"
      ]
    }
  ]
}