{
  "processor": "wayoftime.bloodmagic.compat.patchouli.processors.BloodAltarProcessor",
  "components": [
    {
      "type": "patchouli:header",
      "text": "#heading",
      "x": -1,
      "y": -6
    },
    {
      "type": "patchouli:image",
      "image": "bloodmagic:textures/gui/patchouli_book/crafting.png",
      "x": 9,
      "y": 4,
      "u": 0,
      "v": 51,
      "texture_width": 128,
      "texture_height": 256,
      "width": 98,
      "height": 60
    },
    {
      "type": "patchouli:item",
      "item": "bloodmagic:altar",
      "x": 87,
      "y": 46
    },
    {
      "type": "patchouli:item",
      "item": "#input",
      "x": 30,
      "y": 8
    },
    {
      "type": "patchouli:item",
      "item": "#output",
      "link_recipe": "true",
      "x": 87,
      "y": 27
    },
    {
      "type": "patchouli:text",
      "text": "层级：#tier# $(br)LP：#lp#",
      "x": 59,
	  "y": 5
    },
    {
      "type": "patchouli:text",
      "text": "#text",
      "y": 67
    }
  ]
}