{
  "category": "hexalia:world_gen",
  "name": "蕴魔长沼",
  "icon": "hexalia:lotus_flower",
  "sortnum": 0,
  "pages": [
    {
      "type": "patchouli:spotlight",
      "item": "hexalia:lotus_flower,hexalia:hexed_bulrush,hexalia:pale_mushroom,hexalia:nightshade_bush,hexalia:witchweed",
      "text": "这种沼泽生物群系里生长着所有种类的$(l:hexalia:resources/herbs)药草$()，当然，还有些其他植物。$(br2)棉杨、柳树、蚕蛾均会自然生成于此生物群系。"
    },
    {
      "type": "patchouli:image",
      "title": "蕴魔长沼",
      "images": [
        "hexalia:textures/gui/patchouli/enchanted_bayou.png"
      ],
      "border": true
    }
  ]
}