{
  "category": "hexalia:world_gen",
  "name": "结构",
  "icon": "hexalia:willow_log",
  "sortnum": 2,
  "pages": [
    {
    "type": "patchouli:text",
    "text": "长沼小屋是出现在蕴魔长沼生物群系的小型房屋。其中箱子会装有一些与 Hexalia 有关的物品。$(br2)小屋的后院有一片药草农田，里面生长着龙葵丛和灵魂花，还可在其中找到盈水泥土和盈水耕地。"
    },
    {
      "type": "patchouli:image",
      "title": "长沼小屋",
      "images": [
        "hexalia:textures/gui/patchouli/bayou_hut.png"
      ],
      "border": true
    },
    {
      "type": "patchouli:text",
      "text": "荒芜小屋是出现于沙漠的结构，可在其中找到盐块。$(br2)荒芜小屋也是一种新植物⸺盐苗草的家园。"
    },
    {
      "type": "patchouli:image",
      "title": "荒芜小屋",
      "images": [
        "hexalia:textures/gui/patchouli/barren_hut.png"
      ],
      "border": true
    }
  ]
}