{
  "category": "hexalia:world_gen",
  "name": "树木",
  "icon": "hexalia:willow_sapling",
  "sortnum": 1,
  "pages": [
    {
      "type": "patchouli:spotlight",
      "item": "hexalia:willow_sapling",
      "text": "这种树生长于蕴魔长沼，它的木材是橄榄绿色。"
    },
    {
      "type": "patchouli:spotlight",
      "item": "hexalia:cottonwood_sapling",
      "text": "这种树生长于蕴魔长沼，它的木材是柔和的棕色。$(br2)可用$(l:hexalia:items/stone_dagger)石匕首$()从其原木中割取树脂。"
    }
  ]
}