{
    "name": "白唇西貒" , 
    "icon": "untamedwilds:textures/icon/boar/peccary.png" , 
    "category": "untamedwilds:boar_category" , 
    "pages": [
        {
            "type": "text" , 
            "title": "白唇西貒" , 
            "text": "白唇西貒($(o)Tayassu pecari$())是一种在中南美洲发现的西貒，是白唇西猯属唯一的成员。$(br2)已经鉴定出多个亚种。"
        } , 
        {
            "type": "entity" , 
            "entity": "untamedwilds:boar{Variant: 1, Size: 1}" , 
            "text": ""
        } , 
        {
            "type": "text" , 
            "title": "白唇西貒" , 
            "text": "相对大小：\u2605\u2605\u2605\u2606\u2606$(br2)夜间活动$(br2)1种肤色$(br2)最喜欢的食物：minecraft:beetroot$(br2)种类数量：4$(br2)成长时间：4天"
        }
    ]
}