{
  "name": "治疗技艺",
  "icon": "mythicmounts:textures/gui/book/dash.png",
  "category": "mythicmounts:care",
  "read_by_default": true,
  "pages": [
    {
      "type": "patchouli:text",
      "text": "急救能力是任何神话生物照顾者必备的知识。在骑行活动中可能会遇到许多危险，一名好的骑手必须知道如何及时提供治疗。$(br2)"
    },
    {
      "type": "patchouli:text",
      "text": "$(br2)基本急救技术包括喷溅式治疗药水和食物。$(br2)坐骑也可以通过让它们休息来治疗。当它们有机会睡觉时，它们会慢慢恢复生命。"
    }
  ],
  "sortnum": 4
}