{
  "name": "驯服",
  "icon": "mythicmounts:textures/gui/book/dash.png",
  "category": "mythicmounts:care",
  "read_by_default": true,
  "pages": [
    {
      "type": "patchouli:text",
      "text": "如果有幸在野外遇到了一只神话生物，只要知道正确的方法，通常可以与它交朋友。$(br2)足够的时间和毅力，以及提供某些食物或它们喜欢的物品，是与许多传说中的坐骑交朋友的可靠方式。"
    },
    {
      "type": "patchouli:text",
      "text": "$(br)野生坐骑也可以使用传统的驯服马的技术来驯服。$(br2)通过反复骑乘野生坐骑，它最终会接收骑手。随着时间的推移和信任的发展，坐骑将和主人建立联系，并最终接受一个鞍，允许他们自由骑乘。"
    },
    {
      "type": "patchouli:text",
      "text": "$(br)无论驯服方法如何，都需要一定的耐心。因此，驯服特定坐骑所需的时间将在很大程度上取决于该生物的特质。有些坐骑会花更多的时间来适应骑手。$(br2)记得用积极的强化、喂食和轻拍来奖励坐骑们的优异表现！$(br)$(o)（蹲伏+右击）。"
    }
  ],
  "sortnum": 0
}