{
    "name": "高温熔炉",
    "icon": "hwell:heat_furnace",
    "category": "multiblocks",
    "sortnum": 30,
    "pages": [
		{
            "type": "text",
            "title": "高温熔炉",            
			"text": "高温熔炉是一种多方块结构,它可以在既不需要燃料,也不需要烧制时间.然而,它有时候会从顶部消耗一些水.$(br)使用高温熔炉时,你需要将你想冶炼的物品扔在炉子的前边,它们会立即将冶炼的物品从熔炉的另一侧产出.你扔的物品堆越大,它消耗顶部水的概率就越大.",
            "recipe": "hwell:heat_furnace"
        },
		{
            "type": "multiblock",
            "name": "高温熔炉",
            "multiblock": {
                "pattern": [
					["        ", "HPPPPPPH", "HWWWWWWH", "HPPPPPPH", "        "],
					["  H  H  ", "HPHPPHPH", " AAAAAS ", "HPHPPHPH", "  H  H  "],
					["  H  H  ", "HPLPPLPH", "HLLLLLL0", "HPLPPLPH", "  H  H  "]
                ],
                "mapping": {
                    "H": "hwell:heat_block",
					"S": "hwell:heat_furnace",
					"A": "hwell:furnace_tube",
                    "P": "hwell:protection_block",
					"0": "hwell:heat_block",
                    "L": "minecraft:lava",
					"W": "minecraft:water"
                }
            }
		},
		{
            "type": "multiblock",
            "name": "高温熔炉",
			"text": "高温熔炉的底部仅需要中间的熔岩,如上图所示.",
            "multiblock": {
                "pattern": [
					["  H  H  ", "HPHPPHPH", " AAAAAS ", "HPHPPHPH", "  H  H  "],
					["  H  H  ", "HPLPPLPH", "HLLLLLL0", "HPLPPLPH", "  H  H  "]
                ],
                "mapping": {
                    "H": "hwell:heat_block",
					"S": "hwell:heat_furnace",
					"A": "hwell:furnace_tube",
                    "P": "hwell:protection_block",
					"0": "hwell:heat_block",
                    "L": "minecraft:lava"
                }
            }
		},
		{
            "type": "multiblock",
            "name": "高温熔炉",
			"text": "高温熔炉中间必须水平放置聚焦管.",
            "multiblock": {
                "pattern": [
					["  H  H  ", "HP PP PH", "HLLLLLL0", "HP PP PH", "  H  H  "]
                ],
                "mapping": {
                    "H": "hwell:heat_block",
					"S": "hwell:heat_furnace",
					"A": "hwell:furnace_tube",
                    "P": "hwell:protection_block",
					"0": "hwell:heat_block",
                    "L": "minecraft:lava"
                }
            }
		},
		{
			"type": "text",
			"text": "多方块结构所需材料:$(br)$(li)1 高温熔炉$(li)28 加热方块$(li)28 普通抗爆石$(li)6 桶水$(li)5 聚焦管$(li)6 桶熔岩"
		}
    ]
}