{
  "name": "Runed Wood",
  "icon": "roots:runed_birch",
  "category": "resources",
  "read_by_default": true,
  "pages": [
    {
      "type": "text",
      "text": "Runed wood is crafted using a $(l:crafting/knife)knife$() in one hand and $(l:herbs/wildroot)wildroot$() in the other. Simply right-click the relevant log with the knife and it will be transformed.$(br2)Such runed wood is used to top $(l:rituals/standing_stones)runed pillars$() required for some rituals.$(br2)$(info) The wildroot is consumed in the process."
    },
    {
      "type": "runic_carving_template_double",
      "recipe1": "acacia",
      "recipe2": "oak",
      "name": "Acacia & Oak"
    },
    {
      "type": "runic_carving_template_double",
      "recipe1": "dark_oak",
      "recipe2": "birch",
      "name": "Dark Oak & Birch"
    },
    {
      "type": "runic_carving_template_double",
      "recipe1": "jungle",
      "recipe2": "spruce",
      "name": "Jungle & Spruce"
    },
    {
      "type": "runic_carving_template",
      "recipe": "wildwood",
      "name": "Wildwood"
    },
    {
      "type": "relations",
      "anchor": "related",
      "entries": [
        "crafting/knives",
        "herbs/wildroot"
      ]
    }
  ]
}