{
    "name": "大熊猫" , 
    "icon": "untamedwilds:textures/icon/bear/panda.png" , 
    "category": "untamedwilds:bear_category" ,
    "pages": [
        {
            "type": "text" , 
            "title": "大熊猫" , 
            "text": "熊猫($(o)Ailuropoda melanoleuca$())，也被称为熊猫熊($(o)或者简称熊猫$())，是中国独有的一种熊。$(br2)它的特点是其明显的黑白相间皮毛以及圆胖的身体。"
        } , 
        {
            "type": "entity" , 
            "entity": "untamedwilds:bear{Variant: 4, Size: 1, hasShortSnout: 1}" ,
            "text": ""
        } , 
        {
            "type": "text" , 
            "title": "大熊猫" , 
            "text": "相对大小：\u2605\u2605\u2606\u2606\u2606$(br2)黎明/黄昏时最活跃$(br2)1种肤色$(br2)最喜欢的食物：minecraft:bamboo$(br2)种类数量：1$(br2)成长时间：6天"
        }
    ]
}