{
  "name": "水素土",
  "icon": "roots:elemental_soil_water",
  "category": "automation",
  "read_by_default": true,
  "pages": [
    {
      "type": "text",
      "text": "$(l:resources/elemental_soil)水素土$()可以自动收获生长于其上的作物。$(br2)掉落物会直接存放在水素土上方，又或者，如果在土的下方有存储空间，那么水素土会将掉落物存入存储空间内（如此便可以与箱子、漏斗等形成自动化结构了）。$(br2)$(info)若是在水素土下方放上一块沙砾，那么该功能将被禁用。"
    },
    {
      "type": "multiblock",
      "anchor": "multiblock",
      "multiblock": {
        "mapping": {
          "0": "roots:elemental_soil_water",
          "C": "minecraft:wheat[age=7]",
          "H": "minecraft:chest"
        },
        "pattern": [
          ["       ","       ","       ","   C   ","       ","       ","       "],
          ["       ","       ","       ","   0   ","       ","       ","       "],
          ["       ","       ","       ","   H   ","       ","       ","       "]
        ]
      },
      "text": "小麦被自动收集，并且被存放到了下方的箱子内。"
    },
    {
      "type": "multiblock",
      "anchor": "multiblock",
      "multiblock": {
        "mapping": {
          "0": "roots:elemental_soil_water",
          "C": "minecraft:wheat[age=7]",
          "G": "minecraft:hopper"
        },
        "pattern": [
          ["       ","       ","       ","   C   ","       ","       ","       "],
          ["       ","       ","       ","   0   ","       ","       ","       "],
          ["       ","       ","       ","   G   ","       ","       ","       "]
        ]
      },
      "text": "掉落物会被放置到漏斗的吸纳范围内，而漏斗则会自动拾取这些掉落物。"
    },
    {
      "type": "multiblock",
      "anchor": "multiblock",
      "multiblock": {
        "mapping": {
          "0": "roots:elemental_soil_water",
          "C": "minecraft:wheat[age=7]",
          "G": "minecraft:gravel"
        },
        "pattern": [
          ["       ","       ","       ","   C   ","       ","       ","       "],
          ["       ","       ","       ","   0   ","       ","       ","       "],
          ["       ","       ","       ","   G   ","       ","       ","       "]
        ]
      },
      "text": "若在水素土下方放上沙砾，小麦便不会被收获了。"
    },
    {
      "type": "relations",
      "anchor": "related",
      "entries": [
        "resources/elemental_soil"
      ]
    }
  ]
}