{
  "name": "Moonglow Leaf",
  "icon": "roots:moonglow_leaf",
  "category": "herbs",
  "read_by_default": true,
  "turnin": "roots:moonglow_leaf",
  "pages": [
    {
      "type": "text",
      "text": "Once sprouting only where patches of concentrated moonlight struck the earth, it can now be re-created in the heat of a $(l:crafting/pyres)pyre$().$(br2)Once crafted, the plant becomes $(l:herbs/moonglow_leaf#anchor)renewable$() once more.$(br2)Commonly associated with twilight, it bridges the gap between light and darkness. This herb can even be used to manipulate time itself."
    },
    {
      "type": "ritual_crafting_template",
      "recipe": "moonglow_leaf"
    },
    {
      "type": "crafting",
      "title": "Renewability",
      "recipe": "roots:moonglow_seed",
      "anchor": "renew",
      "text": "Once obtained, the leafs can be broken down into seeds and planted on any farmland that supports the growth of normal crops.$(br2)When mature as a cluster of intertwined leafs, harvesting it will produce additional seeds."
    }
  ]
}