{
  "category": "ars_nouveau:turrets",
  "icon": "ars_artillery:fire_turret_crate",
  "name": "构建炮塔",
  "pages": [
    {
      "type": "patchouli:text",
      "text": "为构建炮塔，需在灌注室中放入巫师之弓和相应种类的符文石。"
    },
    {
      "type": "ars_nouveau:apparatus_recipe",
      "recipe": "ars_artillery:air_turret_1_crate_recipe"
    },
    {
      "type": "ars_nouveau:apparatus_recipe",
      "recipe": "ars_artillery:earth_turret_1_crate_recipe"
    },
    {
      "type": "ars_nouveau:apparatus_recipe",
      "recipe": "ars_artillery:fire_turret_1_crate_recipe"
    },
    {
      "type": "ars_nouveau:apparatus_recipe",
      "recipe": "ars_artillery:water_turret_1_crate_recipe"
    },
    {
      "type": "ars_nouveau:apparatus_recipe",
      "recipe": "ars_artillery:abjuration_turret_1_crate_recipe"
    },
    {
      "type": "ars_nouveau:apparatus_recipe",
      "recipe": "ars_artillery:conjuration_turret_1_crate_recipe"
    },
    {
      "type": "ars_nouveau:apparatus_recipe",
      "recipe": "ars_artillery:manipulation_turret_1_crate_recipe"
    },
    {
      "type": "patchouli:text",
      "text": "也可由炮塔遭摧毁后留下的碎片构建炮塔。"
    },
    {
      "type": "patchouli:crafting",
      "recipe": "ars_artillery:fire_salvage"
    }
  ]
}