{
	"name": "经验处理",
	"category": "assemblylinemachines:blocks",
	"icon": "minecraft:experience_bottle",
	"pages":[
		{
			"type": "text",
			"text": "如果你在冒险中失去了你的生命，你很有可能失去你携带的一切以及全部$(2)经验$()，这真是一桩憾事。$(p)感谢这些对于处理你宝贵经验的改革，那些日子一去不返了。"
		},
		{
			"type": "spotlight",
			"item": "assemblylinemachines:liquid_experience_bucket",
			"title": "液态经验",
			"link_recipe": true,
			"text": "$(2)液态经验$()是等级的本质。由于用途广泛，这也许是你在游戏中所能获得的最有用的液体当中独一无二的。$(p)但首先，有一个关于如何$(9)获取它$()的问题。"
		},
		{
			"type": "crafting",
			"recipe": "assemblylinemachines:crafting/experience_hopper",
			"text": "$(2)经验漏斗$()会拾取前方的经验球并自动将其存入后面的储罐中。"
		},
		{
			"type": "crafting",
			"recipe": "assemblylinemachines:crafting/experience_siphon",
			"text": "$(2)经验虹吸板$()会移除其上方玩家的等级并转化为液态经验存入下方储罐。"
		},
		{
			"type": "crafting",
			"recipe": "assemblylinemachines:crafting/experience_mill",
			"text": "$(2)经验磨床$()是一个功能极其强大的方块，你可以在这使用你的全部经验。它不需要电力就能运行。"
		},
		{
			"type": "text",
			"text": "这个方块有如下几个选项：$(li)附魔模式，这将会应用一个随机的附魔到工具或物品上，$(li)铁砧模式，这将结合物品以修复耐久或结合附魔，$(li)书模式，这将消耗一个催化物品与一本普通的书，并且制作一本附魔书作为产物！$(br)此外，还需要一个独特的升级来增加机器的功率。"
		},
		{
			"type": "crafting",
			"recipe": "assemblylinemachines:crafting/upgrades/experience_mill_upgrade_level",
			"title": "经验磨床等级提升",
			"text": "这个升级将提升经验磨床中附魔模式下的附魔等级，也可以提升书模式下产出的最高等级。"
		}
	]
}