{
	"name": "物品处理",
	"category": "assemblylinemachines:blocks",
	"icon": "assemblylinemachines:autocrafting_table",
	"pages":[
		{
			"type": "text",
			"text": "本节将概述一些能帮助你处理物品的方块。"
		},
		{
			"type": "crafting",
			"title": "自动工作台",
			"recipe": "assemblylinemachines:crafting/ingot_to_block/crafting_table",
			"recipe2": "assemblylinemachines:crafting/autocrafting_table"
		},
		{
			"type": "text",
			"text": "这个方块可以存储最多十个配方（需要升级），并且都可以递归处理。$(p)物品可以适当地放置在合成网格中填充为一个幽灵配方。一旦配方合适，按下复选框来完成设置。"
		},
		{
			"type": "text",
			"text": "输入的物品会被放置到$(l)六个$()灰色的处理槽中，这些槽位中的物品可以随意更改。用颜色圈出的是中间产物槽。$(p)每个配方都可以选择是输出到红色输出槽还是输出到下方任一/任意带色中间产物槽。$(p)中间产物槽中的物品可以被取出，但你无法将物品放置在其中。"
		},
		{
			"type": "crafting",
			"recipe": "assemblylinemachines:crafting/upgrades/autocrafting_upgrade_recipes",
			"title": "容量升级",
			"text": "这个升级会按如下方式增加配方空间：$(li)1 升级，最多 4 配方。$(li)2 升级，最多 6 配方$(li)3 升级，最多 10 配方。"
		},
		{
			"type": "crafting",
			"recipe": "assemblylinemachines:crafting/upgrades/autocrafting_upgrade_sustained",
			"title": "可持续升级",
			"text": "这个升级允许机器在没有能量的情况下运行。至于它的缺点？机器会变得极慢，而且无法装载其他升级。"
		},
		{
			"type": "text",
			"text": "自动工作台也能支持常规的速度上级！$(p)对于一些不消耗物品的配方，例如蛋糕配方中的桶，空的容器会返还到中间产物槽。"
		},
		{
			"type": "crafting",
			"recipe": "assemblylinemachines:crafting/bottomless_storage_unit",
			"text": "这个方块可以容纳多达64位最大值的单个物品。$(p)$(7)$(o)那是足足922.3京！$(br)那是足足九百万万亿！$(br)填满一个吧，我打赌你做不到。"
		},
		{
			"type": "crafting",
			"recipe": "assemblylinemachines:crafting/vacuum_hopper",
			"text": "这个方块可以连接一个容器。真空漏斗会拾取前方3*3范围内的物品并自动放入容器。"
		}
		
	]
}