{
	"name": "标准机器",
	"category": "assemblylinemachines:blocks",
	"icon": "assemblylinemachines:electric_fluid_mixer",
	"pages":[
		{
			"type": "text",
			"text": "本节将概述从$(l:age3)电气时代$()开始时，你所能使用的所有标准机器。$(p)这些机器中大部分都支持升级！有关这些的更多信息在$(l:items/upgrades)升级页面$()！"
		},
		{
			"type": "crafting",
			"recipe": "assemblylinemachines:crafting/electric_purifier",
			"text": "这个机器可以用两个催化物净化一个物品。想了解更多信息，查看$(l:age3)电气时代$()。"
		},
		{
			"type": "crafting",
			"recipe": "assemblylinemachines:crafting/electric_grinder",
			"text": "这个装置可以处理第一、二时代的磨粉配方，但它是要耗电的！$(p)与简易磨粉机不同，这个不需要放置任何刀片。"
		},
		{
			"type": "crafting",
			"recipe": "assemblylinemachines:crafting/electric_furnace",
			"text": "这个机器可以消耗电力处理我的世界中的基本熔炼配方！"
		},
		{
			"type": "crafting",
			"recipe": "assemblylinemachines:crafting/electric_fluid_mixer",
			"text": "这个机器可以处理第一、二时代的所有搅拌、混合配方！$(p)与简易搅拌机不同，这个机器具有内部流体储罐。"
		},
		{
			"type": "crafting",
			"recipe": "assemblylinemachines:crafting/lumber_mill",
			"text": "这个机器可以将原木分解成更多的木板，准确来说是6个。此外它也有概率输出一些锯末作为副产品！"
		},
		{
			"type": "crafting",
			"recipe": "assemblylinemachines:crafting/pneumatic_compressor",
			"anchor": "pneumaticcompressor",
			"text": "根据内部$(l:items/molds)模具$()的不同，这个机器可以将各种物品压成各种形态。这个机器对于游戏后期板和棒的获取十分必要。"
		},
		{
			"type": "crafting",
			"recipe": "assemblylinemachines:crafting/alloy_smelter",
			"text": "将两种金属结合成一种合金。欲了解更多信息，查看$(l:age3)电气时代$()。"
		}
	]
}