{
  "name": "召唤之杖",
  "icon": "mythicmounts:textures/gui/book/dash.png",
  "category": "mythicmounts:gear",
  "read_by_default": true,
  "pages": [
    {
      "type": "patchouli:text",
      "text": "召唤之杖可用于将坐骑传送到骑手身边。$(br2)一旦通过手持召唤之杖右击坐骑完成了连接，坐骑可以立刻被召唤到主人身侧。$(br2)召唤之杖的作用范围很广，但如果连接的坐骑太远，传送就会失败。"
    },
    {
      "type": "patchouli:crafting",
      "recipe": "mythicmounts:summoning_staff"
    }
  ],
  "sortnum": 3
}