{
  "item.simplemusket.musket": "火枪",
  "item.simplemusket.cartridge": "铁弹",
  "item.simplemusket.enchanted_cartridge": "强化弹",
  "item.simplemusket.hellfire_cartridge": "下界合金弹",
  "item.simplemusket.musket_pillager_spawn_egg": "枪手刷怪蛋",
  "enchantment.simplemusket.firepower": "穿甲弹",
  "enchantment.simplemusket.deadeye": "快速拔枪",
  "enchantment.simplemusket.repeating": "双发装填",
  "enchantment.simplemusket.longshot": "加长枪管",
  "enchantment.simplemusket.blast": "爆炸",
  "enchantment.simplemusket.firepower.desc": "火枪发射的子弹具有更强的穿甲能力",
  "enchantment.simplemusket.deadeye.desc": "提高火枪瞄准速度，降低瞄准时的移动惩罚",
  "enchantment.simplemusket.repeating.desc": "允许滑膛枪每次装弹额外装填一发",
  "enchantment.simplemusket.longshot.desc": "滑膛枪发射的子弹越远，造成的伤害就越大",
  "enchantment.simplemusket.blast.desc": "霰弹化，增加近距离伤害并释放弹片",
  "effect.simplemusket.armor_decrease": "护甲降低",
  "entity.simplemusket.musket_pillager": "枪手",
  "death.attack.bullet": "%1$s 被射 %2$s",
  "death.attack.bullet.item": "%1$s 被射 %2$s 使用 %3$s",
  "subtitles.item.simplemusket.musket.loading": "装填中",
  "subtitles.item.simplemusket.musket.loads": "装填完成",
  "subtitles.item.simplemusket.musket.shoot": "射击"
}