{
  "name": "白昼/黑夜矩阵",
  "icon": "minecraft:clock",
  "category": "bloodmagic:alchemy_array/functional_array",
  "pages": [
    {
      "type": "text",
      "text": "这种效果基于时间的矩阵，生效方式十分直截了当⸺它可以直接操控天时。一旦矩阵开始改变天时，矩阵中的物品便会被消耗掉，无法反悔取出。这些矩阵配方都还只是暂时的，在未来版本还会发生改动。$(br2)白昼仪式可以将天时变化为下一次日出之时。黑夜仪式则可以将天时变化为下一次日落之时。"
    },
    {
      "type": "2x_functional_array",
      "a.heading": "崭新黎明",
      "a.recipe": "bloodmagic:array/day",
      "a.image": "sunarray.png",
      "b.heading": "昏暮沉沉",
      "b.recipe": "bloodmagic:array/night",
      "b.image": "moonarray.png"
    }
  ]
}