{
	"name": "采石场",
	"category": "assemblylinemachines:blocks",
	"icon": "assemblylinemachines:quarry",
	"pages":[
		{
			"type": "text",
			"text": "采石场是一个多方块结构，它可以在大地上挖出一个大洞，收集资源并进一步处理。"
		},
		{
			"type": "crafting",
			"recipe": "assemblylinemachines:crafting/quarry",
			"text": "除了采石场，你还需要以一个存储容器以及能量。"
		},
		{
			"type": "text",
			"text": "放下采石场后，你能看到一个终端，上面会概述当前阻止机器挖掘的问题。$(p)采石场将在你设置的范围(Range)选定的方形区域内挖掘，你可以选择挖掘采石场的左边或者右边。采石场永远会在坑的角落。"
		},
		{
			"type": "image",
			"images":[
				"assemblylinemachines:textures/gui/patchouli/quarry_mine_zone.png"
			],
			"border": true,
			"title": "采石场范围",
			"text": "$(7)$(o)这演示了一个五格范围、方向向右的采石场挖出来的坑。"
		},
		{
			"type": "text",
			"text": "采石场会持续运行并将输出放置在上方的箱子内，直到区块被挖空。然后你可以随意挪动它的位置并再次开机！$(p)默认情况下，采石场将会用泥土替换收集到的方块。$(p)采石场也有一些可用的附件。这些附件可以被放置在采石场旁边的任意方向，它们会附着在一起。它们可以增加采石场的性能，但需要消耗额外的能量。"
		},
		{
			"type": "crafting",
			"recipe": "assemblylinemachines:crafting/quarry_addon_fortune",
			"text": "时运附件会增加一部分矿石的产出，例如青金石、煤炭或者红石。$(p)每多一个就会为采石场增加一级时运。"
			
		},
		{
			"type": "crafting",
			"recipe": "assemblylinemachines:crafting/quarry_addon_speed",
			"text": "速度升级将会使采石场工作速度更快。$(p)每多一个都会使速度翻倍。"
			
		},
		{
			"type": "crafting",
			"recipe": "assemblylinemachines:crafting/quarry_void_addon",
			"text": "虚空升级会使采石场工作后不留下方块，而不是留下泥土。$(p)与其他升级不同，这个不会增加电力消耗。"
		}
	]
}