{
    "name": "被动与主动部分",
    "icon": "minecraft:piston",
    "category": "bigreactors:misc",
    "read_by_default": true,
    "pages": [
        {
            "type": "patchouli:text",
            "text": "一些可交互的反应堆或涡轮机组件有$(bold)被动$()或$(bold)主动$()状态，或两者兼而有之。$(br2)处于$(bold)被动$()状态时其本身不做任何事请。它不试图发送能量、液体或物品，也不试图获取它们。与该组件相连的方块需要主动进行输入或抽出。"
        },
        {
            "type": "patchouli:text",
            "text": "处于$(bold)主动$()状态时它总是尝试寻找机会提取物品和流体，或向相邻方块发送能量、物品和流体，但它不允许外部连接方块向其中输入或提取任何东西。$(br2)通过主动和被动状态搭配使用，您可以调整资源分配和获取的网络。"
        }
    ]
}