{
  "name": "item.hexcasting.book",
  "landing_text": "hexcasting.landing",
  "version": 1,
  "show_progress": false,
  "creative_tab": "hexcasting",
  "model": "hexcasting:patchouli_book",
  "book_texture": "patchouli:textures/gui/book_purple.png",
  "filler_texture": "hexcasting:textures/gui/patchi_filler.png",
  "i18n": true,
  "macros": {
    "$(thing)": "$(#8d6acc)",
    "$(action)": "$(#fc77be)",
    "$(media)": "$(#74b3f2)",
    "$(hex)": "$(#b38ef3)",
    "_Media": "$(#74b3f2)Media/$",
    "_media": "$(#74b3f2)media/$",
    "_Hexcasters": "$(#b38ef3)Hexcasters/$",
    "_Hexcaster": "$(#b38ef3)Hexcaster/$",
    "_Hexcasting": "$(#b38ef3)Hexcasting/$",
    "_Hexes": "$(#b38ef3)Hexes/$",
    "_Hex": "$(#b38ef3)Hex/$"
  }
}
