{
  "name": "传送",
  "icon": "reactive:warp_bottle{TeleportPos:'example'}",
  "category": "reactive:results",
  "advancement": "reactive:be_teleported",
  "pages": [
    {
      "type": "patchouli:text",
      "text": "将末影珍珠中的末影裂隙捕捉到$(item)折跃之瓶$(0)中后，这种能量之瓶就变成了一种长距离传送装置。$(br2)右击时，能量之瓶会释放出内容物，而将持有者传送至其被制造时的位置，前提是不跨越任何维度边界。"
    },
    {
      "type": "patchouli:text",
      "text": "$(o)制造过程具体而言如下：$(br)$(li)向坩埚注入折跃能量。$(li)携带$(l:reactive:results/crystal_iron)铁质晶体$(/l)，并确保周围没有其他生物。$(li)使用漏斗会其他机器向坩埚中放置$(thing)末影珍珠$(0)。由此便创造了裂隙。$(li)使用石英瓶捕捉裂隙。"
    }
  ]
}