{
	"name": "内置无限水单元",
	"category": "assemblylinemachines:items",
	"icon": "assemblylinemachines:internal_water_generator",
	"pages":[
		{
			"type": "text",
			"text": "在运行一些耗水量较高的机器，例如$(l:blocks/greenhouse)温室$()时，你会遇到缺水问题。虽然你可以使用一个2x2的池塘来无限获得它，但是如果能将其更好地利用不是更好吗？"
		},
		{
			"type": "crafting",
			"recipe": "assemblylinemachines:crafting/internal_water_generator",
			"title": "内置无限水单元",
			"text": "$(item)内置无限水单元$()可以在任意储罐上SHIFT右键安装。一旦装上升级并且倒入一桶水，储罐内将会$(6)变得无限$()。"
		}
	]
}