{
  "name": "主体词",
  "icon": "scriptor:scrap_tier3",
  "category": "scriptor:basics",
  "pages": [
    {
      "type": "patchouli:text",
      "text": [
        "$(l)主体词$()是法术的核心部件，定义了法术影响的对象。",
        "$(br)",
        "在所有法术中，只有这种部件最多仅能存在一个。",
        "$(br2)",
        "主体词决定了目标；“弹射物击中的事物”",
        "“与地面上符文接触的事物”",
        "“施法者触碰到的第一个事物”，诸如此类。"
      ]
    }
  ]
}