{
  "name": "支持本Mod",
  "icon": "terramity:crystal_heart",
  "category": "terramity:overview",
  "pages": [
    {
      "type": "patchouli:link",
      "text": "如果你想支持我并捐助，可以在Ko-Fi上进行。$(br)捐助并不会给予你任何东西，如果你还想捐助可以在下方的链接中进入Ko-Fi。",
	  "url": "https://ko-fi.com/aurukel",
	  "link_text": "Ko-Fi Page"
    },
	{
      "type": "patchouli:image",
      "images": ["terramity:textures/screens/awesome_chiaotzu.png"],
      "border": true
    }
  ]
}