{
  "name": "梦魇马",
  "icon": "mythicmounts:textures/gui/book/dash.png",
  "category": "mythicmounts:creatures",
  "read_by_default": true,
  "pages": [
    {
      "type": "patchouli:text",
      "text": "这些火热的烈马出没于下界平原，可以看到它们在熔岩湖的表面疾驰，追逐骷髅。$(br2)这些烈马是一种非常神奇的生物，天生就具有灵魂疾行附魔，并且对火焰和凋零效果免疫。"
    },
    {
      "type": "patchouli:entity",
      "entity": "mythicmounts:nightmare",
      "title": "梦魇马",
      "text": "$(br)一只梦魇马。",
      "scale": 0.75,
      "offset": 0.4,
      "rotate": true,
      "border": true
    },
    {
      "type": "mythicmounts:server_page",
      "page_title": "栖息地",
      "entity_id": "mythicmounts:nightmare"
    },
    {
      "type": "mythicmounts:server_page",
      "page_title": "驯服物品",
      "entity_id": "mythicmounts:nightmare"
    },
    {
      "type": "mythicmounts:server_page",
      "page_title": "食物",
      "entity_id": "mythicmounts:nightmare"
    },
    {
      "type": "mythicmounts:server_page",
      "page_title": "繁殖物品",
      "entity_id": "mythicmounts:nightmare"
    },
    {
      "type": "mythicmounts:server_page",
      "page_title": "基本状态",
      "entity_id": "mythicmounts:nightmare"
    }
  ]
}