{
  "name": "釜锅清洗",
  "category": "cauldron_and_brewing",
  "icon": "minecraft:water_bucket",
  "pages": [
	{
	  "type": "text",
	  "text": "釜锅的一个比较普通的用途是清洗颜料，或者从其他物品中吸取符文。"
	},
	{
	  "type": "bewitchment:cauldron_recipe",
	  "recipe": "bewitchment:banner_pattern_removal",
	  "text": "釜锅更常见的用途是清洗旗帜上的染料。"
	},
	{
	  "type": "bewitchment:cauldron_recipe",
	  "recipe": "bewitchment:wash_sigil",
	  "text": "移除龙血木扫帚上应用的符文。"
	}
  ]
}
