{
  "name": "AR护目镜",
  "icon": "advancedperipherals:ar_goggles",
  "category": "advancedperipherals:items",
  "pages": [
    {
      "type": "text",
      "text": "AR护目镜可以与$(9)$(l:peripherals/ar_controller)AR控制器$(/l)$()配合使用，不管你走到哪里都能提供可自定义的覆盖显示层。太有趣了！$(p)用你的AR护目镜右键点击一个$(9)$(l:peripherals/ar_controller)AR控制器$(/l)$()就可以把它们连接起来。$(p)要获取完整文档请参阅$(9)$(l:https://docs.intelligence-modding.de/items/ar_goggles/)官方wiki页面$(/l)$()！"
    },
    {
      "type": "crafting",
      "recipe": "advancedperipherals:ar_goggles"
    }
  ]
}
