{
  "name": "区块控制器",
  "icon": "advancedperipherals:chunk_controller",
  "category": "advancedperipherals:items",
  "pages": [
    {
      "type": "text",
      "text": "区块控制器是区块海龟的合成材料之一。$(p)把海龟或高级海龟与它结合就可以让它获得区块加载的能力！$(p)要获取完整文档请参阅$(9)$(l:https://docs.intelligence-modding.de/items/chunk_controller/)官方wiki页面$(/l)$()！"
    },
    {
      "type": "crafting",
      "recipe": "advancedperipherals:chunk_controller"
    }
  ]
}
