{
  "name": "电脑工具",
  "icon": "advancedperipherals:computer_tool",
  "category": "advancedperipherals:items",
  "pages": [
    {
      "type": "text",
      "text": "电脑工具是用来打开此模组方块GUI的工具。目前，电脑工具还没有实际作用，仅仅是个不错的物品而已。$(p)要获取完整文档请参阅$(9)$(l:https://docs.intelligence-modding.de/items/computer_tool/)官方wiki页面$(/l)$()！"
    },
    {
      "type": "crafting",
      "recipe": "advancedperipherals:computer_tool"
    }
  ]
}
