{
  "name": "掌上电脑插件",
  "icon": "computercraft:pocket_computer_advanced",
  "category": "advancedperipherals:items",
  "pages": [
    {
      "type": "text",
      "text": "我们提供以下外设的掌上电脑插件：$(li)$(9)$(l:peripherals/environment_detector)环境探测器$(/l)$()$(li)$(9)$(l:peripherals/player_detector)玩家探测器$(/l)$()$(li)$(9)$(l:peripherals/chat_box)聊天盒$(/l)$()$(li)$(9)$(l:peripherals/geo_scanner)地理扫描仪$(/l)$()$(li)$(9)$(l:peripherals/colony_integrator)殖民地整合器$(/l)$()$(p)要获取完整文档请参阅$(9)$(l:https://docs.intelligence-modding.de/items/pocket_computer/)官方wiki页面$(/l)$()！"
    },
    {
      "type": "text",
      "text": "把这些插件与掌上电脑结合来给它们安装外设。请注意插件版外设不接收外设事件（event）。"
    }
  ]
}
