{
  "name": "创建法术",
  "icon": "minecraft:lectern",
  "category": "arcanuscontinuum:basics",
  "advancement": "arcanuscontinuum:arcane/wizard_level_1",
  "sortnum": 2,
  "pages": [
    {
      "type": "patchouli:text",
      "text": "要想创建法术，需要两种物品：法术书与讲台。将法术书放置于讲台上，然后打开它，你就会注意到出现了不同的UI。$(br2)其效果大致如右图所示。两侧的符文框中会显示各类符文，具体种类取决于你的巫师等级高低。"
    },
    {
      "type": "patchouli:image",
      "border": true,
      "images": [
        "arcanuscontinuum:textures/gui/patchouli/entries/spell_crafting_blank.png"
      ],
      "text": "左侧是所有的法术构型，右侧是所有的法术效果。"
    },
    {
      "title": "法术构型",
      "type": "patchouli:text",
      "text": "法术构型是法术的效果以何种方式作用于目标的模式。例如，“弹射物构型”将会将会发射一枚射弹，当它与实体或方块相撞时，会激活与之相连的法术效果。$(br2)法术构型决定了法术的重量、冷却与魔法倍率，并且它须存在所有有效法术中，除非你想要一个没有效果的法术。"
    },
    {
      "title": "法术效果",
      "type": "patchouli:text",
      "text": "在另一侧，法术效果是法术实际功能部分。如果想点燃一个目标，你需要使用燃烧效果！$(br2)法术效果要想生效，必须紧随法术构型之后，并且仅与其紧随的法术构型生效。法术效果决定了法术的法力消耗，并且是累加的。因此在一个法术有两个消耗2mana的法术效果，该法术将消耗4mana。"
    },
    {
      "title": "链式施法",
      "type": "patchouli:text",
      "text": "创建一个法术，首先需要放置一个法术构型在法术书上，并添加意欲作用于目标的法术效果。$(br2)可以添加另一个法术构型在施法链的尾端，以链接另一个你的法术。例如，为“高球构型”施加想要的任意法术，再衔接一个“范围构型”与之的法术效果，最终形成的法术便能在远处生成范围效果！"
    },
    {
      "type": "patchouli:text",
      "text": "要想创建强力法术，链接法术构型和效果十分重要。若更倾向于仅将单个法术效果施加于单个法术构型，那只会施法消耗更昂贵并且不会与链式构型的法术同样有效。$(br2)请注意解锁法术构型与效果仅仅需要提升你的巫师等级。注意法术的魔力消耗！你不能施放那些需要双倍于你最大魔力值的法术。"
    }
  ]
}
