{
	"name": "怪物农场",
	"category": "assemblylinemachines:blocks",
	"icon": "assemblylinemachines:interactor",
	"pages":[
		{
			"type": "text",
			"text": "这是一些可选的处理怪物与动物的方式！继续阅读以获取更多信息。"
		},
		{
			"type": "crafting",
			"recipe": "assemblylinemachines:crafting/interactor",
			"text": "交互器可以执行一下四种操作之一，这对自动化非常有帮助。"
		},
		{
			"type": "text",
			"text": "交互器的模式选择如下：$(li)破坏模式会使用机器内的工具移除前方的方块并掉落在世界中。$(li)交互模式会右击前方的方块。右键交互后获得的任何物品都会被扔到世界中。$(li)放置模式会在前方随机或有序地放置内部容器中的方块。$(li)攻击模式会空手或是使用交互器内部的武器攻击前方一小块范围内的实体。"
		},
		{
			"type": "spotlight",
			"item": "assemblylinemachines:mob_crystal",
			"anchor": "mobcrystal",
			"link_recipe": true,
			"text": "惰性生物水晶是用来配置$(item)电动刷怪笼$()的。它的获得方式：$(li)用平滑石头和沙砾、沙子在净化仓中获得$(item)抛光石块$()。$(li)将抛光石块与下界合金碎片合金冶炼成这种水晶。"
		},
		{
			"type": "text",
			"text": "接下来，将惰性生物水晶放在身上并用$(item)秘稀剑$()击杀一个实体。如果你运气不错，水晶将会被激活。$(p)$(3)需要激活秘稀剑的额外技能！想了解更多信息，查看$(l:items/mystium_tools)秘稀工具章节$()。"
		},
		{
			"type": "crafting",
			"recipe": "assemblylinemachines:crafting/powered_spawner",
			"text": "将活化生物水晶放在电动刷怪笼中，通入能量，然后它就会开始生成生物！"
		},
		{
			"type": "text",
			"text": "电动刷怪笼兼容$(item)额外产出升级$()，这会允许它的每一次运行产生更多生物！$(p)它也同样兼容常规的$(item)速度升级$()，这会使它的生成速度变得更快。"
		}
		
	]
}