{
  "name": "系统故障",
  "icon": "deepmoblearning:glitch_heart",
  "category": "3_system_malfunction",
  "sortnum": 0,
  "pages": [
    {
      "type": "text",
      "text": "$(item)系统故障$()会在$(item)系统故障时$()生成在$(l:2_trials/1_trials)试炼中$()。更高$(item)等级$()的$(l:2_trials/1_trials)试炼$()会有更高几率出现$(item)故障$()。$(br2)故障拥有$(c)高度侵略性$()，会朝目标发射$(item)腐蚀性弹射物$()。"
    },
    {
      "type": "entity",
      "entity": "deepmoblearning:glitch",
      "text": "$(item)注意:$() $(c)极其危险$()$(br)小心靠近。$(br)掉落$(item)故障心脏$()."
    },
    {
      "type": "spotlight",
      "item": "deepmoblearning:glitch_heart",
      "link_recipe": true,
      "anchor": "heart",
      "text": "击杀$(item)系统故障$()后会掉落 (受抢夺影响)。$(br2)这种珍稀的物品用于制作威力极强的毕业$(l:3_system_malfunction/3_equipment)装备$()。"
    }
  ]
}