{
  "name": "故障灌注金属",
  "icon": "deepmoblearning:infused_ingot_block",
  "category": "3_system_malfunction",
  "sortnum": 2,
  "pages": [
    {
      "type": "text",
      "text": "你发现$(item)青金石$()是一种良好的稳定剂，它可以用来稳定$(item)不稳定故障碎片$()。$(br2)碎片$(item)稳定$()后，它们迫切地需要一种供其侵占的材料，你认为$(item)金锭$()也许能够担当这一$(item)宿主$()的角色。$(br2)这是个精细入微的过程，它需要在$(item)水$()中制作，否则材料之间无法很好的融合。"
    },
    {
      "type": "fluid_infusion",
      "title": "稳定化处理",
      "input1": "minecraft:dye:4",
      "input2": "deepmoblearning:glitch_fragment",
      "input3": "minecraft:gold_ingot",
      "output": "deepmoblearning:glitch_infused_ingot",
      "fluid": "deepmoblearning:textures/gui/patchouli/water.png",
      "fluidTooltip": "Water"
    }
  ]
}