{
    "name": "图纹闭壳龟" , 
    "icon": "untamedwilds:textures/icon/tortoise/asian_box.png" , 
    "category": "untamedwilds:tortoise_category" , 
    "pages": [
        {
            "type": "text" , 
            "title": "图纹闭壳龟" , 
            "text": "图纹闭壳龟($(o)Cuora picturata$())是越南南部山区的特有品种，也可能出现在柬埔寨最东部和老挝南部。"
        } , 
        {
            "type": "entity" , 
            "entity": "untamedwilds:tortoise{Variant: 0, Size: 1}" , 
            "text": ""
        } , 
        {
            "type": "text" , 
            "title": "图纹闭壳龟" , 
            "text": "相对大小：\u2605\u2605\u2606\u2606\u2606$(br2)始终活动$(br2)1种肤色$(br2)最喜欢的食物：minecraft:apple$(br2)种类数量：5$(br2)成长时间：6天"
        }
    ]
}