{
    "name": "苏卡达象龟" , 
    "icon": "untamedwilds:textures/icon/tortoise/sulcata.png" , 
    "category": "untamedwilds:tortoise_category" , 
    "pages": [
        {
            "type": "text" , 
            "title": "苏卡达象龟" , 
            "text": "苏卡达象龟($(o)Centrochelys sulcata$())，也被称为非洲盾臂龟，是一种生活在非洲撒哈拉沙漠南部边缘的乌龟。"
        } , 
        {
            "type": "entity" , 
            "entity": "untamedwilds:tortoise{Variant: 5, Size: 1}" , 
            "text": ""
        } , 
        {
            "type": "text" , 
            "title": "苏卡达象龟" , 
            "text": "相对大小：\u2605\u2605\u2605\u2606\u2606$(br2)始终活动$(br2)1种肤色$(br2)最喜欢的食物：minecraft:apple$(br2)种类数量：5$(br2)成长时间：6天"
        }
    ]
}