{
  "name": "血魔法附属",
  "description": "这一章节包含了所有你会在$(item)血魔法附属$()中使用到的信息。$(br)$(dmlbm)$(br2)这个$(item)Mod$()可以让你在不使用$(item)苦难之井$()仪式的情况下产出$(item)生命源质$()。$(br2)在$(item)井$()中加载数量庞大的怪物会极大地消耗$(item)服务器资源$()。这无疑是一个能够减少服务器滞后的替代方法。",
  "icon": "deepmoblearningbm:digital_agonizer",
  "sortnum": 4,
  "flag": "mod:deepmoblearningbm"
}