{
    "name": "烘培的咖啡豆",
    "icon": "coffeecraft:coffee_bean_roasted",
    "category": "coffeecraft:crops",
    "pages": [
        {
            "type": "patchouli:text",
            "text": "要烘焙您的咖啡豆，只需将它们放入烘焙机，加上燃料即可！每颗咖啡豆大约需要烘焙两分钟。"
        },
        {
            "type": "coffeecraft:template_roaster",
            "text": "烘培咖啡豆",
            "item0": "coffeecraft:coffee_bean",
            "item1": "minecraft:coal",
            "result": "coffeecraft:coffee_bean_roasted",
            "machine": "coffeecraft:roaster_animated"
        }
    ]
}