{
  "name": "自制的飘浮",
  "icon": "minecraft:textures/mob_effect/levitation.png",
  "category": "reactive:objects_of_study",
  "advancement": "reactive:be_levitated",
  "turnin": "reactive:gravity_research",
  "pages": [
    {
      "type": "patchouli:text",
      "text": "$(o)貌似末地水晶能给予周围事物某种形式的飘浮效果。$(p)尽管这种效果已能称为飞行，其中却仍有改进的余地。"
    },
    {
      "type": "patchouli:text",
      "text": "$(o)还有另一个反应提供一种与重力相关的类似效果。找到那种反应并让其和此反应同时发生。两者必须在同一坩埚中进行。$(p)只在那时，$(item)飞行$(0)的真正秘密才会现于眼前。"
    }
  ]
}