{
  "name": "蚀空合金镐尖斧",
  "sortnum": 26,
  "category": "justdirethings:tools",
  "icon": "justdirethings:eclipsealloy_paxel[justdirethings:forge_energy=500000]",
  "pages": [
    {
      "type": "patchouli:text",
      "text": "蚀空合金镐尖斧是最顶尖的组合工具，同时具有镐、斧、锹的功能，强大到堪称可畏。$(br2)可由蚀空合金镐、斧、锹在锻造台中制作，也可由$(l:justdirethings:tool_celestigem_paxel)苍穹晶镐尖斧$(/l)在锻造台中升级而来。这两种方法均会保留已有的升级。"
    }
  ]
}
