{
	"name": "发电机与能源",
	"category": "assemblylinemachines:blocks",
	"icon": "assemblylinemachines:combustion_generator",
	"pages":[
		{
			"type": "text",
			"text": "本文将概述当前可用的发电机以及能量存储方案。"
		},
		{
			"type": "crafting",
			"recipe": "assemblylinemachines:crafting/crankmill",
			"text": "这个机器能利用齿轮箱将动能转化成电力。想知道更多信息，请查看$(l:age3)电气时代概览。"
		},
		{
			"type": "crafting",
			"recipe": "assemblylinemachines:crafting/coal_generator",
			"text": "这个装置能将所有易燃物转化为电能。每块燃料会持续燃烧60秒，但每tick产生的能量量取决于所使用的燃料。"
		},
		{
			"type": "crafting",
			"recipe": "assemblylinemachines:crafting/basic_battery_cell",
			"text": "这个装置最多能储存2.5MFE。$(p)它也能自动从周围的方块中输入/输出能量，最高速度可达2FKFE/t。"
		},
		{
			"type": "crafting",
			"recipe": "assemblylinemachines:crafting/geothermal_generator",
			"recipe2": "assemblylinemachines:crafting/combustion_generator"
		},
		{
			"type": "text",
			"text": "这两台发电机完全相同，都能输入流体，不同的是输入流体的种类。$(p)内燃发电机可以处理石油的副产物：石油和汽油。$(p)地热发电机可以处理熔岩。$(p)将石油通入装载了分离附件的精炼厂，就会以5:3的比例产出柴油和汽油。想知道更多信息，请查看$(l:age3)电气时代概览$()。$(p)这两个发电机都可以接受主动冷却升级。"
		},
		{
			"type": "crafting",
			"recipe": "assemblylinemachines:crafting/upgrades/generator_upgrade_coolant",
			"title": "主动冷却升级",
			"text": "这个升级会给这些发电机增加第二个流体储罐，使每桶燃料获得更高的能量产出。$(p)水会提供 x2 的倍数，而浓缩虚空提供 x4 的倍数。"
		},
		{
			"type": "crafting",
			"recipe": "assemblylinemachines:crafting/naphtha_turbine",
			"text": "这是对燃煤发电机的补充，可以大大提升输出功率。在加成反应精炼厂中混合原石和石脑油，即可获得阴燃石。$(p)将涡轮放置在燃煤发电机上，然后将一桶石脑油倒在附近。（请确保它在你的可控范围之内！）"
		},
		{
			"type": "text",
			"text": "当石脑油火蔓延到涡轮上，此时燃煤发电机开始新一轮工作，石脑油火将会熄灭并且给燃煤发电机的下一轮产能一个 x4 的倍数。$(p)石脑油较为稀少，可以用泵在下界找到。"
		}
	]
}