{
	"name": "液体",
	"category": "assemblylinemachines:blocks",
	"icon": "assemblylinemachines:gasoline_bucket",
	"pages":[
		{
			"type": "text",
			"text": "这些都是你可以获得的液体。你需要全部掌握它们才能成为装配线高手。$(p)欲了解更多关于泵和探测手段的信息，请参阅$(l:age3)电气时代$()。"
		},
		{
			"type": "spotlight",
			"item": "assemblylinemachines:oil_bucket",
			"link_recipe": true,
			"title": "石油",
			"text": "石油是一种在主世界探测发现的稀有液体。$(p)这种液体可以被加工成$(l:age3)塑料和橡胶$()或者用来$(l:blocks/generators)发电$()的柴油和汽油。"
		},
		{
			"type": "spotlight",
			"item": "assemblylinemachines:naphtha_bucket",
			"link_recipe": true,
			"title": "石脑油",
			"text": "石脑油是一种在下界探测发现的超稀有液体。$(br)这种滚烫的液体非常危险，但它在游戏后期制作并供应$(item)石脑油涡轮$()时非常有用。$(p)$(c)倒下它的时候要小心，因为它会蔓延极热的石脑油火，并且永远不会熄灭！"
		},
		{
			"type": "image",
			"images":[
				"assemblylinemachines:textures/gui/patchouli/naphtha_fire.png"
			],
			"title": "石脑油火",
			"border": true
		},
		{
			"type": "spotlight",
			"item": "assemblylinemachines:glacier_water_bucket",
			"link_recipe": true,
			"title": "冰川水",
			"text": "冰川水可以在$(1)主世界极寒生物群戏$()中探测发现，并用泵抽出。由于其寒冷的性质，它可能会成为一种杰出的冷却剂。但是小心：它的亚北极温度会很快将周围冻结并形成雪。"
		},
		{
			"type": "image",
			"images":[
				"assemblylinemachines:textures/gui/patchouli/glacier_water.png"
			],
			"title": "冷性子",
			"border": true
		},
		{
			"type": "spotlight",
			"item": "assemblylinemachines:condensed_void_bucket",
			"anchor": "condensed_void",
			"link_recipe": true,
			"title": "浓缩虚空",
			"text": "浓缩虚空在末地中探测发现，这种剧烈的液体极其不稳定,一旦被放置，将是致命的、具有破坏性的、令人不快的。它会分解所有的石头并且彻底破坏所有的天然材料。$(p)$(c)使用者后果自负。"
		},
		{
			"type": "image",
			"images":[
				"assemblylinemachines:textures/gui/patchouli/condensed_void.png"
			],
			"title": "一座山，但是被吃了",
			"border": true
		},
		{
			"type": "spotlight",
			"item": "assemblylinemachines:corrupted_shard",
			"link_recipe": true,
			"title": "???",
			"text": "对于$(k)腐化碎片$()，我们所知不多。但是坊间传闻是由落入浓缩虚空的物品变成的。物品会不可逆的损坏，但在某些方面它似乎保留了原始物品的特性。"
		},
		{
			"type": "text",
			"text": "$(k)$(o)$(c)Needles at bowels alarming. Screams creaking tension kettle our exorcist. Demons in fallen angel non terror decomposed rotten teeth. Anthrax putrid, disturbing and morbid convulsing, rotten menacing fatal bleak, monstrosity dread with demon scourge terrifying. Dungeon in a gruesome, a disembowel unknown. killer mental psychotic sliced. Drenched scream scared dark. Haunt suicide silent, gor."
		}
		
	]
}