{
  "name": "戈耳工宝石",
  "icon": "arsomega:gorgon_gem",
  "category": "ars_nouveau:resources",
  "advancement": "arsomega:restricted_knowledge",
  "pages": [
    {
      "type": "text",
      "text": "戈耳工宝石是一种合成原料，可用于制造物品和仪式。它能在散布于主世界表层的戈耳工洞穴中找到。没人知道这些洞穴为什么不在地下出现。"
    },
    {
      "type": "spotlight",
      "item": "arsomega:gorgon_gem",
      "link_recipe": "true"
    }
  ]
}