{
    "name": "黑色骨舌鱼" , 
    "icon": "untamedwilds:textures/icon/arowana/black.png" , 
    "category": "untamedwilds:arowana_category" , 
    "pages": [
        {
            "type": "text" , 
            "title": "黑色骨舌鱼" , 
            "text": "黑色骨舌鱼($(o)Osteoglossum ferreirai$())是骨舌鱼科中的一种南美洲淡水硬骨鱼。$(br2)黑色骨舌鱼有时被关在水族箱里，但它们是肉食性的，需要很大一个水箱。"
        } , 
        {
            "type": "entity" , 
            "entity": "untamedwilds:arowana{Variant: 0, Size: 1}" , 
            "text": ""
        } , 
        {
            "type": "text" , 
            "title": "黑色骨舌鱼" , 
            "text": "相对大小：\u2605\u2605\u2606\u2606\u2606$(br2)始终活动$(br2)1种肤色$(br2)最喜欢的食物：untamedwilds:chum$(br2)种类数量：4$(br2)成长时间：6天"
        }
    ]
}