{
  "name": "盐类",
  "icon": "reactive:salt",
  "category": "reactive:intro",
  "advancement": "reactive:make_crucible",
  "pages": [
    {
      "type": "patchouli:text",
      "text": "$(item)盐$(0)是反应发生时的偶见产物。$(p)特别来说，学徒之盐是在某一对$(l:reactive:intro/powers)基础能量$(/l)抵消湮灭时产生的，具体是哪一对由世界决定。"
    },
    {
      "type": "reactive:transmute",
      "recipe": "redstone_from_salt",
      "text": "学徒之盐可用意识能量调整以制造红石。产生这种红色色调的原因不明。"
    },
    {
      "type": "reactive:transmute",
      "recipe": "glowstone_from_salt",
      "text": "光耀能量则可用于制造下界的闪光粉末。两者之间的相似度之大确实引人不适。"
    },
    {
      "type": "reactive:transmute",
      "recipe": "blaze_powder_from_salt",
      "text": "$(o)也可用它制造烈焰粉，但说实在的，不如直接杀烈焰人来得方便。"
    },
    {
      "type": "reactive:transmute",
      "recipe": "prismarine_crystals_from_salt",
      "text": "$(o)此配方对$(thing)海晶石$(0)属性的暗示值得考虑。"
    },
    {
      "type": "patchouli:crafting",
      "recipe": "reactive:salt_block_crafting",
      "text": "$(o)你还可以把它做成漂亮的方块！$(p)它不会溶于水或者别的东西，只有装饰作用。"
    }
  ],
  "extra_recipe_mappings": {
    "reactive:salt": 0
  }
}