{
  "name": "Wildwood Armor",
  "icon": "roots:wildwood_chestplate",
  "category": "crafting_armor_tools",
  "read_by_default": true,
  "pages": [
    {
      "type": "text",
      "text": "Hardy armor of living wildwood, imbued with the strength of diamond, this armor set automatically heals the wearer over time.$(br2)$(info) The amount of healing increases in frequency with the number of pieces worn.$(br2)$(info) It can be repaired with $(l:resources/bark#dark_oak)wildwood bark$()."
    },
    {
      "type": "fey_crafting_template",
      "recipe": "wildwood_helmet"
    },
    {
      "type": "fey_crafting_template",
      "recipe": "wildwood_chestplate"
    },
    {
      "type": "fey_crafting_template",
      "recipe": "wildwood_leggings"
    },
    {
      "type": "fey_crafting_template",
      "recipe": "wildwood_boots"
    },
    {
      "type": "relations",
      "anchor": "related",
      "entries": [
        "crafting/fey_crafter",
        "resources/wildwood"
      ]
    }
  ]
}