{
  "category": "hexalia:brewing",
  "name": "小型炼药锅",
  "icon": "hexalia:small_cauldron",
  "sortnum": 0,
  "pages": [
    {
      "type": "patchouli:crafting",
      "recipe": "hexalia:small_cauldron"
    },
    {
      "type": "patchouli:spotlight",
      "item": "hexalia:rustic_oven,minecraft:lava_bucket,minecraft:flint_and_steel,minecraft:campfire,minecraft:magma_block",
      "title": "热源方块",
      "text": "开始合成前，需在小型炼药锅的下方放置热源。$(br2)热源方块包括：岩浆块、熔岩、营火、火、灵魂火、灵魂营火、简易炉灶。"
    }
  ]
}