{
  "name": "基本原理",
  "icon": "reactive:scroll",
  "category": "reactive:intro",
  "turnin": "reactive:make_crucible",
  "priority": true,
  "pages": [
    {
      "type": "patchouli:text",
      "text": "炼金术（正式名称为“反应炼金术”）是探索隐藏于世界各处的各色$(l:reactive:intro/powers)炼金能量$()之技艺。$(br2)从魔咒的魔法力量，到末影人的瞬时移动，这些奇怪现象和特异事件在日常生活中随处可见，许多都是炼金能量所致。"
    },
    {
      "type": "patchouli:text",
      "text": "这些$(l:reactive:intro/powers)能量$()的真实本质是一种原始的本体论力，它与材料的相互作用依据材料性质而定。未处于特殊容器中时，这些能量便会迅速消解为各式粒子和效果。正因此，它们只能依存于特定物体。"
    },
    {
      "type": "patchouli:text",
      "text": "不过，漫长的历史中也曾出现过$(l:reactive:intro/powers)能量$()被释放后又会被另一材料捕获的设想。这一设想的确得以验证，$(thing)水溶液$(0)极其适合捕获能量。$(p)然而，能量只会在某些诱因作用下进入溶液，$(l:reactive:intro/crucible)坩埚$(/l)就能作为诱因。"
    },
    {
      "type": "patchouli:text",
      "text": "能量间的相互作用则由$(item)此世界独有的基本性质$(0)决定。这些性质又是由一个固定的数衍生而来，我将其称为$(item)炼金术种子$(0)。$(p)$(6)（如需更改炼金术种子，请查看服务端配置文件。）"
    },
    {
      "type": "patchouli:text",
      "text": "$(o)在继续后面的研究之前，你应该先制作一口坩埚。按照下列步骤操作：$(br2)用混有红石的发光墨水在白纸上抄录下页符号。我已把它转化成合成配方，以便操作。$(br2)然后将产物印至炼药锅即可。"
    },
    {
      "type": "patchouli:image",
      "images": ["reactive:textures/gui/scroll_glyph.png"]
    },
    {
      "type": "patchouli:crafting",
      "recipe": "reactive:alchemy_scroll_crafting",
      "text": "$(o)此配方即可制成所需卷轴。"
    },
    {
      "type": "patchouli:crafting",
      "recipe": "reactive:alchemy_scroll_alt_crafting",
      "text": "$(o)替代配方之一。"
    },
    {
      "type": "patchouli:crafting",
      "recipe": "reactive:alchemy_scroll_alt2_crafting",
      "text": "$(o)替代配方之二。"
    },
    {
      "type": "patchouli:text",
      "text": "$(o)这些符号的意义不重要。只需理解卷轴的力量并不来源于这些符记，而是一半来源于墨水的内在性质，一半来源于你。愿意花心思抄录这些符词，就是此后一切的开始。"
    }
  ],
  "extra_recipe_mappings": {
    "reactive:crucible": 4
  }
}