{
    "name": "青龙鱼" , 
    "icon": "untamedwilds:textures/icon/arowana/jardini.png" , 
    "category": "untamedwilds:arowana_category" , 
    "pages": [
        {
            "type": "text" , 
            "title": "青龙鱼" , 
            "text": "它还有很多常用的名字，包括northern saratoga, toga和尖吻鲈。($(o)not to be confused with the barramundi perch, Lates calcarifer).$(br2)它是骨舌鱼亚科的一员，一种($(o)基层的$())硬骨鱼类$(br2)它的学名有时被拼为S. jardini。"
        } , 
        {
            "type": "entity" , 
            "entity": "untamedwilds:arowana{Variant: 2, Size: 1}" , 
            "text": ""
        } , 
        {
            "type": "text" , 
            "title": "Jardini Arowana" , 
            "text": "相对大小：\u2605\u2605\u2605\u2606\u2606$(br2)始终活动$(br2)1种肤色$(br2)最喜欢的食物untamedwilds:chum$(br2)种类数量：4$(br2)成长时间：6天"
        }
    ]
}