{
  "name": "蜂蜡",
  "icon": "complicated_bees:beeswax",
  "category": "complicated_bees:bee_products",
  "advancement": "complicated_bees:apiary",
  "pages": [
    {
      "type": "patchouli:text",
      "text": "蜂蜡是蜜脾中最常见的组分。可以拿它涂到铜上以阻止其继续氧化，也可合成为多种装饰性方块。"
    },
    {
      "type": "patchouli:crafting",
      "recipe": "complicated_bees:wax_block"
    },
    {
      "type": "patchouli:smelting",
      "recipe": "complicated_bees:smooth_wax"
    },
    {
      "type": "patchouli:crafting",
      "recipe": "complicated_bees:wax_bricks"
    }
  ]
}