{
    "name": "刽子手袋狮" , 
    "icon": "untamedwilds:textures/icon/big_cat/marsupial_lion.png" , 
    "category": "untamedwilds:big_cat_category" ,
    "pages": [
        {
            "type": "text" , 
            "title": "刽子手袋狮" , 
            "text": "不同于袋狼，它是以草食性为主的袋熊亚目中的一员，与考拉和袋熊有亲缘关系。"
        } , 
        {
            "type": "entity" , 
            "entity": "untamedwilds:big_cat{Variant: 4, Size: 1}" , 
            "text": ""
        } , 
        {
            "type": "text" , 
            "title": "刽子手袋狮" , 
            "text": "相对大小：\u2605\u2605\u2606\u2606\u2606$(br2)夜间活动$(br2)1中肤色$(br2)最喜欢的食物：minecraft:chicken$(br2)种类数量：1$(br2)成长时间：6天"
        }
    ]
}