{
  "name": "吹风机",
  "icon": "compressedcreativity:air_blower",
  "category": "pneumaticcraft:machines",
  "advancement": "pneumaticcraft:pressure_tube",
  "pages": [
    {
      "type": "patchouli:text",
      "text": "$(item)吹风机$()是使用压缩空气制造气流的机器，与$(item)鼓风机$()类似。"
    },
    {
      "type": "patchouli:crafting",
      "recipe": "compressedcreativity:crafting/air_blower",
      "text": "$(item)吹风机$()的合成表"
    }
  ]
}