{
  "name": "压缩空气引擎",
  "icon": "compressedcreativity:compressed_air_engine",
  "category": "pneumaticcraft:machines",
  "advancement": "pneumaticcraft:pressure_tube",
  "pages": [
    {
      "type": "patchouli:text",
      "text": "$(item)压缩空气引擎$()是使用压缩空气产生旋转力的机器。它会无视压力和工作状态消耗压缩空气，请务必注意其是否在浪费！"
    },
    {
      "type": "patchouli:crafting",
      "recipe": "compressedcreativity:crafting/compressed_air_engine",
      "text": "$(item)压缩空气引擎$()的合成表"
    }
  ]
}
