{
    "name": "尖翅燕鱼" , 
    "icon": "untamedwilds:textures/icon/spadefish/teira.png" , 
    "category": "untamedwilds:spadefish_category" , 
    "pages": [
        {
            "type": "text" , 
            "title": "尖翅燕鱼" , 
            "text": "Platax teira, also known as the teira batfish, longfin batfish, longfin spadefish, or round faced batfish是一种产于印度-西太平洋的鱼。$(br2)它偶尔会进入到水族生物商铺中。$(br2)它能生长到60厘米($(o)24英寸$())长。"
        } , 
        {
            "type": "entity" , 
            "entity": "untamedwilds:spadefish{Variant: 3, Size: 1}" , 
            "text": ""
        } , 
        {
            "type": "text" , 
            "title": "尖翅燕鱼" , 
            "text": "相对大小：\u2605\u2605\u2605\u2606\u2606$(br2)始终活动$(br2)1种肤色$(br2)最喜欢的食物：minecraft:sea_grass$(br2)种类数量：4$(br2)成长时间：无天数"
        }
    ]
}