{
  "name": "末影自动机械核心",
  "icon": "advancedperipherals:end_automata_core",
  "category": "advancedperipherals:metaphysics",
  "advancement": "advancedperipherals:weak_automata_core",
  "pages": [
    {
      "type": "spotlight",
      "title": "末影自动机械核心",
      "item": "advancedperipherals:end_automata_core",
      "text": "在吸收了10个末影人之后，弱自动机械核心将会转化为末影自动机械核心！$(p)看上去，除了让弱自动机械核心成为更强大的变种之外，这种灵魂也为海龟自身提供了一些有限的传送能力。"
    },
    {
      "type": "link",
      "text": "除了弱自动机械核心的能力之外，这种灵魂让海龟能够在世界范围内进行有限的传送。似乎你需要先存储传送点，然后再传送到它们那里！$(p)但是要注意，在海龟损坏以后所有传送点将会丢失。",
      "url": "https://docs.intelligence-modding.de/turtles/metaphysics/end_automata/",
      "link_text": "API文档"
    }
  ]
}
