{
  "name": "弱自动机械核心",
  "icon": "advancedperipherals:weak_automata_core",
  "category": "advancedperipherals:metaphysics",
  "pages": [
    {
      "type": "spotlight",
      "title": "弱自动机械核心",
      "item": "advancedperipherals:weak_automata_core",
      "text": "弱自动机械核心是一个海龟升级，让你能把海龟变成强大的自动机械！"
    },
    {
      "type": "crafting",
      "recipe": "advancedperipherals:weak_automata_core"
    },
    {
      "type": "link",
      "text": "它给海龟提供了一些能力：$(li)使用工具挖掘方块$(li)空手或使用物品点击方块$(li)吸取周围的物体，可以是全部或是指定的$(li)探测周围物体$(li)探测视野内的方块或海龟$(li)用物品栏中的RF容器给海龟充电",
      "url": "https://docs.intelligence-modding.de/turtles/metaphysics/weak_automata/",
      "link_text": "API文档"
    },
    {
      "type": "text",
      "text": "但弱自动机械核心仅仅是玄学研究的起点！空的结构已准备好接收动物的灵魂碎片。看上去，你需尝试用不同动物的灵魂饲喂它以获取其高级变种。$(li)$(l:metaphysics/end_automata_core)末影自动机械核心$(li)$(l:metaphysics/husbandry_automata_core)养殖自动机械核心"
    }
  ]
}
