{
  "name": "有关悦灵的研究",
  "icon": "reactive:soul_bottle",
  "category": "reactive:objects_of_study",
  "advancement": "reactive:see_allay_summon",
  "pages": [
    {
      "type": "patchouli:text",
      "text": "$(1)我成功了！我面前出现了一个灵体⸺！它看上去⋯⋯是善良的？甚至能算友好？不过我期待的是宏伟壮观的事物⋯⋯$(p)好吧，现实总不尽人意。"
    },
    {
      "type": "patchouli:text",
      "text": "$(1)它发出的怪异蓝色荧光让我的皮肤有点刺痒，和原始灵魂能量的效果一样。徽记没有太大用处，但必然有方式让它献出那些能量。"
    },
    {
      "type": "patchouli:text",
      "text": "$(1)更新1：$(p)这个生物今天跟着我走遍了城镇广场⸺它似乎对我有种喜好。它一开始比较胆怯，但看到我与镇民的交谈后就好像有了些勇气。"
    },
    {
      "type": "patchouli:text",
      "text": "$(1)更新2：$(p)这个生物有捡起散落物品的喜好。不幸的是，它带给我还在测量过程中的石蕊试纸的时候，我才发现这一点。但我狠不下心惩罚它，于是我重做了实验。"
    },
    {
      "type": "patchouli:text",
      "text": "$(1)更新3：$(p)这个生物说了一个词：“悦灵”。这个词的意义是舒缓，“轻心”。这是它的名字，还是说它在请求我的帮助？我注意到它在我的反应物箱子旁边徘徊⋯⋯"
    },
    {
      "type": "patchouli:text",
      "text": "$(1)更新4：$(p)悦灵很喜欢紫水晶碎片。它拿上一块碎片后，就开始四处飘动，像是在寻找东西。它最后停在了我的旧唱片机上看向了我，仿佛在等待着什么。"
    },
    {
      "type": "patchouli:text",
      "text": "$(1)更新5：$(p)悦灵手持紫水晶碎片时会在音乐中复制自身。我是在和悦灵玩一种简单的投接碎片“游戏”的时候发现的。$(p)这么说可能会带点拟人手法，但悦灵似乎很感恩。"
    },
    {
      "type": "patchouli:text",
      "text": "$(1)更新6：$(p)我昨晚把我的空石英瓶留在了外面，而我来取的时候，瓶子却正在悦灵的手中⸺并且不知怎的，充满了灵魂能量。这是悦灵的感激吗⋯⋯？"
    }
  ]
}
