{
  "name": "海洋的能量",
  "icon": "minecraft:heart_of_the_sea",
  "category": "reactive:objects_of_study",
  "advancement": "reactive:make_crucible",
  "pages": [
    {
      "type": "patchouli:text",
      "text": "我曾听说过有人在远洋中发现了一个$(thing)强大的物件$(0)。事实的确如此，我的同事将其描述为$(thing)一个含有极大量能量的球体$(0)。$(br2)遗憾的是，我还没能获得一个，这种物品必然大大有利于炼金师职业能力的发展。"
    },
    {
      "type": "patchouli:text",
      "text": "前文增补：我取得了考察所谓“$(item)海洋之心$(0)”的机会。然而，它的惰性和$(item)青金石$(0)没什么区别！这可真是个大名鼎鼎的魔法物件。$(p)我认为这种材料毫无用处。"
    },
    {
      "type": "patchouli:text",
      "text": "最终增补：我读到由$(item)鹦鹉螺壳$(0)和$(thing)海晶石$(0)组成的结构才能释放出海洋之心的真正能量。如果属实，它有可能会常态散发出能量，和$(item)嵌座烈焰棒$(0)一样。但是，我还没能找到这种螺壳，谜团还会留存下去⋯⋯"
    }
  ]
}