{
  "name": "粉笔环",
  "icon": "scriptor:chalk",
  "category": "scriptor:casting",
  "pages": [
    {
      "type": "patchouli:text",
      "text": [
        "粉笔环是一种单次使用的施法方式，能够廉价施放大型法术，",
        "不过需要预先做好充足的准备。",
        "$(br)",
        "虽然名字是这么叫，但粉笔环不一定是一个环！",
        "$(br2)",
        "合成方法有关信息请见$(l:crafting/chalk)合成条目$(/l)。"
      ]
    },
    {
      "type": "patchouli:text",
      "text": [
        "右击时，粉笔痕会尝试从右击处开始至所有链的结尾处施法法术。",
        "$(br)",
        "粉笔环的施法消耗上限是",
        "$(l:casting/lecterns)讲台(/l)的十倍。",
        "$(br)",
        "施放后，环中所有的粉笔痕都会消失。"
      ]
    },
    {
      "type": "patchouli:relations",
      "title": "Related",
      "entries": [
        "scriptor:crafting/chalk",
        "scriptor:casting/lecterns"
      ],
      "text": "也请看看本页的这些链接！"
    }
  ]
}