{
  "name": "法术书",
  "icon": "scriptor:spellbook",
  "category": "scriptor:casting",
  "pages": [
    {
      "type": "patchouli:text",
      "text": [
        "法术书是大多数字符魔法师（和言词魔法师）施法的首选。",
        "$(br2)",
        "法术书的优点有很多，可以概括为高效率和便捷性。",
        "$(br)",
        "人类使用法术书施法时，默认状况下法术的冷却时间",
        "仅是念咒施法的 70%。"
      ]
    },
    {
      "type": "patchouli:text",
      "text": [
        "而且，施法时也不再需要所有单词都念一遍了。",
        "这算是一项明显的优点。"
      ]
    },
    {
      "type": "patchouli:text",
      "text": [
        "不过虽然有上面这些优点，法术书有一个重大缺点：",
        "$(br)",
        "$(#ff0000)它们不可更改$()",
        "$(br2)",
        "每本法术书的制造都需要消耗资源，还需要你亲自写书并为其署名。",
        "Since this takes more time and resources, and is less flexible, some mages prefer to ",
        "only write down their favorites, and craft spells on the fly to match other situations."
      ]
    },
    {
      "type": "patchouli:relations",
      "title": "合成",
      "entries": [
        "scriptor:crafting/books",
        "scriptor:crafting/obfuscation"
      ],
      "text": "合成与定制法术书的更多信息请见上方条目。"
    }
  ]
}