{
  "name": "念咒施法",
  "icon": "minecraft:paper",
  "category": "scriptor:casting",
  "pages": [
    {
      "type": "patchouli:text",
      "text": [
        "在法术书普及开来之前，施法方式主要有一种：",
        "$(br)",
        "那就是$(l)念咒施法$()！",
        "$(br2)",
        "这也许称得上是最直接的施法方式：",
        "在聊天框内打出整句咒语即可。"
      ]
    },
    {
      "type": "patchouli:text",
      "text": [
        "念咒施法有其长处，也有其短处。",
        "$(br2)",
        "最为明显的长处便是其灵活性，这种施法不受",
        "法术书和其上咒语的限制。",
        "测试法术时，或是使用还需微调精校的法术时，",
        "可以考虑采用念咒施法的方式，这样就不会产出满坑满谷的书了。"
      ]
    },
    {
      "type": "patchouli:text",
      "text": [
        "还有一项没那么明显的长处：念咒施放的法术$(o)严谨说来$()没有",
        "任何种类的施法消耗限制。",
        "不过，这么说会有些误导性。",
        "$(br2)",
        "这种方法有明显的长处，也就有明显的短处：",
        "$(br)",
        "每次施法必需完整打出（或者粘贴）整句咒语。"
      ]
    },
    {
      "type": "patchouli:text",
      "text": [
        "短处还没有列举完。",
        "念咒施放后依然存在冷却时间，并且远长于",
        "法术书施法的冷却。",
        "$(br2)",
        "此外，虽然法术消耗没有限制，但施放高消耗的法术会对你的健康造成极其严重的影响，",
        "体力衰竭，饥饿难耐，甚至有可能直接造成伤害。",
        "一定要小心！"
      ]
    }
  ]
}