{
    "name": "翻车鱼" , 
    "icon": "untamedwilds:textures/icon/sunfish/sunfish.png" , 
    "category": "untamedwilds:sunfish_category" , 
    "pages": [
        {
            "type": "text" , 
            "title": "翻车鱼" , 
            "text": "成体的体重通常在247到2000千克($(o)545到4409磅)之间。$(br2)该物种原产于世界各地的热带和温带水域。$(br2)它就像一个有尾巴的鱼头，主体呈横向扁平。"
        } , 
        {
            "type": "entity" , 
            "entity": "untamedwilds:sunfish{Variant: 0, Size: 1}" , 
            "text": ""
        } , 
        {
            "type": "text" , 
            "title": "翻车鱼" , 
            "text": "相对大小：\u2605\u2605\u2605\u2606\u2606$(br2)始终活动$(br2)1种肤色$(br2)最喜欢的食物：untamedwilds:chum$(br2)种类数量：5$(br2)成长时间：6天"
        }
    ]
}