{
	"name": "MKII机器",
	"category": "assemblylinemachines:blocks",
	"icon": "assemblylinemachines:mkii_furnace",
	"pages":[
		{
			"type": "text",
			"text": "当普通机器无法满足你的需求时，试试$(2)MKII机器$()。这些出色的机器在原本的基础上获得了如下提升：$(li)双倍的升级槽，总共有6个！$(li)更快的处理速度！$(li)两个同时工作的通道！$(li)并且还有更多内容！$(br)但是，不要就这么相信我的话："
		},
		{
			"type": "image",
			"images":[
				"assemblylinemachines:textures/gui/patchouli/villager_sponsorship.png"
			],
			"title": "热情赞助",
			"border": true,
			"text": "$(7)$(o)\"哼？哼！嗯！嗯。嗯！\"$(br)~ 无业游民 #137,549"
		},
		{
			"type": "crafting",
			"recipe": "assemblylinemachines:crafting/mkii_alloy_smelter",
			"recipe2": "assemblylinemachines:crafting/mkii_fluid_mixer"
		},
		{
			"type": "crafting",
			"recipe": "assemblylinemachines:crafting/mkii_furnace",
			"recipe2": "assemblylinemachines:crafting/mkii_purifier"
		},
		{
			"type": "crafting",
			"recipe": "assemblylinemachines:crafting/mkii_pneumatic_compressor",
			"title": "MKII气动压缩机",
			"text": "MKII气动压缩机有一个特性，它的内部存储了所有可用的模具，可以简单快速地热插拔。"
		},
		{
			"type": "crafting",
			"recipe": "assemblylinemachines:crafting/mkii_grinder",
			"text": "如果一个配方有一定概率使产物翻倍，MKII磨粉机会将这个概率翻倍。打个比方，一个磨粉机的配方有25%概率使产物翻倍，在MKII磨粉机中这个概率会变为50%。"
		},
		{
			"type": "crafting",
			"recipe": "assemblylinemachines:crafting/mkii_lumber_mill",
			"text": "通常来说，MKII磨粉机会使锯末的产量翻倍。例如诡异锯末的产出概率为10%，那么在这个机器中将会提升到$(6)20%$()。"
		},
		{
			"type": "relations",
			"entries":[
				"assemblylinemachines:items/upgrade_kits"
			],
			"title": "原地升级",
			"text": "合成并不是将机器升级到MKII的唯一方式。阅读并了解如何使用$(1)MKII升级套件$()以便你在不移除方块的情况下升级你的机器。"
		}
	]
}