{
  "name": "苍穹晶镐",
  "sortnum": 14,
  "category": "justdirethings:tools",
  "icon": "justdirethings:celestigem_pickaxe[justdirethings:forge_energy=10000]",
  "pages": [
    {
      "type": "patchouli:text",
      "text": "为$(l:justdirethings:tool_blazegold_pickaxe)烈焰金镐$(/l)加上了 FE 存储功能，此工具最多可容纳 10,000FE。长时间使用时，需配用$(l:justdirethings:item_pocket_generator)便携发电器$(/l)充能。"
    },
    {
      "type": "patchouli:crafting",
      "recipe": "justdirethings:celestigem_pickaxe",
      "text": "苍穹晶镐的配方"
    }
  ]
}
