{
  "name": "Elder",
  "category": "trees",
  "icon": "bewitchment:elder_sapling",
  "pages": [
	{
	  "type": "text",
	  "title": "Elder",
	  "text": "接骨木是一种在茂密的森林中常见的树，包括常见的森林和桦树森林。这棵树与智慧有关，树苗产生智慧液滴。用这棵树的木头制作的扫帚是最快的。这棵树也会结出一些甜美多汁的浆果，你的父亲曾经闻到过它们散发出来的甜香。"
	},
	{
	  "type": "image",
	  "images": [
		"bewitchment:textures/gui/patchouli/elder.png"
	  ],
	  "border": true
	}
  ]
}
