{
	"name": "原始时代",
	"category": "assemblylinemachines:walkthrough",
	"icon": "assemblylinemachines:fluid_bath",
	"pages":[
		{
			"type": "text",
			"text": "欢迎来到装配线。$(p)你所需要做的第一件事就是拿起你的铁镐深入地下冒险寻找钛矿。这种矿石比较稀有，在世界中极深的地方发现，甚至会出现在熔岩池下。$(7)$(p)译者注：此处描述可能并不准确，但原文确是如此。"
		},
		{
			"type": "image",
			"images":[
				"assemblylinemachines:textures/gui/patchouli/titanium_example.png"
			],
			"border": true
		},
		{
			"type": "text",
			"text": "你的第一个配方将是$(item)液缸$()。依靠它，你可以制作许多配方。$(p)这些配方需要两个物品以及一些液体，并且会产出一个不同的物品。此外，你还需要使用$(item)搅拌棒$()去搅拌它。$(p)液缸支持水和熔岩，但是$(item)木搅拌棒$()只能完成包含水的配方。"
		},
		{
			"type": "crafting",
			"recipe": "assemblylinemachines:crafting/wooden_stirring_stick",
			"recipe2": "assemblylinemachines:crafting/fluid_bath",
			"title": "液缸"
		},
		{
			"type": "text",
			"text": "尝试将液缸中的沙砾和沙子与水混合以得到$(item)淤泥$()。配方完成后将会改变颜色！然后就可以开始搅拌了。$(c)错误的配方会变成黑色。SHIFT并右键可以清除它。$(thing)你可以通过这种方式获得污泥！$()$(p)你需要12个淤泥以发展后续。当你制作完成后，你可以制作淤泥砖以及手工操作的磨石。"
		},
		{
			"type": "crafting",
			"recipe": "assemblylinemachines:crafting/silt/smooth_silt",
			"recipe2": "assemblylinemachines:crafting/silt/silt_brick"
		},
		{
			"type": "crafting",
			"recipe": "assemblylinemachines:crafting/hand_grinder",
			"recipe2": "assemblylinemachines:crafting/titanium_blade_piece",
			"text": "你还需要三个$(item)钛刀片碎片..."
		},
		{
			"type": "crafting",
			"recipe": "assemblylinemachines:crafting/titanium_blade",
			"text": "...然后你能制作$(item)钛刀片$()！$(p)放下手工磨石，手持钛刀片右键安装它！"
		},
		{
			"type": "text",
			"text": "现在你有了磨石，可以粉碎材料了。你需要粉碎铁和金（矿物或者锭）以制作$(thing)矿物粉$()。将它与淤泥和水在液缸中混合，然后搅拌，你将获得$(thing)矿物淤泥$()。最后，冶炼这个矿物淤泥以获得$(item)纯金属锭$()！$(p)你也可以直接冶炼矿物粉以达成$(6)矿物翻倍$()!"
		},
		{
			"type": "smelting",
			"recipe": "assemblylinemachines:smelting/silt/silt_iron",
			"recipe2": "assemblylinemachines:smelting/silt/silt_gold",
			"title": "矿物淤泥",
			"text": "$(o)$(7)这个过程也适用于钛，但这对该阶段的进度来说是非必要的。"
		},
		{
			"type": "crafting",
			"recipe": "assemblylinemachines:crafting/pure_iron_stirring_stick",
			"title": "金属搅拌棒",
			"text": "将钛刀片碎片与纯金在熔岩中混合，用$(thing)纯铁搅拌棒$()搅拌，然后获得一个$(item)纯金镀层刀片碎片$()。"
		},
		{
			"type": "crafting",
			"recipe": "assemblylinemachines:crafting/pure_gold_blade",
			"text": "这个更强的刀片可以在磨石上处理煤得到$(item)煤粉$()！$(p)$(7)$(o)你可以SHIFT并右键移除已安装的刀片。"
		},
		{
			"type": "spotlight",
			"item": "assemblylinemachines:steel_ingot",
			"title": "钢",
			"link_recipe": true,
			"text": "将煤粉或木炭粉与铁粉在液缸中与熔岩搅拌，你将得到$(item)钢锭$()！$(p)这标志着原始时代的结束。步入$(l:age2)曲柄时代$() 继续发展吧！"
		},
		{
			"type": "crafting",
			"recipe": "assemblylinemachines:crafting/steel_stirring_stick",
			"recipe2": "assemblylinemachines:crafting/steel_blade"
		}
		
	],
	"sortnum": 1,
	"read_by_default": true
}