{
  "name": "无限水晶",
  "icon": "arsomega:infinity_crystal",
  "category": "arsomega:arcane_phenomena",
  "pages": [
    {
      "type": "text",
      "text": "世界上某些位置的环境魔源极为丰沛。这些魔源会缓慢地结为水晶。它们与魔源罐功能类似，但无法被移动，且会不断从环境中抽取更多魔源。"
    },
    {
      "type": "spotlight",
      "item": "arsomega:infinity_crystal",
      "text": "巫师们通常会在无限水晶旁建家，是因为看中其便于自动化的潜能。"
    }
  ]
}