{
  "__comment__": "This file was automatically created by mcresources",
  "name": "石英",
  "category": "tfc_ie_addon:tfc_ie_changes",
  "icon": "tfc_ie_addon:mineral/quartz_shard",
  "pages": [
    {
      "type": "patchouli:spotlight",
      "item": "tfc_ie_addon:mineral/quartz_shard",
      "title": "石英",
      "link_recipes": false,
      "text": "你不能再访问下界了，但你仍然需要一些石英用于电子产品？没问题！现在你可以在群峦主世界$(thing)石英晶洞$()中找到，里面会包含$(thing)石英块$()和$(thing)石英簇$()！它可以帮助制作沉浸工程的电子产品！"
    },
    {
      "type": "patchouli:multiblock",
      "multiblock": {
        "pattern": [
          [
            "   ",
            " Q ",
            "   "
          ],
          [
            "   ",
            " 0 ",
            "   "
          ]
        ],
        "mapping": {
          "Q": "tfc_ie_addon:mineral/quartz_cluster",
          "0": "tfc_ie_addon:mineral/budding_quartz"
        }
      },
      "name": "石英簇",
      "text": "请记住，随着时间的推移，$(thing)萌芽的石英块$()可以产生更多的$(thing)石英簇$()。",
      "enable_visualize": false
    }
  ],
  "read_by_default": true,
  "sortnum": 7,
  "extra_recipe_mappings": {
    "tfc_ie_addon:mineral/quartz_shard": 0,
    "tfc_ie_addon:mineral/quartz_block": 0
  }
}