
{
  "processor": "epicsquid.roots.integration.patchouli.RitualCraftingRecipeProcessor",
  "components": [
    {
      "type": "item",
      "item": "#item1",
      "framed": false,
      "x": 46,
      "y": 18
    },
    {
      "type": "item",
      "item": "#item2",
      "framed": false,
      "x": 71,
      "y": 39
    },
    {
      "type": "item",
      "item": "#item3",
      "framed": false,
      "x": 21,
      "y": 39
    },
    {
      "type": "item",
      "item": "#item4",
      "framed": false,
      "x": 27,
      "y": 72
    },
    {
      "type": "item",
      "item": "#item5",
      "framed": false,
      "x": 67,
      "y": 72
    },
    {
      "type": "item",
      "item": "#result",
      "link_recipe": true,
      "framed": false,
      "x": 46,
      "y": 131
    },
    {
      "type": "image",
      "image": "roots:textures/gui/patchouli/elements.png",
      "x": 16,
      "y": 14,
      "u": 0,
      "v": 93,
      "width": 76,
      "height": 137
    },
    {
      "type": "header",
      "text": "柴堆仪式",
      "x": -1,
      "y": 0
    }
  ]
}