{
  "name": "风力发电机",
  "icon": "industrialrenewal:small_wind_blade",
  "category": "industrialrenewal:large_machines_category",
  "pages": [
    {
      "type": "patchouli:text",
      "text": "风力发电机是由风力涡轮机支柱、风力涡轮机(头部)与风力发电机叶片组成的多方块结构，它每tick最多可以发电128RF(默认情况)。$(br2)手持叶片右键单击涡轮机头部即可安装叶片。$(br)每隔一段时间叶片都会产生损伤，附魔对此无效。"
    }
  ]
}