{
    "name": "鳞砗磲" , 
    "icon": "untamedwilds:textures/icon/giant_clam/squamosa.png" , 
    "category": "untamedwilds:giant_clam_category" ,
    "pages": [
        {
            "type": "text" , 
            "title": "鳞砗磲" , 
            "text": "其外套膜正常情况下以从棕色和紫色到绿色和黄色的颜色排列成细长的线性或斑点状图案。$(br2)鳞砗磲的直径可达40厘米($(o)16英寸$())。"
        } , 
        {
            "type": "entity" , 
            "entity": "untamedwilds:giant_clam{Variant: 3, Size: 1}" , 
            "text": ""
        } , 
        {
            "type": "text" , 
            "title": "鳞砗磲" , 
            "text": "相对大小：\u2605\u2605\u2606\u2606\u2606$(br2)始终活动$(br2)1种肤色$(br2)最喜欢的食物：无$(br2)种类数量：4$(br2)成长时间：6天"
        }
    ]
}