{
  "name": "支持本Mod",
  "icon": "terramity:crystal_heart",
  "category": "terramity:overview",
  "pages": [
    {
      "type": "patchouli:link",
      "text": "截至这个版本的mod，我没有办法让你真正支持我。所以，如果你很想支持我，可以订阅我的youtube频道。",
	  "url": "https://youtube.com/@aurukel?si=5aYWOyF5wsv-Liti",
	  "link_text": "Youtube Channel"
    },
	{
      "type": "patchouli:image",
      "images": ["terramity:textures/screens/awesome_chiaotzu.png"],
      "border": true
    }
  ]
}