{
  "name": "金沫",
  "icon": "reactive:gold_foam",
  "category": "reactive:items",
  "advancement": "reactive:see_synthesis",
  "pages": [
    {
      "type": "patchouli:spotlight",
      "item": "reactive:gold_foam",
      "text": "这种材料是个谜：贵金属转变为一种充气的、滑润的泡沫类物质。$(br2)由于其本性湿软，它会限制跳跃高度。$(br2)$(l:reactive:intro/synthesis)隐秘能量$(/l)之一可能会在$(4)金徽记$(0)的影响下产生这种材料。"
    }
  ],
  "extra_recipe_mappings": {
    "reactive:gold_foam": 0
  }
}
