{
  "name": "蒸汽锅炉",
  "icon": "industrialrenewal:steam_boiler",
  "category": "industrialrenewal:large_machines_category",
  "pages": [
    {
      "type": "patchouli:text",
      "text": "一台燃烧燃料，加热水并产出蒸汽的大型机械。$(br2)手持固体或液体燃料燃烧室右键点击锅炉以指定燃料类型。"
    },
    {
      "type": "patchouli:text",
      "text": "温度达到100°C时将会开始产出蒸汽，温度高于100°C时，蒸汽产量正比于温度。当温度达到320°C时锅炉达到100%效率(78水->390蒸汽)，160°C时为50%效率(39水->195蒸汽)。"
    }
  ]
}