{
	"name": "新星钢工具",
	"category": "assemblylinemachines:items",
	"icon": "assemblylinemachines:novasteel_pickaxe",
	"pages":[
		{
			"type": "text",
			"text": "新星钢工具，就像$(l:mystium_tools)秘稀工具$(/l)一样拥有额外技能，但是这些是加强型，比原先更加强大。"
		},
		{
			"type": "spotlight",
			"item": "assemblylinemachines:graphene_ingot",
			"link_recipe": true,
			"text": "$(item)石墨烯锭$()是制作新星钢工具需要用到的一种合金。$(p)首先，你需要制造液态碳。将一份煤炭和$(9)1000mB水$()放入精炼厂可以制作100mB液态碳。然后，你需要将$(b)钻石粉$()和4000mB液态碳通入加成反应精炼厂以制作一个石墨烯锭。"
		},
		{
			"type": "spotlight",
			"item": "assemblylinemachines:graphene_rod",
			"link_recipe": true,
			"text": "接下来，你需要将石墨烯锭加工为$(item)石墨烯棒$()。它只能在$(l:blocks/standard_machines#pneumaticcompressor)气动压缩机$()中制造。这些棒用来充当新星钢工具的手柄。"
		},
		{
			"type": "crafting",
			"recipe": "assemblylinemachines:crafting/tools/novasteel/novasteel_pickaxe",
			"text": "镐的$(3)额外技能$()是在5x5范围内挖掘，可以让只用四分之一的时间完成大量挖掘。"
		},
		{
			"type": "crafting",
			"recipe": "assemblylinemachines:crafting/tools/novasteel/novasteel_shovel",
			"text": "锹的$(3)额外技能$()是在3x3x5范围内挖掘泥土，能够让你进行更大规模的地形塑造。"
		},
		{
			"type": "crafting",
			"recipe": "assemblylinemachines:crafting/tools/novasteel/novasteel_sword",
			"text": "剑的$(3)额外技能$()是捕获并绑定一个$(l:blocks/mob_farming#mobcrystal)惰性生物水晶$()，不同的是它的概率是秘稀剑的2.5倍。"
		},
		{
			"type": "crafting",
			"recipe": "assemblylinemachines:crafting/tools/novasteel/novasteel_axe",
			"text": "斧的$(3)额外技能$()是砍伐一整棵树的树干，能够更快地砍伐森林。"
		},
		{
			"type": "crafting",
			"recipe": "assemblylinemachines:crafting/tools/novasteel/novasteel_hoe",
			"text": "锄的$(3)额外技能$()是创造$(item)新星耕地$()，它和$(l:items/mystium_tools#mystiumhoe)秘稀耕地$(/l)类似，但不会随着时间而耗尽。"
		}
	]
}