{
  "name": "虚炎燃液",
  "sortnum": 28,
  "category": "justdirethings:resources",
  "icon": "justdirethings:refined_t3_fluid_bucket",
  "pages": [
    {
      "type": "patchouli:text",
      "text": "虚炎燃液由未精炼的虚炎燃液加工而来。首先，向$(l:justdirethings:res_refined_fuel_t2)烈焰烬质$(/l)中投入$(l:justdirethings:res_coal_t3)虚炎煤炭$(/l)。然后，令所得流体与虚空辉凝胶接触，进行精炼。此燃液的能量产出高于前代燃液，每刻产能速度和总产能都得到了大幅提升。"
    },
    {
      "type": "patchouli:text",
      "text": "虚炎燃液是一种高效的燃料，可在$(l:justdirethings:mach_generatorfluidt1)燃液发电器$(/l)中用于产生能量。"
    }
  ]
}
