{
  "__comment__": "This file was automatically created by mcresources",
  "name": "蓝图配方",
  "category": "tfc_ie_addon:tfc_ie_changes",
  "icon": "immersiveengineering:blueprint",
  "pages": [
    {
      "type": "patchouli:text",
      "text": "由于群峦世界不提供村庄生产，你将无法遇到可以卖给你一些蓝图的村民。因此，你现在可以在工作台上制作它了！这会有点困难，但这是值得的。"
    },
    {
      "type": "patchouli:crafting",
      "recipe": "tfc_ie_addon:crafting/blueprint_electrode",
      "recipe2": "tfc_ie_addon:crafting/blueprint_special_bullet"
    }
  ],
  "read_by_default": true,
  "sortnum": 4
}