{
  "name": "巨化状态",
  "icon": "arcanuscontinuum:textures/spell_components/effects/colored/enlarge_effect.png",
  "category": "arcanuscontinuum:spellcraft",
  "sortnum": 307,
  "flag": "mod:pehkui",
  "advancement": "arcanuscontinuum:arcane/wizard_level_9",
  "pages": [
    {
      "type": "patchouli:text",
      "text": "重量：无$(br)魔力消耗：5$(br)冷却时长：0秒$(br2)描述$(br)使目标进入短暂的巨化状态。链式该效果会使持续时间更久。"
    },
    {
      "type": "patchouli:image",
      "border": true,
      "images": [
        "arcanuscontinuum:textures/gui/patchouli/entries/effects/enlarge_effect.png"
      ]
    }
  ]
}
