{
    "name": "褐拟鳞鲀" , 
    "icon": "untamedwilds:textures/icon/triggerfish/titan.png" , 
    "category": "untamedwilds:triggerfish_category" , 
    "pages": [
        {
            "type": "text" , 
            "title": "褐拟鳞鲀" , 
            "text": ""
        } , 
        {
            "type": "entity" , 
            "entity": "untamedwilds:triggerfish{Variant: 6, Size: 1}" , 
            "text": ""
        } , 
        {
            "type": "text" , 
            "title": "褐拟鳞鲀" , 
            "text": "相对大小：\u2605\u2605\u2605\u2606\u2606$(br2)始终活动$(br2)1种肤色$(br2)最喜欢的食物：untamedwilds:chum$(br2)种类数量：4$(br2)成长时间：6天"
        }
    ]
}