{
  "name": "item.ars_instrumentum.wizards_armarium",
  "category": "ars_nouveau:equipment",
  "icon": "ars_instrumentum:wizards_armarium",
  "pages": [
    {
      "text": "巫师总是居安思危，未雨绸缪。而巫师兵械库就如随行衣橱，穿上它后你就能来回切换共计3套盔甲和快捷栏配置。手持其潜行右击，即可启用或禁用快捷栏切换功能。此功能的启用禁用过程会使其中物品掉落出来。",
      "type": "patchouli:text"
    },
    {
      "type": "ars_nouveau:apparatus_recipe",
      "recipe": "ars_instrumentum:apparatus/wizards_armarium"
    }
  ]
}